x-axis,2
second,Volt
 -1.000000000000e-03,  1.05276e+01
 -9.989583337500e-04,  1.05276e+01
 -9.979166675000e-04,  1.05528e+01
 -9.968750012500e-04,  1.05528e+01
 -9.958333350000e-04,  1.05779e+01
 -9.947916687500e-04,  1.05528e+01
 -9.937500025000e-04,  1.05779e+01
 -9.927083362500e-04,  1.05779e+01
 -9.916666700000e-04,  1.06030e+01
 -9.906250037500e-04,  1.06281e+01
 -9.895833375000e-04,  1.06030e+01
 -9.885416712500e-04,  1.06030e+01
 -9.875000050000e-04,  1.06281e+01
 -9.864583387500e-04,  1.06030e+01
 -9.854166725000e-04,  1.06281e+01
 -9.843750062500e-04,  1.06281e+01
 -9.833333400000e-04,  1.06281e+01
 -9.822916737500e-04,  1.06281e+01
 -9.812500075000e-04,  1.06030e+01
 -9.802083412500e-04,  1.06281e+01
 -9.791666750000e-04,  1.06281e+01
 -9.781250087500e-04,  1.06533e+01
 -9.770833425000e-04,  1.06281e+01
 -9.760416762500e-04,  1.06281e+01
 -9.750000100000e-04,  1.06281e+01
 -9.739583437500e-04,  1.06281e+01
 -9.729166775000e-04,  1.06281e+01
 -9.718750112500e-04,  1.06281e+01
 -9.708333450000e-04,  1.06281e+01
 -9.697916787500e-04,  1.06281e+01
 -9.687500125000e-04,  1.06281e+01
 -9.677083462500e-04,  1.06030e+01
 -9.666666800000e-04,  1.06030e+01
 -9.656250137500e-04,  1.06030e+01
 -9.645833475000e-04,  1.06030e+01
 -9.635416812500e-04,  1.05779e+01
 -9.625000150000e-04,  1.05779e+01
 -9.614583487500e-04,  1.05779e+01
 -9.604166825000e-04,  1.05528e+01
 -9.593750162500e-04,  1.05276e+01
 -9.583333500000e-04,  1.05276e+01
 -9.572916837500e-04,  1.05276e+01
 -9.562500175000e-04,  1.05276e+01
 -9.552083512500e-04,  1.04774e+01
 -9.541666850000e-04,  1.05025e+01
 -9.531250187500e-04,  1.04774e+01
 -9.520833525000e-04,  1.04774e+01
 -9.510416862500e-04,  1.04523e+01
 -9.500000200000e-04,  1.04523e+01
 -9.489583537500e-04,  1.04523e+01
 -9.479166875000e-04,  1.04271e+01
 -9.468750212500e-04,  1.04020e+01
 -9.458333550000e-04,  1.04271e+01
 -9.447916887500e-04,  1.04020e+01
 -9.437500225000e-04,  1.03769e+01
 -9.427083562500e-04,  1.03518e+01
 -9.416666900000e-04,  1.03518e+01
 -9.406250237500e-04,  1.03266e+01
 -9.395833575000e-04,  1.03266e+01
 -9.385416912500e-04,  1.03015e+01
 -9.375000250000e-04,  1.02764e+01
 -9.364583587500e-04,  1.02764e+01
 -9.354166925000e-04,  1.02513e+01
 -9.343750262500e-04,  1.02010e+01
 -9.333333600000e-04,  1.02010e+01
 -9.322916937500e-04,  1.02010e+01
 -9.312500275000e-04,  1.01759e+01
 -9.302083612500e-04,  1.01508e+01
 -9.291666950000e-04,  1.01256e+01
 -9.281250287500e-04,  1.01005e+01
 -9.270833625000e-04,  1.00754e+01
 -9.260416962500e-04,  1.00754e+01
 -9.250000300000e-04,  1.00503e+01
 -9.239583637500e-04,  1.00251e+01
 -9.229166975000e-04,  1.00251e+01
 -9.218750312500e-04,  9.97487e+00
 -9.208333650000e-04,  9.94975e+00
 -9.197916987500e-04,  9.94975e+00
 -9.187500325000e-04,  9.92462e+00
 -9.177083662500e-04,  9.89950e+00
 -9.166667000000e-04,  9.87437e+00
 -9.156250337500e-04,  9.84925e+00
 -9.145833675000e-04,  9.79900e+00
 -9.135417012500e-04,  9.77387e+00
 -9.125000350000e-04,  9.74874e+00
 -9.114583687500e-04,  9.72362e+00
 -9.104167025000e-04,  9.69849e+00
 -9.093750362500e-04,  9.64824e+00
 -9.083333700000e-04,  9.64824e+00
 -9.072917037500e-04,  9.59799e+00
 -9.062500375000e-04,  9.57286e+00
 -9.052083712500e-04,  9.54774e+00
 -9.041667050000e-04,  9.49749e+00
 -9.031250387500e-04,  9.47236e+00
 -9.020833725000e-04,  9.44724e+00
 -9.010417062500e-04,  9.42211e+00
 -9.000000400000e-04,  9.37186e+00
 -8.989583737500e-04,  9.34673e+00
 -8.979167075000e-04,  9.32161e+00
 -8.968750412500e-04,  9.29648e+00
 -8.958333750000e-04,  9.24623e+00
 -8.947917087500e-04,  9.19598e+00
 -8.937500425000e-04,  9.17085e+00
 -8.927083762500e-04,  9.14573e+00
 -8.916667100000e-04,  9.12060e+00
 -8.906250437500e-04,  9.07035e+00
 -8.895833775000e-04,  9.02010e+00
 -8.885417112500e-04,  8.99498e+00
 -8.875000450000e-04,  8.94472e+00
 -8.864583787500e-04,  8.91960e+00
 -8.854167125000e-04,  8.86935e+00
 -8.843750462500e-04,  8.84422e+00
 -8.833333800000e-04,  8.79397e+00
 -8.822917137500e-04,  8.76884e+00
 -8.812500475000e-04,  8.71859e+00
 -8.802083812500e-04,  8.66834e+00
 -8.791667150000e-04,  8.61809e+00
 -8.781250487500e-04,  8.56784e+00
 -8.770833825000e-04,  8.54271e+00
 -8.760417162500e-04,  8.51759e+00
 -8.750000500000e-04,  8.46734e+00
 -8.739583837500e-04,  8.41709e+00
 -8.729167175000e-04,  8.39196e+00
 -8.718750512500e-04,  8.34171e+00
 -8.708333850000e-04,  8.29146e+00
 -8.697917187500e-04,  8.26633e+00
 -8.687500525000e-04,  8.21608e+00
 -8.677083862500e-04,  8.16583e+00
 -8.666667200000e-04,  8.14070e+00
 -8.656250537500e-04,  8.06533e+00
 -8.645833875000e-04,  8.01508e+00
 -8.635417212500e-04,  7.98995e+00
 -8.625000550000e-04,  7.93970e+00
 -8.614583887500e-04,  7.88945e+00
 -8.604167225000e-04,  7.83920e+00
 -8.593750562500e-04,  7.78894e+00
 -8.583333900000e-04,  7.71357e+00
 -8.572917237500e-04,  7.68844e+00
 -8.562500575000e-04,  7.63819e+00
 -8.552083912500e-04,  7.61307e+00
 -8.541667250000e-04,  7.56281e+00
 -8.531250587500e-04,  7.51256e+00
 -8.520833925000e-04,  7.43719e+00
 -8.510417262500e-04,  7.41206e+00
 -8.500000600000e-04,  7.36181e+00
 -8.489583937500e-04,  7.28643e+00
 -8.479167275000e-04,  7.26131e+00
 -8.468750612500e-04,  7.21106e+00
 -8.458333950000e-04,  7.13568e+00
 -8.447917287500e-04,  7.08543e+00
 -8.437500625000e-04,  7.03518e+00
 -8.427083962500e-04,  6.98492e+00
 -8.416667300000e-04,  6.95980e+00
 -8.406250637500e-04,  6.88442e+00
 -8.395833975000e-04,  6.83417e+00
 -8.385417312500e-04,  6.78392e+00
 -8.375000650000e-04,  6.73367e+00
 -8.364583987500e-04,  6.68342e+00
 -8.354167325000e-04,  6.58291e+00
 -8.343750662500e-04,  6.55779e+00
 -8.333334000000e-04,  6.48241e+00
 -8.322917337500e-04,  6.43216e+00
 -8.312500675000e-04,  6.35678e+00
 -8.302084012500e-04,  6.30653e+00
 -8.291667350000e-04,  6.25628e+00
 -8.281250687500e-04,  6.20603e+00
 -8.270834025000e-04,  6.15578e+00
 -8.260417362500e-04,  6.08040e+00
 -8.250000700000e-04,  6.03015e+00
 -8.239584037500e-04,  5.95477e+00
 -8.229167375000e-04,  5.92965e+00
 -8.218750712500e-04,  5.82915e+00
 -8.208334050000e-04,  5.77889e+00
 -8.197917387500e-04,  5.70352e+00
 -8.187500725000e-04,  5.65327e+00
 -8.177084062500e-04,  5.57789e+00
 -8.166667400000e-04,  5.52764e+00
 -8.156250737500e-04,  5.45226e+00
 -8.145834075000e-04,  5.40201e+00
 -8.135417412500e-04,  5.32663e+00
 -8.125000750000e-04,  5.25126e+00
 -8.114584087500e-04,  5.20100e+00
 -8.104167425000e-04,  5.12563e+00
 -8.093750762500e-04,  5.07538e+00
 -8.083334100000e-04,  5.02513e+00
 -8.072917437500e-04,  4.94975e+00
 -8.062500775000e-04,  4.87437e+00
 -8.052084112500e-04,  4.82412e+00
 -8.041667450000e-04,  4.74874e+00
 -8.031250787500e-04,  4.67337e+00
 -8.020834125000e-04,  4.62312e+00
 -8.010417462500e-04,  4.54774e+00
 -8.000000800000e-04,  4.47236e+00
 -7.989584137500e-04,  4.42211e+00
 -7.979167475000e-04,  4.37186e+00
 -7.968750812500e-04,  4.32161e+00
 -7.958334150000e-04,  4.24623e+00
 -7.947917487500e-04,  4.14573e+00
 -7.937500825000e-04,  4.12060e+00
 -7.927084162500e-04,  4.04523e+00
 -7.916667500000e-04,  3.96985e+00
 -7.906250837500e-04,  3.91960e+00
 -7.895834175000e-04,  3.84422e+00
 -7.885417512500e-04,  3.79397e+00
 -7.875000850000e-04,  3.74372e+00
 -7.864584187500e-04,  3.64322e+00
 -7.854167525000e-04,  3.59296e+00
 -7.843750862500e-04,  3.51759e+00
 -7.833334200000e-04,  3.41709e+00
 -7.822917537500e-04,  3.39196e+00
 -7.812500875000e-04,  3.31658e+00
 -7.802084212500e-04,  3.24121e+00
 -7.791667550000e-04,  3.19095e+00
 -7.781250887500e-04,  3.11558e+00
 -7.770834225000e-04,  3.04020e+00
 -7.760417562500e-04,  2.98995e+00
 -7.750000900000e-04,  2.91457e+00
 -7.739584237500e-04,  2.83920e+00
 -7.729167575000e-04,  2.76382e+00
 -7.718750912500e-04,  2.68844e+00
 -7.708334250000e-04,  2.63819e+00
 -7.697917587500e-04,  2.53769e+00
 -7.687500925000e-04,  2.46231e+00
 -7.677084262500e-04,  2.41206e+00
 -7.666667600000e-04,  2.33668e+00
 -7.656250937500e-04,  2.26131e+00
 -7.645834275000e-04,  2.16080e+00
 -7.635417612500e-04,  2.11055e+00
 -7.625000950000e-04,  2.06030e+00
 -7.614584287500e-04,  1.98492e+00
 -7.604167625000e-04,  1.90955e+00
 -7.593750962500e-04,  1.85930e+00
 -7.583334300000e-04,  1.78392e+00
 -7.572917637500e-04,  1.70854e+00
 -7.562500975000e-04,  1.65829e+00
 -7.552084312500e-04,  1.58291e+00
 -7.541667650000e-04,  1.48241e+00
 -7.531250987500e-04,  1.43216e+00
 -7.520834325000e-04,  1.38191e+00
 -7.510417662500e-04,  1.30653e+00
 -7.500001000000e-04,  1.23116e+00
 -7.489584337500e-04,  1.15578e+00
 -7.479167675000e-04,  1.10553e+00
 -7.468751012500e-04,  1.03015e+00
 -7.458334350000e-04,  9.54774e-01
 -7.447917687500e-04,  8.54271e-01
 -7.437501025000e-04,  8.04020e-01
 -7.427084362500e-04,  7.53769e-01
 -7.416667700000e-04,  6.78392e-01
 -7.406251037500e-04,  6.03015e-01
 -7.395834375000e-04,  5.27638e-01
 -7.385417712500e-04,  4.52261e-01
 -7.375001050000e-04,  3.76884e-01
 -7.364584387500e-04,  3.26633e-01
 -7.354167725000e-04,  2.51256e-01
 -7.343751062500e-04,  1.75879e-01
 -7.333334400000e-04,  1.25628e-01
 -7.322917737500e-04,  2.51256e-02
 -7.312501075000e-04, -2.51256e-02
 -7.302084412500e-04, -1.00503e-01
 -7.291667750000e-04, -1.75879e-01
 -7.281251087500e-04, -2.51256e-01
 -7.270834425000e-04, -3.51759e-01
 -7.260417762500e-04, -4.02010e-01
 -7.250001100000e-04, -4.77387e-01
 -7.239584437500e-04, -5.52764e-01
 -7.229167775000e-04, -6.03015e-01
 -7.218751112500e-04, -6.78392e-01
 -7.208334450000e-04, -7.53769e-01
 -7.197917787500e-04, -8.29146e-01
 -7.187501125000e-04, -8.79397e-01
 -7.177084462500e-04, -9.54774e-01
 -7.166667800000e-04, -1.03015e+00
 -7.156251137500e-04, -1.08040e+00
 -7.145834475000e-04, -1.15578e+00
 -7.135417812500e-04, -1.23116e+00
 -7.125001150000e-04, -1.30653e+00
 -7.114584487500e-04, -1.35678e+00
 -7.104167825000e-04, -1.43216e+00
 -7.093751162500e-04, -1.50754e+00
 -7.083334500000e-04, -1.58291e+00
 -7.072917837500e-04, -1.63317e+00
 -7.062501175000e-04, -1.73367e+00
 -7.052084512500e-04, -1.78392e+00
 -7.041667850000e-04, -1.85930e+00
 -7.031251187500e-04, -1.93467e+00
 -7.020834525000e-04, -2.01005e+00
 -7.010417862500e-04, -2.06030e+00
 -7.000001200000e-04, -2.13568e+00
 -6.989584537500e-04, -2.21106e+00
 -6.979167875000e-04, -2.28643e+00
 -6.968751212500e-04, -2.36181e+00
 -6.958334550000e-04, -2.41206e+00
 -6.947917887500e-04, -2.48744e+00
 -6.937501225000e-04, -2.56281e+00
 -6.927084562500e-04, -2.63819e+00
 -6.916667900000e-04, -2.68844e+00
 -6.906251237500e-04, -2.76382e+00
 -6.895834575000e-04, -2.81407e+00
 -6.885417912500e-04, -2.91457e+00
 -6.875001250000e-04, -2.96482e+00
 -6.864584587500e-04, -3.04020e+00
 -6.854167925000e-04, -3.11558e+00
 -6.843751262500e-04, -3.16583e+00
 -6.833334600000e-04, -3.24121e+00
 -6.822917937500e-04, -3.34171e+00
 -6.812501275000e-04, -3.39196e+00
 -6.802084612500e-04, -3.46734e+00
 -6.791667950000e-04, -3.51759e+00
 -6.781251287500e-04, -3.59296e+00
 -6.770834625000e-04, -3.66834e+00
 -6.760417962500e-04, -3.74372e+00
 -6.750001300000e-04, -3.81910e+00
 -6.739584637500e-04, -3.89447e+00
 -6.729167975000e-04, -3.96985e+00
 -6.718751312500e-04, -4.02010e+00
 -6.708334650000e-04, -4.09548e+00
 -6.697917987500e-04, -4.14573e+00
 -6.687501325000e-04, -4.22111e+00
 -6.677084662500e-04, -4.29648e+00
 -6.666668000000e-04, -4.39699e+00
 -6.656251337500e-04, -4.42211e+00
 -6.645834675000e-04, -4.47236e+00
 -6.635418012500e-04, -4.57286e+00
 -6.625001350000e-04, -4.62312e+00
 -6.614584687500e-04, -4.69849e+00
 -6.604168025000e-04, -4.77387e+00
 -6.593751362500e-04, -4.84925e+00
 -6.583334700000e-04, -4.89950e+00
 -6.572918037500e-04, -4.94975e+00
 -6.562501375000e-04, -5.02513e+00
 -6.552084712500e-04, -5.10050e+00
 -6.541668050000e-04, -5.15075e+00
 -6.531251387500e-04, -5.20100e+00
 -6.520834725000e-04, -5.27638e+00
 -6.510418062500e-04, -5.32663e+00
 -6.500001400000e-04, -5.40201e+00
 -6.489584737500e-04, -5.47739e+00
 -6.479168075000e-04, -5.52764e+00
 -6.468751412500e-04, -5.57789e+00
 -6.458334750000e-04, -5.65327e+00
 -6.447918087500e-04, -5.70352e+00
 -6.437501425000e-04, -5.75377e+00
 -6.427084762500e-04, -5.82915e+00
 -6.416668100000e-04, -5.87940e+00
 -6.406251437500e-04, -5.95477e+00
 -6.395834775000e-04, -6.00503e+00
 -6.385418112500e-04, -6.08040e+00
 -6.375001450000e-04, -6.13065e+00
 -6.364584787500e-04, -6.18090e+00
 -6.354168125000e-04, -6.25628e+00
 -6.343751462500e-04, -6.30653e+00
 -6.333334800000e-04, -6.35678e+00
 -6.322918137500e-04, -6.43216e+00
 -6.312501475000e-04, -6.48241e+00
 -6.302084812500e-04, -6.53266e+00
 -6.291668150000e-04, -6.58291e+00
 -6.281251487500e-04, -6.63317e+00
 -6.270834825000e-04, -6.70854e+00
 -6.260418162500e-04, -6.75879e+00
 -6.250001500000e-04, -6.83417e+00
 -6.239584837500e-04, -6.88442e+00
 -6.229168175000e-04, -6.93467e+00
 -6.218751512500e-04, -6.98492e+00
 -6.208334850000e-04, -7.03518e+00
 -6.197918187500e-04, -7.11055e+00
 -6.187501525000e-04, -7.16080e+00
 -6.177084862500e-04, -7.21106e+00
 -6.166668200000e-04, -7.26131e+00
 -6.156251537500e-04, -7.31156e+00
 -6.145834875000e-04, -7.36181e+00
 -6.135418212500e-04, -7.43719e+00
 -6.125001550000e-04, -7.48744e+00
 -6.114584887500e-04, -7.53769e+00
 -6.104168225000e-04, -7.58794e+00
 -6.093751562500e-04, -7.63819e+00
 -6.083334900000e-04, -7.68844e+00
 -6.072918237500e-04, -7.73869e+00
 -6.062501575000e-04, -7.78894e+00
 -6.052084912500e-04, -7.83920e+00
 -6.041668250000e-04, -7.88945e+00
 -6.031251587500e-04, -7.93970e+00
 -6.020834925000e-04, -7.98995e+00
 -6.010418262500e-04, -8.04020e+00
 -6.000001600000e-04, -8.09045e+00
 -5.989584937500e-04, -8.14070e+00
 -5.979168275000e-04, -8.21608e+00
 -5.968751612500e-04, -8.24121e+00
 -5.958334950000e-04, -8.26633e+00
 -5.947918287500e-04, -8.31658e+00
 -5.937501625000e-04, -8.39196e+00
 -5.927084962500e-04, -8.41709e+00
 -5.916668300000e-04, -8.46734e+00
 -5.906251637500e-04, -8.49246e+00
 -5.895834975000e-04, -8.54271e+00
 -5.885418312500e-04, -8.56784e+00
 -5.875001650000e-04, -8.64322e+00
 -5.864584987500e-04, -8.69347e+00
 -5.854168325000e-04, -8.71859e+00
 -5.843751662500e-04, -8.76884e+00
 -5.833335000000e-04, -8.81910e+00
 -5.822918337500e-04, -8.86935e+00
 -5.812501675000e-04, -8.86935e+00
 -5.802085012500e-04, -8.94472e+00
 -5.791668350000e-04, -8.96985e+00
 -5.781251687500e-04, -9.02010e+00
 -5.770835025000e-04, -9.07035e+00
 -5.760418362500e-04, -9.09548e+00
 -5.750001700000e-04, -9.14573e+00
 -5.739585037500e-04, -9.17085e+00
 -5.729168375000e-04, -9.19598e+00
 -5.718751712500e-04, -9.24623e+00
 -5.708335050000e-04, -9.27136e+00
 -5.697918387500e-04, -9.32161e+00
 -5.687501725000e-04, -9.34673e+00
 -5.677085062500e-04, -9.39699e+00
 -5.666668400000e-04, -9.42211e+00
 -5.656251737500e-04, -9.44724e+00
 -5.645835075000e-04, -9.49749e+00
 -5.635418412500e-04, -9.52261e+00
 -5.625001750000e-04, -9.57286e+00
 -5.614585087500e-04, -9.57286e+00
 -5.604168425000e-04, -9.64824e+00
 -5.593751762500e-04, -9.67337e+00
 -5.583335100000e-04, -9.69849e+00
 -5.572918437500e-04, -9.69849e+00
 -5.562501775000e-04, -9.77387e+00
 -5.552085112500e-04, -9.77387e+00
 -5.541668450000e-04, -9.82412e+00
 -5.531251787500e-04, -9.84925e+00
 -5.520835125000e-04, -9.87437e+00
 -5.510418462500e-04, -9.92462e+00
 -5.500001800000e-04, -9.94975e+00
 -5.489585137500e-04, -1.00000e+01
 -5.479168475000e-04, -1.00000e+01
 -5.468751812500e-04, -1.00503e+01
 -5.458335150000e-04, -1.00503e+01
 -5.447918487500e-04, -1.00754e+01
 -5.437501825000e-04, -1.01005e+01
 -5.427085162500e-04, -1.01256e+01
 -5.416668500000e-04, -1.01508e+01
 -5.406251837500e-04, -1.01759e+01
 -5.395835175000e-04, -1.02010e+01
 -5.385418512500e-04, -1.02261e+01
 -5.375001850000e-04, -1.02261e+01
 -5.364585187500e-04, -1.02764e+01
 -5.354168525000e-04, -1.03015e+01
 -5.343751862500e-04, -1.03266e+01
 -5.333335200000e-04, -1.03518e+01
 -5.322918537500e-04, -1.03769e+01
 -5.312501875000e-04, -1.04020e+01
 -5.302085212500e-04, -1.04271e+01
 -5.291668550000e-04, -1.04523e+01
 -5.281251887500e-04, -1.04774e+01
 -5.270835225000e-04, -1.04774e+01
 -5.260418562500e-04, -1.05025e+01
 -5.250001900000e-04, -1.05276e+01
 -5.239585237500e-04, -1.05528e+01
 -5.229168575000e-04, -1.05779e+01
 -5.218751912500e-04, -1.05779e+01
 -5.208335250000e-04, -1.05779e+01
 -5.197918587500e-04, -1.06281e+01
 -5.187501925000e-04, -1.06281e+01
 -5.177085262500e-04, -1.06784e+01
 -5.166668600000e-04, -1.06784e+01
 -5.156251937500e-04, -1.07035e+01
 -5.145835275000e-04, -1.07035e+01
 -5.135418612500e-04, -1.07286e+01
 -5.125001950000e-04, -1.07538e+01
 -5.114585287500e-04, -1.07538e+01
 -5.104168625000e-04, -1.07789e+01
 -5.093751962500e-04, -1.07789e+01
 -5.083335300000e-04, -1.08040e+01
 -5.072918637500e-04, -1.08040e+01
 -5.062501975000e-04, -1.08291e+01
 -5.052085312500e-04, -1.08291e+01
 -5.041668650000e-04, -1.08291e+01
 -5.031251987500e-04, -1.08543e+01
 -5.020835325000e-04, -1.08543e+01
 -5.010418662500e-04, -1.08794e+01
 -5.000002000000e-04, -1.08794e+01
 -4.989585337500e-04, -1.08794e+01
 -4.979168675000e-04, -1.08794e+01
 -4.968752012500e-04, -1.08794e+01
 -4.958335350000e-04, -1.09045e+01
 -4.947918687500e-04, -1.09045e+01
 -4.937502025000e-04, -1.09045e+01
 -4.927085362500e-04, -1.09045e+01
 -4.916668700000e-04, -1.09296e+01
 -4.906252037500e-04, -1.09045e+01
 -4.895835375000e-04, -1.09296e+01
 -4.885418712500e-04, -1.09045e+01
 -4.875002050000e-04, -1.09296e+01
 -4.864585387500e-04, -1.09296e+01
 -4.854168725000e-04, -1.09296e+01
 -4.843752062500e-04, -1.09296e+01
 -4.833335400000e-04, -1.09296e+01
 -4.822918737500e-04, -1.09045e+01
 -4.812502075000e-04, -1.09296e+01
 -4.802085412500e-04, -1.09045e+01
 -4.791668750000e-04, -1.09045e+01
 -4.781252087500e-04, -1.09045e+01
 -4.770835425000e-04, -1.09045e+01
 -4.760418762500e-04, -1.08794e+01
 -4.750002100000e-04, -1.09045e+01
 -4.739585437500e-04, -1.09045e+01
 -4.729168775000e-04, -1.08794e+01
 -4.718752112500e-04, -1.08794e+01
 -4.708335450000e-04, -1.09045e+01
 -4.697918787500e-04, -1.08794e+01
 -4.687502125000e-04, -1.08794e+01
 -4.677085462500e-04, -1.08794e+01
 -4.666668800000e-04, -1.08543e+01
 -4.656252137500e-04, -1.08543e+01
 -4.645835475000e-04, -1.08291e+01
 -4.635418812500e-04, -1.08291e+01
 -4.625002150000e-04, -1.08291e+01
 -4.614585487500e-04, -1.08040e+01
 -4.604168825000e-04, -1.08291e+01
 -4.593752162500e-04, -1.08040e+01
 -4.583335500000e-04, -1.08040e+01
 -4.572918837500e-04, -1.07789e+01
 -4.562502175000e-04, -1.07538e+01
 -4.552085512500e-04, -1.07789e+01
 -4.541668850000e-04, -1.07286e+01
 -4.531252187500e-04, -1.07286e+01
 -4.520835525000e-04, -1.07035e+01
 -4.510418862500e-04, -1.07035e+01
 -4.500002200000e-04, -1.06784e+01
 -4.489585537500e-04, -1.06533e+01
 -4.479168875000e-04, -1.06533e+01
 -4.468752212500e-04, -1.06030e+01
 -4.458335550000e-04, -1.06030e+01
 -4.447918887500e-04, -1.06030e+01
 -4.437502225000e-04, -1.05528e+01
 -4.427085562500e-04, -1.05528e+01
 -4.416668900000e-04, -1.05528e+01
 -4.406252237500e-04, -1.05025e+01
 -4.395835575000e-04, -1.05025e+01
 -4.385418912500e-04, -1.04774e+01
 -4.375002250000e-04, -1.04523e+01
 -4.364585587500e-04, -1.04523e+01
 -4.354168925000e-04, -1.04271e+01
 -4.343752262500e-04, -1.04020e+01
 -4.333335600000e-04, -1.04020e+01
 -4.322918937500e-04, -1.03769e+01
 -4.312502275000e-04, -1.03769e+01
 -4.302085612500e-04, -1.03518e+01
 -4.291668950000e-04, -1.03015e+01
 -4.281252287500e-04, -1.02764e+01
 -4.270835625000e-04, -1.02513e+01
 -4.260418962500e-04, -1.02261e+01
 -4.250002300000e-04, -1.02010e+01
 -4.239585637500e-04, -1.01759e+01
 -4.229168975000e-04, -1.01508e+01
 -4.218752312500e-04, -1.01256e+01
 -4.208335650000e-04, -1.01005e+01
 -4.197918987500e-04, -1.00754e+01
 -4.187502325000e-04, -1.00503e+01
 -4.177085662500e-04, -1.00251e+01
 -4.166669000000e-04, -1.00000e+01
 -4.156252337500e-04, -9.97487e+00
 -4.145835675000e-04, -9.94975e+00
 -4.135419012500e-04, -9.92462e+00
 -4.125002350000e-04, -9.87437e+00
 -4.114585687500e-04, -9.87437e+00
 -4.104169025000e-04, -9.79900e+00
 -4.093752362500e-04, -9.77387e+00
 -4.083335700000e-04, -9.77387e+00
 -4.072919037500e-04, -9.72362e+00
 -4.062502375000e-04, -9.69849e+00
 -4.052085712500e-04, -9.64824e+00
 -4.041669050000e-04, -9.62312e+00
 -4.031252387500e-04, -9.59799e+00
 -4.020835725000e-04, -9.54774e+00
 -4.010419062500e-04, -9.52261e+00
 -4.000002400000e-04, -9.47236e+00
 -3.989585737500e-04, -9.44724e+00
 -3.979169075000e-04, -9.42211e+00
 -3.968752412500e-04, -9.39699e+00
 -3.958335750000e-04, -9.34673e+00
 -3.947919087500e-04, -9.32161e+00
 -3.937502425000e-04, -9.27136e+00
 -3.927085762500e-04, -9.24623e+00
 -3.916669100000e-04, -9.22111e+00
 -3.906252437500e-04, -9.17085e+00
 -3.895835775000e-04, -9.12060e+00
 -3.885419112500e-04, -9.09548e+00
 -3.875002450000e-04, -9.04523e+00
 -3.864585787500e-04, -8.96985e+00
 -3.854169125000e-04, -8.96985e+00
 -3.843752462500e-04, -8.91960e+00
 -3.833335800000e-04, -8.86935e+00
 -3.822919137500e-04, -8.81910e+00
 -3.812502475000e-04, -8.79397e+00
 -3.802085812500e-04, -8.74372e+00
 -3.791669150000e-04, -8.71859e+00
 -3.781252487500e-04, -8.66834e+00
 -3.770835825000e-04, -8.61809e+00
 -3.760419162500e-04, -8.56784e+00
 -3.750002500000e-04, -8.51759e+00
 -3.739585837500e-04, -8.49246e+00
 -3.729169175000e-04, -8.44221e+00
 -3.718752512500e-04, -8.36683e+00
 -3.708335850000e-04, -8.34171e+00
 -3.697919187500e-04, -8.29146e+00
 -3.687502525000e-04, -8.24121e+00
 -3.677085862500e-04, -8.19096e+00
 -3.666669200000e-04, -8.14070e+00
 -3.656252537500e-04, -8.09045e+00
 -3.645835875000e-04, -8.06533e+00
 -3.635419212500e-04, -7.98995e+00
 -3.625002550000e-04, -7.96482e+00
 -3.614585887500e-04, -7.86432e+00
 -3.604169225000e-04, -7.81407e+00
 -3.593752562500e-04, -7.78894e+00
 -3.583335900000e-04, -7.71357e+00
 -3.572919237500e-04, -7.68844e+00
 -3.562502575000e-04, -7.63819e+00
 -3.552085912500e-04, -7.58794e+00
 -3.541669250000e-04, -7.51256e+00
 -3.531252587500e-04, -7.46231e+00
 -3.520835925000e-04, -7.41206e+00
 -3.510419262500e-04, -7.33668e+00
 -3.500002600000e-04, -7.31156e+00
 -3.489585937500e-04, -7.26131e+00
 -3.479169275000e-04, -7.21106e+00
 -3.468752612500e-04, -7.13568e+00
 -3.458335950000e-04, -7.11055e+00
 -3.447919287500e-04, -7.03518e+00
 -3.437502625000e-04, -6.98492e+00
 -3.427085962500e-04, -6.90955e+00
 -3.416669300000e-04, -6.88442e+00
 -3.406252637500e-04, -6.80905e+00
 -3.395835975000e-04, -6.73367e+00
 -3.385419312500e-04, -6.70854e+00
 -3.375002650000e-04, -6.63317e+00
 -3.364585987500e-04, -6.55779e+00
 -3.354169325000e-04, -6.53266e+00
 -3.343752662500e-04, -6.45729e+00
 -3.333336000000e-04, -6.40704e+00
 -3.322919337500e-04, -6.33166e+00
 -3.312502675000e-04, -6.28141e+00
 -3.302086012500e-04, -6.20603e+00
 -3.291669350000e-04, -6.13065e+00
 -3.281252687500e-04, -6.10553e+00
 -3.270836025000e-04, -6.03015e+00
 -3.260419362500e-04, -5.97990e+00
 -3.250002700000e-04, -5.90452e+00
 -3.239586037500e-04, -5.85427e+00
 -3.229169375000e-04, -5.80402e+00
 -3.218752712500e-04, -5.72864e+00
 -3.208336050000e-04, -5.67839e+00
 -3.197919387500e-04, -5.60301e+00
 -3.187502725000e-04, -5.55276e+00
 -3.177086062500e-04, -5.47739e+00
 -3.166669400000e-04, -5.42714e+00
 -3.156252737500e-04, -5.35176e+00
 -3.145836075000e-04, -5.30151e+00
 -3.135419412500e-04, -5.22613e+00
 -3.125002750000e-04, -5.17588e+00
 -3.114586087500e-04, -5.10050e+00
 -3.104169425000e-04, -5.05025e+00
 -3.093752762500e-04, -4.97487e+00
 -3.083336100000e-04, -4.89950e+00
 -3.072919437500e-04, -4.84925e+00
 -3.062502775000e-04, -4.79900e+00
 -3.052086112500e-04, -4.72362e+00
 -3.041669450000e-04, -4.64824e+00
 -3.031252787500e-04, -4.59799e+00
 -3.020836125000e-04, -4.52261e+00
 -3.010419462500e-04, -4.44724e+00
 -3.000002800000e-04, -4.39699e+00
 -2.989586137500e-04, -4.32161e+00
 -2.979169475000e-04, -4.24623e+00
 -2.968752812500e-04, -4.19598e+00
 -2.958336150000e-04, -4.09548e+00
 -2.947919487500e-04, -4.07035e+00
 -2.937502825000e-04, -3.96985e+00
 -2.927086162500e-04, -3.89447e+00
 -2.916669500000e-04, -3.81910e+00
 -2.906252837500e-04, -3.74372e+00
 -2.895836175000e-04, -3.69347e+00
 -2.885419512500e-04, -3.61809e+00
 -2.875002850000e-04, -3.54271e+00
 -2.864586187500e-04, -3.46734e+00
 -2.854169525000e-04, -3.41709e+00
 -2.843752862500e-04, -3.31658e+00
 -2.833336200000e-04, -3.26633e+00
 -2.822919537500e-04, -3.19095e+00
 -2.812502875000e-04, -3.11558e+00
 -2.802086212500e-04, -3.06533e+00
 -2.791669550000e-04, -2.96482e+00
 -2.781252887500e-04, -2.88945e+00
 -2.770836225000e-04, -2.83920e+00
 -2.760419562500e-04, -2.78894e+00
 -2.750002900000e-04, -2.68844e+00
 -2.739586237500e-04, -2.63819e+00
 -2.729169575000e-04, -2.56281e+00
 -2.718752912500e-04, -2.48744e+00
 -2.708336250000e-04, -2.43719e+00
 -2.697919587500e-04, -2.33668e+00
 -2.687502925000e-04, -2.28643e+00
 -2.677086262500e-04, -2.18593e+00
 -2.666669600000e-04, -2.13568e+00
 -2.656252937500e-04, -2.06030e+00
 -2.645836275000e-04, -2.01005e+00
 -2.635419612500e-04, -1.95980e+00
 -2.625002950000e-04, -1.85930e+00
 -2.614586287500e-04, -1.78392e+00
 -2.604169625000e-04, -1.70854e+00
 -2.593752962500e-04, -1.65829e+00
 -2.583336300000e-04, -1.58291e+00
 -2.572919637500e-04, -1.50754e+00
 -2.562502975000e-04, -1.43216e+00
 -2.552086312500e-04, -1.35678e+00
 -2.541669650000e-04, -1.28141e+00
 -2.531252987500e-04, -1.23116e+00
 -2.520836325000e-04, -1.15578e+00
 -2.510419662500e-04, -1.10553e+00
 -2.500003000000e-04, -1.03015e+00
 -2.489586337500e-04, -9.54774e-01
 -2.479169675000e-04, -8.79397e-01
 -2.468753012500e-04, -8.29146e-01
 -2.458336350000e-04, -7.53769e-01
 -2.447919687500e-04, -6.78392e-01
 -2.437503025000e-04, -6.03015e-01
 -2.427086362500e-04, -5.27638e-01
 -2.416669700000e-04, -4.52261e-01
 -2.406253037500e-04, -4.02010e-01
 -2.395836375000e-04, -3.01508e-01
 -2.385419712500e-04, -2.26131e-01
 -2.375003050000e-04, -1.75879e-01
 -2.364586387500e-04, -1.00503e-01
 -2.354169725000e-04, -2.51256e-02
 -2.343753062500e-04,  5.02513e-02
 -2.333336400000e-04,  1.25628e-01
 -2.322919737500e-04,  2.01005e-01
 -2.312503075000e-04,  3.01508e-01
 -2.302086412500e-04,  3.51759e-01
 -2.291669750000e-04,  4.02010e-01
 -2.281253087500e-04,  4.77387e-01
 -2.270836425000e-04,  5.52764e-01
 -2.260419762500e-04,  6.03015e-01
 -2.250003100000e-04,  6.78392e-01
 -2.239586437500e-04,  7.53769e-01
 -2.229169775000e-04,  8.04020e-01
 -2.218753112500e-04,  9.04523e-01
 -2.208336450000e-04,  9.79900e-01
 -2.197919787500e-04,  1.05528e+00
 -2.187503125000e-04,  1.13065e+00
 -2.177086462500e-04,  1.18090e+00
 -2.166669800000e-04,  1.25628e+00
 -2.156253137500e-04,  1.33166e+00
 -2.145836475000e-04,  1.40704e+00
 -2.135419812500e-04,  1.45729e+00
 -2.125003150000e-04,  1.53266e+00
 -2.114586487500e-04,  1.60804e+00
 -2.104169825000e-04,  1.65829e+00
 -2.093753162500e-04,  1.73367e+00
 -2.083336500000e-04,  1.80905e+00
 -2.072919837500e-04,  1.88442e+00
 -2.062503175000e-04,  1.93467e+00
 -2.052086512500e-04,  2.01005e+00
 -2.041669850000e-04,  2.06030e+00
 -2.031253187500e-04,  2.13568e+00
 -2.020836525000e-04,  2.21106e+00
 -2.010419862500e-04,  2.31156e+00
 -2.000003200000e-04,  2.36181e+00
 -1.989586537500e-04,  2.43719e+00
 -1.979169875000e-04,  2.48744e+00
 -1.968753212500e-04,  2.58794e+00
 -1.958336550000e-04,  2.66332e+00
 -1.947919887500e-04,  2.73869e+00
 -1.937503225000e-04,  2.81407e+00
 -1.927086562500e-04,  2.86432e+00
 -1.916669900000e-04,  2.93970e+00
 -1.906253237500e-04,  3.01508e+00
 -1.895836575000e-04,  3.09045e+00
 -1.885419912500e-04,  3.16583e+00
 -1.875003250000e-04,  3.21608e+00
 -1.864586587500e-04,  3.29146e+00
 -1.854169925000e-04,  3.36683e+00
 -1.843753262500e-04,  3.44221e+00
 -1.833336600000e-04,  3.49246e+00
 -1.822919937500e-04,  3.56784e+00
 -1.812503275000e-04,  3.64322e+00
 -1.802086612500e-04,  3.66834e+00
 -1.791669950000e-04,  3.76884e+00
 -1.781253287500e-04,  3.84422e+00
 -1.770836625000e-04,  3.89447e+00
 -1.760419962500e-04,  3.96985e+00
 -1.750003300000e-04,  4.02010e+00
 -1.739586637500e-04,  4.07035e+00
 -1.729169975000e-04,  4.17085e+00
 -1.718753312500e-04,  4.22111e+00
 -1.708336650000e-04,  4.29648e+00
 -1.697919987500e-04,  4.34673e+00
 -1.687503325000e-04,  4.39699e+00
 -1.677086662500e-04,  4.47236e+00
 -1.666670000000e-04,  4.54774e+00
 -1.656253337500e-04,  4.59799e+00
 -1.645836675000e-04,  4.67337e+00
 -1.635420012500e-04,  4.72362e+00
 -1.625003350000e-04,  4.82412e+00
 -1.614586687500e-04,  4.84925e+00
 -1.604170025000e-04,  4.94975e+00
 -1.593753362500e-04,  5.00000e+00
 -1.583336700000e-04,  5.05025e+00
 -1.572920037500e-04,  5.15075e+00
 -1.562503375000e-04,  5.20100e+00
 -1.552086712500e-04,  5.25126e+00
 -1.541670050000e-04,  5.32663e+00
 -1.531253387500e-04,  5.40201e+00
 -1.520836725000e-04,  5.47739e+00
 -1.510420062500e-04,  5.52764e+00
 -1.500003400000e-04,  5.57789e+00
 -1.489586737500e-04,  5.65327e+00
 -1.479170075000e-04,  5.70352e+00
 -1.468753412500e-04,  5.77889e+00
 -1.458336750000e-04,  5.82915e+00
 -1.447920087500e-04,  5.90452e+00
 -1.437503425000e-04,  5.95477e+00
 -1.427086762500e-04,  6.03015e+00
 -1.416670100000e-04,  6.05528e+00
 -1.406253437500e-04,  6.13065e+00
 -1.395836775000e-04,  6.18090e+00
 -1.385420112500e-04,  6.23116e+00
 -1.375003450000e-04,  6.33166e+00
 -1.364586787500e-04,  6.38191e+00
 -1.354170125000e-04,  6.43216e+00
 -1.343753462500e-04,  6.50754e+00
 -1.333336800000e-04,  6.55779e+00
 -1.322920137500e-04,  6.60804e+00
 -1.312503475000e-04,  6.65829e+00
 -1.302086812500e-04,  6.73367e+00
 -1.291670150000e-04,  6.75879e+00
 -1.281253487500e-04,  6.80905e+00
 -1.270836825000e-04,  6.88442e+00
 -1.260420162500e-04,  6.90955e+00
 -1.250003500000e-04,  6.98492e+00
 -1.239586837500e-04,  7.03518e+00
 -1.229170175000e-04,  7.08543e+00
 -1.218753512500e-04,  7.13568e+00
 -1.208336850000e-04,  7.18593e+00
 -1.197920187500e-04,  7.26131e+00
 -1.187503525000e-04,  7.28643e+00
 -1.177086862500e-04,  7.33668e+00
 -1.166670200000e-04,  7.41206e+00
 -1.156253537500e-04,  7.46231e+00
 -1.145836875000e-04,  7.48744e+00
 -1.135420212500e-04,  7.56281e+00
 -1.125003550000e-04,  7.61307e+00
 -1.114586887500e-04,  7.63819e+00
 -1.104170225000e-04,  7.68844e+00
 -1.093753562500e-04,  7.73869e+00
 -1.083336900000e-04,  7.78894e+00
 -1.072920237500e-04,  7.83920e+00
 -1.062503575000e-04,  7.88945e+00
 -1.052086912500e-04,  7.93970e+00
 -1.041670250000e-04,  7.96482e+00
 -1.031253587500e-04,  8.01508e+00
 -1.020836925000e-04,  8.09045e+00
 -1.010420262500e-04,  8.11558e+00
 -1.000003600000e-04,  8.16583e+00
 -9.895869375000e-05,  8.21608e+00
 -9.791702750000e-05,  8.26633e+00
 -9.687536125000e-05,  8.29146e+00
 -9.583369500000e-05,  8.34171e+00
 -9.479202875000e-05,  8.39196e+00
 -9.375036250000e-05,  8.41709e+00
 -9.270869625000e-05,  8.44221e+00
 -9.166703000000e-05,  8.49246e+00
 -9.062536375000e-05,  8.51759e+00
 -8.958369750000e-05,  8.56784e+00
 -8.854203125000e-05,  8.61809e+00
 -8.750036500000e-05,  8.64322e+00
 -8.645869875000e-05,  8.69347e+00
 -8.541703250000e-05,  8.76884e+00
 -8.437536625000e-05,  8.79397e+00
 -8.333370000000e-05,  8.81910e+00
 -8.229203375000e-05,  8.86935e+00
 -8.125036750000e-05,  8.89447e+00
 -8.020870125000e-05,  8.91960e+00
 -7.916703500000e-05,  8.96985e+00
 -7.812536875000e-05,  9.02010e+00
 -7.708370250000e-05,  9.04523e+00
 -7.604203625000e-05,  9.09548e+00
 -7.500037000000e-05,  9.12060e+00
 -7.395870375000e-05,  9.17085e+00
 -7.291703750000e-05,  9.19598e+00
 -7.187537125000e-05,  9.22111e+00
 -7.083370500000e-05,  9.24623e+00
 -6.979203875000e-05,  9.29648e+00
 -6.875037250000e-05,  9.32161e+00
 -6.770870625000e-05,  9.37186e+00
 -6.666704000000e-05,  9.39699e+00
 -6.562537375000e-05,  9.44724e+00
 -6.458370750000e-05,  9.47236e+00
 -6.354204125000e-05,  9.49749e+00
 -6.250037500000e-05,  9.54774e+00
 -6.145870875000e-05,  9.57286e+00
 -6.041704250000e-05,  9.59799e+00
 -5.937537625000e-05,  9.62312e+00
 -5.833371000000e-05,  9.64824e+00
 -5.729204375000e-05,  9.67337e+00
 -5.625037750000e-05,  9.72362e+00
 -5.520871125000e-05,  9.72362e+00
 -5.416704500000e-05,  9.77387e+00
 -5.312537875000e-05,  9.79900e+00
 -5.208371250000e-05,  9.82412e+00
 -5.104204625000e-05,  9.87437e+00
 -5.000038000000e-05,  9.87437e+00
 -4.895871375000e-05,  9.92462e+00
 -4.791704750000e-05,  9.92462e+00
 -4.687538125000e-05,  9.94975e+00
 -4.583371500000e-05,  9.97487e+00
 -4.479204875000e-05,  1.00000e+01
 -4.375038250000e-05,  1.00251e+01
 -4.270871625000e-05,  1.00503e+01
 -4.166705000000e-05,  1.00754e+01
 -4.062538375000e-05,  1.01005e+01
 -3.958371750000e-05,  1.01256e+01
 -3.854205125000e-05,  1.01256e+01
 -3.750038500000e-05,  1.01508e+01
 -3.645871875000e-05,  1.01759e+01
 -3.541705250000e-05,  1.02010e+01
 -3.437538625000e-05,  1.02261e+01
 -3.333372000000e-05,  1.02513e+01
 -3.229205375000e-05,  1.02513e+01
 -3.125038750000e-05,  1.03015e+01
 -3.020872125000e-05,  1.03266e+01
 -2.916705500000e-05,  1.03266e+01
 -2.812538875000e-05,  1.03518e+01
 -2.708372250000e-05,  1.03769e+01
 -2.604205625000e-05,  1.03769e+01
 -2.500039000000e-05,  1.03769e+01
 -2.395872375000e-05,  1.04271e+01
 -2.291705750000e-05,  1.04271e+01
 -2.187539125000e-05,  1.04271e+01
 -2.083372500000e-05,  1.04523e+01
 -1.979205875000e-05,  1.04774e+01
 -1.875039250000e-05,  1.04774e+01
 -1.770872625000e-05,  1.04774e+01
 -1.666706000000e-05,  1.05025e+01
 -1.562539375000e-05,  1.05025e+01
 -1.458372750000e-05,  1.05025e+01
 -1.354206125000e-05,  1.05276e+01
 -1.250039500000e-05,  1.05528e+01
 -1.145872875000e-05,  1.05528e+01
 -1.041706250000e-05,  1.05528e+01
 -9.375396250000e-06,  1.05779e+01
 -8.333730000000e-06,  1.05779e+01
 -7.292063750000e-06,  1.06030e+01
 -6.250397500000e-06,  1.06030e+01
 -5.208731250000e-06,  1.05779e+01
 -4.167065000000e-06,  1.06030e+01
 -3.125398750000e-06,  1.06030e+01
 -2.083732500000e-06,  1.06281e+01
 -1.042066250000e-06,  1.06281e+01
 -3.999999999196e-10,  1.06281e+01
  1.041266250000e-06,  1.06281e+01
  2.082932500000e-06,  1.06281e+01
  3.124598750000e-06,  1.06281e+01
  4.166265000000e-06,  1.06281e+01
  5.207931250000e-06,  1.06281e+01
  6.249597500000e-06,  1.06281e+01
  7.291263750000e-06,  1.06030e+01
  8.332930000000e-06,  1.06281e+01
  9.374596250000e-06,  1.06030e+01
  1.041626250000e-05,  1.06281e+01
  1.145792875000e-05,  1.06281e+01
  1.249959500000e-05,  1.06281e+01
  1.354126125000e-05,  1.06030e+01
  1.458292750000e-05,  1.06030e+01
  1.562459375000e-05,  1.05779e+01
  1.666626000000e-05,  1.06030e+01
  1.770792625000e-05,  1.06030e+01
  1.874959250000e-05,  1.06030e+01
  1.979125875000e-05,  1.05779e+01
  2.083292500000e-05,  1.05528e+01
  2.187459125000e-05,  1.05528e+01
  2.291625750000e-05,  1.05528e+01
  2.395792375000e-05,  1.05528e+01
  2.499959000000e-05,  1.05528e+01
  2.604125625000e-05,  1.05276e+01
  2.708292250000e-05,  1.05276e+01
  2.812458875000e-05,  1.05276e+01
  2.916625500000e-05,  1.05025e+01
  3.020792125000e-05,  1.05025e+01
  3.124958750000e-05,  1.04774e+01
  3.229125375000e-05,  1.04774e+01
  3.333292000000e-05,  1.04774e+01
  3.437458625000e-05,  1.04523e+01
  3.541625250000e-05,  1.04523e+01
  3.645791875000e-05,  1.04523e+01
  3.749958500000e-05,  1.04271e+01
  3.854125125000e-05,  1.04020e+01
  3.958291750000e-05,  1.04020e+01
  4.062458375000e-05,  1.03518e+01
  4.166625000000e-05,  1.03769e+01
  4.270791625000e-05,  1.03518e+01
  4.374958250000e-05,  1.03518e+01
  4.479124875000e-05,  1.03266e+01
  4.583291500000e-05,  1.03015e+01
  4.687458125000e-05,  1.03015e+01
  4.791624750000e-05,  1.02764e+01
  4.895791375000e-05,  1.02764e+01
  4.999958000000e-05,  1.02513e+01
  5.104124625000e-05,  1.02010e+01
  5.208291250000e-05,  1.02010e+01
  5.312457875000e-05,  1.01759e+01
  5.416624500000e-05,  1.01759e+01
  5.520791125000e-05,  1.01508e+01
  5.624957750000e-05,  1.01256e+01
  5.729124375000e-05,  1.00754e+01
  5.833291000000e-05,  1.00754e+01
  5.937457625000e-05,  1.00503e+01
  6.041624250000e-05,  1.00251e+01
  6.145790875000e-05,  1.00251e+01
  6.249957500000e-05,  1.00000e+01
  6.354124125000e-05,  9.97487e+00
  6.458290750000e-05,  9.94975e+00
  6.562457375000e-05,  9.92462e+00
  6.666624000000e-05,  9.89950e+00
  6.770790625000e-05,  9.87437e+00
  6.874957250000e-05,  9.84925e+00
  6.979123875000e-05,  9.82412e+00
  7.083290500000e-05,  9.79900e+00
  7.187457125000e-05,  9.77387e+00
  7.291623750000e-05,  9.72362e+00
  7.395790375000e-05,  9.69849e+00
  7.499957000000e-05,  9.67337e+00
  7.604123625000e-05,  9.64824e+00
  7.708290250000e-05,  9.62312e+00
  7.812456875000e-05,  9.59799e+00
  7.916623500000e-05,  9.57286e+00
  8.020790125000e-05,  9.54774e+00
  8.124956750000e-05,  9.49749e+00
  8.229123375000e-05,  9.47236e+00
  8.333290000000e-05,  9.42211e+00
  8.437456625000e-05,  9.39699e+00
  8.541623250000e-05,  9.37186e+00
  8.645789875000e-05,  9.32161e+00
  8.749956500000e-05,  9.29648e+00
  8.854123125000e-05,  9.27136e+00
  8.958289750000e-05,  9.22111e+00
  9.062456375000e-05,  9.19598e+00
  9.166623000000e-05,  9.14573e+00
  9.270789625000e-05,  9.12060e+00
  9.374956250000e-05,  9.07035e+00
  9.479122875000e-05,  9.04523e+00
  9.583289500000e-05,  8.99498e+00
  9.687456125000e-05,  8.96985e+00
  9.791622750000e-05,  8.94472e+00
  9.895789375000e-05,  8.89447e+00
  9.999956000000e-05,  8.84422e+00
  1.010412262500e-04,  8.81910e+00
  1.020828925000e-04,  8.76884e+00
  1.031245587500e-04,  8.74372e+00
  1.041662250000e-04,  8.66834e+00
  1.052078912500e-04,  8.64322e+00
  1.062495575000e-04,  8.61809e+00
  1.072912237500e-04,  8.56784e+00
  1.083328900000e-04,  8.51759e+00
  1.093745562500e-04,  8.49246e+00
  1.104162225000e-04,  8.44221e+00
  1.114578887500e-04,  8.41709e+00
  1.124995550000e-04,  8.39196e+00
  1.135412212500e-04,  8.31658e+00
  1.145828875000e-04,  8.29146e+00
  1.156245537500e-04,  8.24121e+00
  1.166662200000e-04,  8.19096e+00
  1.177078862500e-04,  8.14070e+00
  1.187495525000e-04,  8.11558e+00
  1.197912187500e-04,  8.06533e+00
  1.208328850000e-04,  8.01508e+00
  1.218745512500e-04,  7.96482e+00
  1.229162175000e-04,  7.91457e+00
  1.239578837500e-04,  7.86432e+00
  1.249995500000e-04,  7.81407e+00
  1.260412162500e-04,  7.76382e+00
  1.270828825000e-04,  7.73869e+00
  1.281245487500e-04,  7.68844e+00
  1.291662150000e-04,  7.63819e+00
  1.302078812500e-04,  7.58794e+00
  1.312495475000e-04,  7.53769e+00
  1.322912137500e-04,  7.48744e+00
  1.333328800000e-04,  7.43719e+00
  1.343745462500e-04,  7.38693e+00
  1.354162125000e-04,  7.31156e+00
  1.364578787500e-04,  7.28643e+00
  1.374995450000e-04,  7.23618e+00
  1.385412112500e-04,  7.18593e+00
  1.395828775000e-04,  7.11055e+00
  1.406245437500e-04,  7.08543e+00
  1.416662100000e-04,  7.03518e+00
  1.427078762500e-04,  6.98492e+00
  1.437495425000e-04,  6.90955e+00
  1.447912087500e-04,  6.85930e+00
  1.458328750000e-04,  6.80905e+00
  1.468745412500e-04,  6.75879e+00
  1.479162075000e-04,  6.70854e+00
  1.489578737500e-04,  6.65829e+00
  1.499995400000e-04,  6.58291e+00
  1.510412062500e-04,  6.50754e+00
  1.520828725000e-04,  6.45729e+00
  1.531245387500e-04,  6.40704e+00
  1.541662050000e-04,  6.35678e+00
  1.552078712500e-04,  6.28141e+00
  1.562495375000e-04,  6.23116e+00
  1.572912037500e-04,  6.15578e+00
  1.583328700000e-04,  6.10553e+00
  1.593745362500e-04,  6.05528e+00
  1.604162025000e-04,  5.97990e+00
  1.614578687500e-04,  5.95477e+00
  1.624995350000e-04,  5.87940e+00
  1.635412012500e-04,  5.82915e+00
  1.645828675000e-04,  5.75377e+00
  1.656245337500e-04,  5.67839e+00
  1.666662000000e-04,  5.62814e+00
  1.677078662500e-04,  5.57789e+00
  1.687495325000e-04,  5.52764e+00
  1.697911987500e-04,  5.45226e+00
  1.708328650000e-04,  5.37688e+00
  1.718745312500e-04,  5.30151e+00
  1.729161975000e-04,  5.22613e+00
  1.739578637500e-04,  5.17588e+00
  1.749995300000e-04,  5.10050e+00
  1.760411962500e-04,  5.05025e+00
  1.770828625000e-04,  4.97487e+00
  1.781245287500e-04,  4.92462e+00
  1.791661950000e-04,  4.82412e+00
  1.802078612500e-04,  4.79900e+00
  1.812495275000e-04,  4.69849e+00
  1.822911937500e-04,  4.64824e+00
  1.833328600000e-04,  4.57286e+00
  1.843745262500e-04,  4.52261e+00
  1.854161925000e-04,  4.44724e+00
  1.864578587500e-04,  4.37186e+00
  1.874995250000e-04,  4.32161e+00
  1.885411912500e-04,  4.27136e+00
  1.895828575000e-04,  4.19598e+00
  1.906245237500e-04,  4.14573e+00
  1.916661900000e-04,  4.09548e+00
  1.927078562500e-04,  4.02010e+00
  1.937495225000e-04,  3.94472e+00
  1.947911887500e-04,  3.86935e+00
  1.958328550000e-04,  3.81910e+00
  1.968745212500e-04,  3.74372e+00
  1.979161875000e-04,  3.69347e+00
  1.989578537500e-04,  3.61809e+00
  1.999995200000e-04,  3.56784e+00
  2.010411862500e-04,  3.49246e+00
  2.020828525000e-04,  3.41709e+00
  2.031245187500e-04,  3.34171e+00
  2.041661850000e-04,  3.29146e+00
  2.052078512500e-04,  3.21608e+00
  2.062495175000e-04,  3.14070e+00
  2.072911837500e-04,  3.09045e+00
  2.083328500000e-04,  2.98995e+00
  2.093745162500e-04,  2.93970e+00
  2.104161825000e-04,  2.86432e+00
  2.114578487500e-04,  2.78894e+00
  2.124995150000e-04,  2.71357e+00
  2.135411812500e-04,  2.63819e+00
  2.145828475000e-04,  2.58794e+00
  2.156245137500e-04,  2.51256e+00
  2.166661800000e-04,  2.43719e+00
  2.177078462500e-04,  2.36181e+00
  2.187495125000e-04,  2.28643e+00
  2.197911787500e-04,  2.21106e+00
  2.208328450000e-04,  2.16080e+00
  2.218745112500e-04,  2.06030e+00
  2.229161775000e-04,  2.03518e+00
  2.239578437500e-04,  1.95980e+00
  2.249995100000e-04,  1.88442e+00
  2.260411762500e-04,  1.83417e+00
  2.270828425000e-04,  1.75879e+00
  2.281245087500e-04,  1.68342e+00
  2.291661750000e-04,  1.63317e+00
  2.302078412500e-04,  1.55779e+00
  2.312495075000e-04,  1.48241e+00
  2.322911737500e-04,  1.43216e+00
  2.333328400000e-04,  1.33166e+00
  2.343745062500e-04,  1.25628e+00
  2.354161725000e-04,  1.20603e+00
  2.364578387500e-04,  1.13065e+00
  2.374995050000e-04,  1.03015e+00
  2.385411712500e-04,  9.79900e-01
  2.395828375000e-04,  9.04523e-01
  2.406245037500e-04,  8.29146e-01
  2.416661700000e-04,  7.78894e-01
  2.427078362500e-04,  7.03518e-01
  2.437495025000e-04,  6.28141e-01
  2.447911687500e-04,  5.77889e-01
  2.458328350000e-04,  5.02513e-01
  2.468745012500e-04,  4.27136e-01
  2.479161675000e-04,  3.51759e-01
  2.489578337500e-04,  3.01508e-01
  2.499995000000e-04,  2.26131e-01
  2.510411662500e-04,  1.50754e-01
  2.520828325000e-04,  7.53769e-02
  2.531244987500e-04,  2.51256e-02
  2.541661650000e-04, -7.53769e-02
  2.552078312500e-04, -1.50754e-01
  2.562494975000e-04, -2.01005e-01
  2.572911637500e-04, -3.01508e-01
  2.583328300000e-04, -3.76884e-01
  2.593744962500e-04, -4.27136e-01
  2.604161625000e-04, -5.02513e-01
  2.614578287500e-04, -5.77889e-01
  2.624994950000e-04, -6.53266e-01
  2.635411612500e-04, -7.03518e-01
  2.645828275000e-04, -7.78894e-01
  2.656244937500e-04, -8.54271e-01
  2.666661600000e-04, -9.29648e-01
  2.677078262500e-04, -9.79900e-01
  2.687494925000e-04, -1.05528e+00
  2.697911587500e-04, -1.10553e+00
  2.708328250000e-04, -1.20603e+00
  2.718744912500e-04, -1.25628e+00
  2.729161575000e-04, -1.33166e+00
  2.739578237500e-04, -1.40704e+00
  2.749994900000e-04, -1.48241e+00
  2.760411562500e-04, -1.55779e+00
  2.770828225000e-04, -1.60804e+00
  2.781244887500e-04, -1.65829e+00
  2.791661550000e-04, -1.78392e+00
  2.802078212500e-04, -1.80905e+00
  2.812494875000e-04, -1.88442e+00
  2.822911537500e-04, -1.98492e+00
  2.833328200000e-04, -2.01005e+00
  2.843744862500e-04, -2.08543e+00
  2.854161525000e-04, -2.18593e+00
  2.864578187500e-04, -2.21106e+00
  2.874994850000e-04, -2.31156e+00
  2.885411512500e-04, -2.38693e+00
  2.895828175000e-04, -2.46231e+00
  2.906244837500e-04, -2.51256e+00
  2.916661500000e-04, -2.58794e+00
  2.927078162500e-04, -2.66332e+00
  2.937494825000e-04, -2.73869e+00
  2.947911487500e-04, -2.78894e+00
  2.958328150000e-04, -2.86432e+00
  2.968744812500e-04, -2.93970e+00
  2.979161475000e-04, -2.98995e+00
  2.989578137500e-04, -3.06533e+00
  2.999994800000e-04, -3.14070e+00
  3.010411462500e-04, -3.21608e+00
  3.020828125000e-04, -3.29146e+00
  3.031244787500e-04, -3.34171e+00
  3.041661450000e-04, -3.41709e+00
  3.052078112500e-04, -3.46734e+00
  3.062494775000e-04, -3.56784e+00
  3.072911437500e-04, -3.64322e+00
  3.083328100000e-04, -3.71859e+00
  3.093744762500e-04, -3.74372e+00
  3.104161425000e-04, -3.84422e+00
  3.114578087500e-04, -3.91960e+00
  3.124994750000e-04, -3.96985e+00
  3.135411412500e-04, -4.07035e+00
  3.145828075000e-04, -4.12060e+00
  3.156244737500e-04, -4.19598e+00
  3.166661400000e-04, -4.27136e+00
  3.177078062500e-04, -4.32161e+00
  3.187494725000e-04, -4.42211e+00
  3.197911387500e-04, -4.47236e+00
  3.208328050000e-04, -4.52261e+00
  3.218744712500e-04, -4.59799e+00
  3.229161375000e-04, -4.67337e+00
  3.239578037500e-04, -4.69849e+00
  3.249994700000e-04, -4.79900e+00
  3.260411362500e-04, -4.87437e+00
  3.270828025000e-04, -4.92462e+00
  3.281244687500e-04, -5.00000e+00
  3.291661350000e-04, -5.05025e+00
  3.302078012500e-04, -5.12563e+00
  3.312494675000e-04, -5.17588e+00
  3.322911337500e-04, -5.22613e+00
  3.333328000000e-04, -5.30151e+00
  3.343744662500e-04, -5.35176e+00
  3.354161325000e-04, -5.40201e+00
  3.364577987500e-04, -5.50251e+00
  3.374994650000e-04, -5.55276e+00
  3.385411312500e-04, -5.60301e+00
  3.395827975000e-04, -5.67839e+00
  3.406244637500e-04, -5.72864e+00
  3.416661300000e-04, -5.77889e+00
  3.427077962500e-04, -5.85427e+00
  3.437494625000e-04, -5.92965e+00
  3.447911287500e-04, -5.95477e+00
  3.458327950000e-04, -6.05528e+00
  3.468744612500e-04, -6.08040e+00
  3.479161275000e-04, -6.13065e+00
  3.489577937500e-04, -6.20603e+00
  3.499994600000e-04, -6.25628e+00
  3.510411262500e-04, -6.33166e+00
  3.520827925000e-04, -6.38191e+00
  3.531244587500e-04, -6.43216e+00
  3.541661250000e-04, -6.50754e+00
  3.552077912500e-04, -6.55779e+00
  3.562494575000e-04, -6.63317e+00
  3.572911237500e-04, -6.68342e+00
  3.583327900000e-04, -6.78392e+00
  3.593744562500e-04, -6.80905e+00
  3.604161225000e-04, -6.85930e+00
  3.614577887500e-04, -6.90955e+00
  3.624994550000e-04, -6.98492e+00
  3.635411212500e-04, -7.03518e+00
  3.645827875000e-04, -7.08543e+00
  3.656244537500e-04, -7.13568e+00
  3.666661200000e-04, -7.18593e+00
  3.677077862500e-04, -7.23618e+00
  3.687494525000e-04, -7.28643e+00
  3.697911187500e-04, -7.33668e+00
  3.708327850000e-04, -7.41206e+00
  3.718744512500e-04, -7.43719e+00
  3.729161175000e-04, -7.46231e+00
  3.739577837500e-04, -7.56281e+00
  3.749994500000e-04, -7.58794e+00
  3.760411162500e-04, -7.63819e+00
  3.770827825000e-04, -7.71357e+00
  3.781244487500e-04, -7.76382e+00
  3.791661150000e-04, -7.81407e+00
  3.802077812500e-04, -7.83920e+00
  3.812494475000e-04, -7.91457e+00
  3.822911137500e-04, -7.96482e+00
  3.833327800000e-04, -8.01508e+00
  3.843744462500e-04, -8.06533e+00
  3.854161125000e-04, -8.11558e+00
  3.864577787500e-04, -8.14070e+00
  3.874994450000e-04, -8.21608e+00
  3.885411112500e-04, -8.26633e+00
  3.895827775000e-04, -8.29146e+00
  3.906244437500e-04, -8.36683e+00
  3.916661100000e-04, -8.41709e+00
  3.927077762500e-04, -8.44221e+00
  3.937494425000e-04, -8.49246e+00
  3.947911087500e-04, -8.54271e+00
  3.958327750000e-04, -8.56784e+00
  3.968744412500e-04, -8.61809e+00
  3.979161075000e-04, -8.66834e+00
  3.989577737500e-04, -8.69347e+00
  3.999994400000e-04, -8.74372e+00
  4.010411062500e-04, -8.79397e+00
  4.020827725000e-04, -8.84422e+00
  4.031244387500e-04, -8.86935e+00
  4.041661050000e-04, -8.91960e+00
  4.052077712500e-04, -8.96985e+00
  4.062494375000e-04, -8.99498e+00
  4.072911037500e-04, -9.04523e+00
  4.083327700000e-04, -9.07035e+00
  4.093744362500e-04, -9.12060e+00
  4.104161025000e-04, -9.14573e+00
  4.114577687500e-04, -9.19598e+00
  4.124994350000e-04, -9.22111e+00
  4.135411012500e-04, -9.27136e+00
  4.145827675000e-04, -9.29648e+00
  4.156244337500e-04, -9.32161e+00
  4.166661000000e-04, -9.34673e+00
  4.177077662500e-04, -9.39699e+00
  4.187494325000e-04, -9.42211e+00
  4.197910987500e-04, -9.47236e+00
  4.208327650000e-04, -9.52261e+00
  4.218744312500e-04, -9.54774e+00
  4.229160975000e-04, -9.57286e+00
  4.239577637500e-04, -9.62312e+00
  4.249994300000e-04, -9.64824e+00
  4.260410962500e-04, -9.69849e+00
  4.270827625000e-04, -9.69849e+00
  4.281244287500e-04, -9.74874e+00
  4.291660950000e-04, -9.77387e+00
  4.302077612500e-04, -9.79900e+00
  4.312494275000e-04, -9.84925e+00
  4.322910937500e-04, -9.84925e+00
  4.333327600000e-04, -9.89950e+00
  4.343744262500e-04, -9.92462e+00
  4.354160925000e-04, -9.97487e+00
  4.364577587500e-04, -1.00000e+01
  4.374994250000e-04, -1.00251e+01
  4.385410912500e-04, -1.00503e+01
  4.395827575000e-04, -1.00754e+01
  4.406244237500e-04, -1.00754e+01
  4.416660900000e-04, -1.01005e+01
  4.427077562500e-04, -1.01256e+01
  4.437494225000e-04, -1.01508e+01
  4.447910887500e-04, -1.02010e+01
  4.458327550000e-04, -1.02010e+01
  4.468744212500e-04, -1.02261e+01
  4.479160875000e-04, -1.02764e+01
  4.489577537500e-04, -1.02764e+01
  4.499994200000e-04, -1.03015e+01
  4.510410862500e-04, -1.03518e+01
  4.520827525000e-04, -1.03518e+01
  4.531244187500e-04, -1.04020e+01
  4.541660850000e-04, -1.04020e+01
  4.552077512500e-04, -1.04271e+01
  4.562494175000e-04, -1.04523e+01
  4.572910837500e-04, -1.04523e+01
  4.583327500000e-04, -1.05025e+01
  4.593744162500e-04, -1.05025e+01
  4.604160825000e-04, -1.05276e+01
  4.614577487500e-04, -1.05779e+01
  4.624994150000e-04, -1.05528e+01
  4.635410812500e-04, -1.06030e+01
  4.645827475000e-04, -1.06030e+01
  4.656244137500e-04, -1.06030e+01
  4.666660800000e-04, -1.06281e+01
  4.677077462500e-04, -1.06784e+01
  4.687494125000e-04, -1.07035e+01
  4.697910787500e-04, -1.07035e+01
  4.708327450000e-04, -1.07286e+01
  4.718744112500e-04, -1.07286e+01
  4.729160775000e-04, -1.07538e+01
  4.739577437500e-04, -1.07789e+01
  4.749994100000e-04, -1.07789e+01
  4.760410762500e-04, -1.07789e+01
  4.770827425000e-04, -1.08291e+01
  4.781244087500e-04, -1.08040e+01
  4.791660750000e-04, -1.08291e+01
  4.802077412500e-04, -1.08543e+01
  4.812494075000e-04, -1.08543e+01
  4.822910737500e-04, -1.08543e+01
  4.833327400000e-04, -1.08794e+01
  4.843744062500e-04, -1.08794e+01
  4.854160725000e-04, -1.08794e+01
  4.864577387500e-04, -1.08794e+01
  4.874994050000e-04, -1.09045e+01
  4.885410712500e-04, -1.09045e+01
  4.895827375000e-04, -1.09045e+01
  4.906244037500e-04, -1.09045e+01
  4.916660700000e-04, -1.09045e+01
  4.927077362500e-04, -1.09045e+01
  4.937494025000e-04, -1.09296e+01
  4.947910687500e-04, -1.09296e+01
  4.958327350000e-04, -1.09045e+01
  4.968744012500e-04, -1.09045e+01
  4.979160675000e-04, -1.09296e+01
  4.989577337500e-04, -1.09296e+01
  4.999994000000e-04, -1.09296e+01
  5.010410662500e-04, -1.09296e+01
  5.020827325000e-04, -1.09296e+01
  5.031243987500e-04, -1.09296e+01
  5.041660650000e-04, -1.09296e+01
  5.052077312500e-04, -1.09296e+01
  5.062493975000e-04, -1.09296e+01
  5.072910637500e-04, -1.09045e+01
  5.083327300000e-04, -1.09045e+01
  5.093743962500e-04, -1.09045e+01
  5.104160625000e-04, -1.09045e+01
  5.114577287500e-04, -1.08794e+01
  5.124993950000e-04, -1.08794e+01
  5.135410612500e-04, -1.08794e+01
  5.145827275000e-04, -1.08794e+01
  5.156243937500e-04, -1.08794e+01
  5.166660600000e-04, -1.08543e+01
  5.177077262500e-04, -1.08543e+01
  5.187493925000e-04, -1.08543e+01
  5.197910587500e-04, -1.08543e+01
  5.208327250000e-04, -1.08543e+01
  5.218743912500e-04, -1.08291e+01
  5.229160575000e-04, -1.08040e+01
  5.239577237500e-04, -1.08040e+01
  5.249993900000e-04, -1.08040e+01
  5.260410562500e-04, -1.08040e+01
  5.270827225000e-04, -1.07789e+01
  5.281243887500e-04, -1.07789e+01
  5.291660550000e-04, -1.07538e+01
  5.302077212500e-04, -1.07538e+01
  5.312493875000e-04, -1.07538e+01
  5.322910537500e-04, -1.07035e+01
  5.333327200000e-04, -1.07035e+01
  5.343743862500e-04, -1.07035e+01
  5.354160525000e-04, -1.06784e+01
  5.364577187500e-04, -1.06533e+01
  5.374993850000e-04, -1.06281e+01
  5.385410512500e-04, -1.06281e+01
  5.395827175000e-04, -1.06030e+01
  5.406243837500e-04, -1.05779e+01
  5.416660500000e-04, -1.05779e+01
  5.427077162500e-04, -1.05528e+01
  5.437493825000e-04, -1.05276e+01
  5.447910487500e-04, -1.05025e+01
  5.458327150000e-04, -1.05025e+01
  5.468743812500e-04, -1.04774e+01
  5.479160475000e-04, -1.04523e+01
  5.489577137500e-04, -1.04523e+01
  5.499993800000e-04, -1.04271e+01
  5.510410462500e-04, -1.04020e+01
  5.520827125000e-04, -1.03769e+01
  5.531243787500e-04, -1.03518e+01
  5.541660450000e-04, -1.03518e+01
  5.552077112500e-04, -1.03266e+01
  5.562493775000e-04, -1.02764e+01
  5.572910437500e-04, -1.02764e+01
  5.583327100000e-04, -1.02513e+01
  5.593743762500e-04, -1.02261e+01
  5.604160425000e-04, -1.01759e+01
  5.614577087500e-04, -1.01759e+01
  5.624993750000e-04, -1.01508e+01
  5.635410412500e-04, -1.01256e+01
  5.645827075000e-04, -1.01005e+01
  5.656243737500e-04, -1.00754e+01
  5.666660400000e-04, -1.00503e+01
  5.677077062500e-04, -1.00251e+01
  5.687493725000e-04, -1.00000e+01
  5.697910387500e-04, -9.97487e+00
  5.708327050000e-04, -9.92462e+00
  5.718743712500e-04, -9.89950e+00
  5.729160375000e-04, -9.87437e+00
  5.739577037500e-04, -9.82412e+00
  5.749993700000e-04, -9.82412e+00
  5.760410362500e-04, -9.79900e+00
  5.770827025000e-04, -9.74874e+00
  5.781243687500e-04, -9.69849e+00
  5.791660350000e-04, -9.69849e+00
  5.802077012500e-04, -9.62312e+00
  5.812493675000e-04, -9.62312e+00
  5.822910337500e-04, -9.57286e+00
  5.833327000000e-04, -9.54774e+00
  5.843743662500e-04, -9.52261e+00
  5.854160325000e-04, -9.47236e+00
  5.864576987500e-04, -9.42211e+00
  5.874993650000e-04, -9.39699e+00
  5.885410312500e-04, -9.37186e+00
  5.895826975000e-04, -9.32161e+00
  5.906243637500e-04, -9.29648e+00
  5.916660300000e-04, -9.27136e+00
  5.927076962500e-04, -9.22111e+00
  5.937493625000e-04, -9.19598e+00
  5.947910287500e-04, -9.14573e+00
  5.958326950000e-04, -9.12060e+00
  5.968743612500e-04, -9.04523e+00
  5.979160275000e-04, -9.02010e+00
  5.989576937500e-04, -8.99498e+00
  5.999993600000e-04, -8.94472e+00
  6.010410262500e-04, -8.89447e+00
  6.020826925000e-04, -8.86935e+00
  6.031243587500e-04, -8.81910e+00
  6.041660250000e-04, -8.76884e+00
  6.052076912500e-04, -8.71859e+00
  6.062493575000e-04, -8.69347e+00
  6.072910237500e-04, -8.64322e+00
  6.083326900000e-04, -8.59297e+00
  6.093743562500e-04, -8.54271e+00
  6.104160225000e-04, -8.51759e+00
  6.114576887500e-04, -8.46734e+00
  6.124993550000e-04, -8.41709e+00
  6.135410212500e-04, -8.39196e+00
  6.145826875000e-04, -8.31658e+00
  6.156243537500e-04, -8.26633e+00
  6.166660200000e-04, -8.21608e+00
  6.177076862500e-04, -8.16583e+00
  6.187493525000e-04, -8.11558e+00
  6.197910187500e-04, -8.06533e+00
  6.208326850000e-04, -8.04020e+00
  6.218743512500e-04, -7.98995e+00
  6.229160175000e-04, -7.91457e+00
  6.239576837500e-04, -7.86432e+00
  6.249993500000e-04, -7.81407e+00
  6.260410162500e-04, -7.76382e+00
  6.270826825000e-04, -7.73869e+00
  6.281243487500e-04, -7.66332e+00
  6.291660150000e-04, -7.61307e+00
  6.302076812500e-04, -7.56281e+00
  6.312493475000e-04, -7.51256e+00
  6.322910137500e-04, -7.46231e+00
  6.333326800000e-04, -7.38693e+00
  6.343743462500e-04, -7.36181e+00
  6.354160125000e-04, -7.28643e+00
  6.364576787500e-04, -7.23618e+00
  6.374993450000e-04, -7.18593e+00
  6.385410112500e-04, -7.13568e+00
  6.395826775000e-04, -7.08543e+00
  6.406243437500e-04, -7.01005e+00
  6.416660100000e-04, -6.95980e+00
  6.427076762500e-04, -6.90955e+00
  6.437493425000e-04, -6.85930e+00
  6.447910087500e-04, -6.80905e+00
  6.458326750000e-04, -6.73367e+00
  6.468743412500e-04, -6.65829e+00
  6.479160075000e-04, -6.60804e+00
  6.489576737500e-04, -6.55779e+00
  6.499993400000e-04, -6.48241e+00
  6.510410062500e-04, -6.43216e+00
  6.520826725000e-04, -6.38191e+00
  6.531243387500e-04, -6.33166e+00
  6.541660050000e-04, -6.25628e+00
  6.552076712500e-04, -6.18090e+00
  6.562493375000e-04, -6.13065e+00
  6.572910037500e-04, -6.05528e+00
  6.583326700000e-04, -6.00503e+00
  6.593743362500e-04, -5.95477e+00
  6.604160025000e-04, -5.90452e+00
  6.614576687500e-04, -5.82915e+00
  6.624993350000e-04, -5.75377e+00
  6.635410012500e-04, -5.70352e+00
  6.645826675000e-04, -5.65327e+00
  6.656243337500e-04, -5.60301e+00
  6.666660000000e-04, -5.52764e+00
  6.677076662500e-04, -5.47739e+00
  6.687493325000e-04, -5.37688e+00
  6.697909987500e-04, -5.35176e+00
  6.708326650000e-04, -5.27638e+00
  6.718743312500e-04, -5.20100e+00
  6.729159975000e-04, -5.17588e+00
  6.739576637500e-04, -5.10050e+00
  6.749993300000e-04, -5.02513e+00
  6.760409962500e-04, -4.94975e+00
  6.770826625000e-04, -4.89950e+00
  6.781243287500e-04, -4.82412e+00
  6.791659950000e-04, -4.74874e+00
  6.802076612500e-04, -4.67337e+00
  6.812493275000e-04, -4.62312e+00
  6.822909937500e-04, -4.57286e+00
  6.833326600000e-04, -4.49749e+00
  6.843743262500e-04, -4.42211e+00
  6.854159925000e-04, -4.37186e+00
  6.864576587500e-04, -4.29648e+00
  6.874993250000e-04, -4.24623e+00
  6.885409912500e-04, -4.14573e+00
  6.895826575000e-04, -4.07035e+00
  6.906243237500e-04, -4.04523e+00
  6.916659900000e-04, -3.94472e+00
  6.927076562500e-04, -3.86935e+00
  6.937493225000e-04, -3.79397e+00
  6.947909887500e-04, -3.74372e+00
  6.958326550000e-04, -3.66834e+00
  6.968743212500e-04, -3.61809e+00
  6.979159875000e-04, -3.51759e+00
  6.989576537500e-04, -3.46734e+00
  6.999993200000e-04, -3.36683e+00
  7.010409862500e-04, -3.29146e+00
  7.020826525000e-04, -3.24121e+00
  7.031243187500e-04, -3.16583e+00
  7.041659850000e-04, -3.09045e+00
  7.052076512500e-04, -3.01508e+00
  7.062493175000e-04, -2.93970e+00
  7.072909837500e-04, -2.86432e+00
  7.083326500000e-04, -2.83920e+00
  7.093743162500e-04, -2.76382e+00
  7.104159825000e-04, -2.68844e+00
  7.114576487500e-04, -2.61307e+00
  7.124993150000e-04, -2.51256e+00
  7.135409812500e-04, -2.46231e+00
  7.145826475000e-04, -2.38693e+00
  7.156243137500e-04, -2.33668e+00
  7.166659800000e-04, -2.23618e+00
  7.177076462500e-04, -2.16080e+00
  7.187493125000e-04, -2.08543e+00
  7.197909787500e-04, -2.03518e+00
  7.208326450000e-04, -1.95980e+00
  7.218743112500e-04, -1.90955e+00
  7.229159775000e-04, -1.83417e+00
  7.239576437500e-04, -1.75879e+00
  7.249993100000e-04, -1.68342e+00
  7.260409762500e-04, -1.60804e+00
  7.270826425000e-04, -1.53266e+00
  7.281243087500e-04, -1.48241e+00
  7.291659750000e-04, -1.40704e+00
  7.302076412500e-04, -1.33166e+00
  7.312493075000e-04, -1.25628e+00
  7.322909737500e-04, -1.20603e+00
  7.333326400000e-04, -1.15578e+00
  7.343743062500e-04, -1.05528e+00
  7.354159725000e-04, -1.00503e+00
  7.364576387500e-04, -9.29648e-01
  7.374993050000e-04, -8.29146e-01
  7.385409712500e-04, -7.78894e-01
  7.395826375000e-04, -7.28643e-01
  7.406243037500e-04, -6.53266e-01
  7.416659700000e-04, -5.77889e-01
  7.427076362500e-04, -5.02513e-01
  7.437493025000e-04, -4.27136e-01
  7.447909687500e-04, -3.51759e-01
  7.458326350000e-04, -2.76382e-01
  7.468743012500e-04, -2.01005e-01
  7.479159675000e-04, -1.25628e-01
  7.489576337500e-04, -7.53769e-02
  7.499993000000e-04,  0.00000e+00
  7.510409662500e-04,  7.53769e-02
  7.520826325000e-04,  1.75879e-01
  7.531242987500e-04,  2.26131e-01
  7.541659650000e-04,  3.01508e-01
  7.552076312500e-04,  3.76884e-01
  7.562492975000e-04,  4.27136e-01
  7.572909637500e-04,  5.02513e-01
  7.583326300000e-04,  5.77889e-01
  7.593742962500e-04,  6.53266e-01
  7.604159625000e-04,  7.28643e-01
  7.614576287500e-04,  7.53769e-01
  7.624992950000e-04,  8.29146e-01
  7.635409612500e-04,  9.29648e-01
  7.645826275000e-04,  1.00503e+00
  7.656242937500e-04,  1.05528e+00
  7.666659600000e-04,  1.13065e+00
  7.677076262500e-04,  1.20603e+00
  7.687492925000e-04,  1.28141e+00
  7.697909587500e-04,  1.33166e+00
  7.708326250000e-04,  1.43216e+00
  7.718742912500e-04,  1.48241e+00
  7.729159575000e-04,  1.58291e+00
  7.739576237500e-04,  1.63317e+00
  7.749992900000e-04,  1.68342e+00
  7.760409562500e-04,  1.75879e+00
  7.770826225000e-04,  1.85930e+00
  7.781242887500e-04,  1.90955e+00
  7.791659550000e-04,  1.98492e+00
  7.802076212500e-04,  2.03518e+00
  7.812492875000e-04,  2.11055e+00
  7.822909537500e-04,  2.16080e+00
  7.833326200000e-04,  2.23618e+00
  7.843742862500e-04,  2.31156e+00
  7.854159525000e-04,  2.38693e+00
  7.864576187500e-04,  2.46231e+00
  7.874992850000e-04,  2.53769e+00
  7.885409512500e-04,  2.61307e+00
  7.895826175000e-04,  2.68844e+00
  7.906242837500e-04,  2.76382e+00
  7.916659500000e-04,  2.83920e+00
  7.927076162500e-04,  2.88945e+00
  7.937492825000e-04,  2.96482e+00
  7.947909487500e-04,  3.06533e+00
  7.958326150000e-04,  3.11558e+00
  7.968742812500e-04,  3.16583e+00
  7.979159475000e-04,  3.24121e+00
  7.989576137500e-04,  3.31658e+00
  7.999992800000e-04,  3.39196e+00
  8.010409462500e-04,  3.46734e+00
  8.020826125000e-04,  3.54271e+00
  8.031242787500e-04,  3.56784e+00
  8.041659450000e-04,  3.64322e+00
  8.052076112500e-04,  3.71859e+00
  8.062492775000e-04,  3.79397e+00
  8.072909437500e-04,  3.84422e+00
  8.083326100000e-04,  3.94472e+00
  8.093742762500e-04,  3.96985e+00
  8.104159425000e-04,  4.04523e+00
  8.114576087500e-04,  4.14573e+00
  8.124992750000e-04,  4.17085e+00
  8.135409412500e-04,  4.27136e+00
  8.145826075000e-04,  4.32161e+00
  8.156242737500e-04,  4.37186e+00
  8.166659400000e-04,  4.44724e+00
  8.177076062500e-04,  4.49749e+00
  8.187492725000e-04,  4.54774e+00
  8.197909387500e-04,  4.64824e+00
  8.208326050000e-04,  4.67337e+00
  8.218742712500e-04,  4.77387e+00
  8.229159375000e-04,  4.82412e+00
  8.239576037500e-04,  4.89950e+00
  8.249992700000e-04,  4.94975e+00
  8.260409362500e-04,  5.02513e+00
  8.270826025000e-04,  5.10050e+00
  8.281242687500e-04,  5.17588e+00
  8.291659350000e-04,  5.22613e+00
  8.302076012500e-04,  5.27638e+00
  8.312492675000e-04,  5.35176e+00
  8.322909337500e-04,  5.40201e+00
  8.333326000000e-04,  5.47739e+00
  8.343742662500e-04,  5.55276e+00
  8.354159325000e-04,  5.62814e+00
  8.364575987500e-04,  5.67839e+00
  8.374992650000e-04,  5.72864e+00
  8.385409312500e-04,  5.80402e+00
  8.395825975000e-04,  5.85427e+00
  8.406242637500e-04,  5.92965e+00
  8.416659300000e-04,  5.97990e+00
  8.427075962500e-04,  6.03015e+00
  8.437492625000e-04,  6.08040e+00
  8.447909287500e-04,  6.15578e+00
  8.458325950000e-04,  6.20603e+00
  8.468742612500e-04,  6.28141e+00
  8.479159275000e-04,  6.33166e+00
  8.489575937500e-04,  6.38191e+00
  8.499992600000e-04,  6.45729e+00
  8.510409262500e-04,  6.53266e+00
  8.520825925000e-04,  6.55779e+00
  8.531242587500e-04,  6.63317e+00
  8.541659250000e-04,  6.70854e+00
  8.552075912500e-04,  6.73367e+00
  8.562492575000e-04,  6.78392e+00
  8.572909237500e-04,  6.83417e+00
  8.583325900000e-04,  6.88442e+00
  8.593742562500e-04,  6.95980e+00
  8.604159225000e-04,  6.98492e+00
  8.614575887500e-04,  7.06030e+00
  8.624992550000e-04,  7.11055e+00
  8.635409212500e-04,  7.16080e+00
  8.645825875000e-04,  7.21106e+00
  8.656242537500e-04,  7.26131e+00
  8.666659200000e-04,  7.31156e+00
  8.677075862500e-04,  7.36181e+00
  8.687492525000e-04,  7.43719e+00
  8.697909187500e-04,  7.48744e+00
  8.708325850000e-04,  7.53769e+00
  8.718742512500e-04,  7.56281e+00
  8.729159175000e-04,  7.61307e+00
  8.739575837500e-04,  7.66332e+00
  8.749992500000e-04,  7.68844e+00
  8.760409162500e-04,  7.76382e+00
  8.770825825000e-04,  7.81407e+00
  8.781242487500e-04,  7.83920e+00
  8.791659150000e-04,  7.91457e+00
  8.802075812500e-04,  7.93970e+00
  8.812492475000e-04,  7.98995e+00
  8.822909137500e-04,  8.04020e+00
  8.833325800000e-04,  8.09045e+00
  8.843742462500e-04,  8.11558e+00
  8.854159125000e-04,  8.16583e+00
  8.864575787500e-04,  8.21608e+00
  8.874992450000e-04,  8.26633e+00
  8.885409112500e-04,  8.31658e+00
  8.895825775000e-04,  8.36683e+00
  8.906242437500e-04,  8.39196e+00
  8.916659100000e-04,  8.44221e+00
  8.927075762500e-04,  8.46734e+00
  8.937492425000e-04,  8.49246e+00
  8.947909087500e-04,  8.54271e+00
  8.958325750000e-04,  8.56784e+00
  8.968742412500e-04,  8.61809e+00
  8.979159075000e-04,  8.66834e+00
  8.989575737500e-04,  8.69347e+00
  8.999992400000e-04,  8.74372e+00
  9.010409062500e-04,  8.79397e+00
  9.020825725000e-04,  8.81910e+00
  9.031242387500e-04,  8.86935e+00
  9.041659050000e-04,  8.91960e+00
  9.052075712500e-04,  8.91960e+00
  9.062492375000e-04,  8.99498e+00
  9.072909037500e-04,  8.99498e+00
  9.083325700000e-04,  9.07035e+00
  9.093742362500e-04,  9.09548e+00
  9.104159025000e-04,  9.14573e+00
  9.114575687500e-04,  9.17085e+00
  9.124992350000e-04,  9.22111e+00
  9.135409012500e-04,  9.24623e+00
  9.145825675000e-04,  9.27136e+00
  9.156242337500e-04,  9.29648e+00
  9.166659000000e-04,  9.34673e+00
  9.177075662500e-04,  9.37186e+00
  9.187492325000e-04,  9.39699e+00
  9.197908987500e-04,  9.44724e+00
  9.208325650000e-04,  9.47236e+00
  9.218742312500e-04,  9.52261e+00
  9.229158975000e-04,  9.52261e+00
  9.239575637500e-04,  9.57286e+00
  9.249992300000e-04,  9.59799e+00
  9.260408962500e-04,  9.62312e+00
  9.270825625000e-04,  9.64824e+00
  9.281242287500e-04,  9.69849e+00
  9.291658950000e-04,  9.69849e+00
  9.302075612500e-04,  9.74874e+00
  9.312492275000e-04,  9.77387e+00
  9.322908937500e-04,  9.79900e+00
  9.333325600000e-04,  9.82412e+00
  9.343742262500e-04,  9.87437e+00
  9.354158925000e-04,  9.87437e+00
  9.364575587500e-04,  9.92462e+00
  9.374992250000e-04,  9.92462e+00
  9.385408912500e-04,  9.97487e+00
  9.395825575000e-04,  9.97487e+00
  9.406242237500e-04,  1.00000e+01
  9.416658900000e-04,  1.00251e+01
  9.427075562500e-04,  1.00503e+01
  9.437492225000e-04,  1.00754e+01
  9.447908887500e-04,  1.01005e+01
  9.458325550000e-04,  1.01005e+01
  9.468742212500e-04,  1.01256e+01
  9.479158875000e-04,  1.01508e+01
  9.489575537500e-04,  1.02010e+01
  9.499992200000e-04,  1.02010e+01
  9.510408862500e-04,  1.02261e+01
  9.520825525000e-04,  1.02764e+01
  9.531242187500e-04,  1.02764e+01
  9.541658850000e-04,  1.02764e+01
  9.552075512500e-04,  1.03015e+01
  9.562492175000e-04,  1.03266e+01
  9.572908837500e-04,  1.03518e+01
  9.583325500000e-04,  1.03769e+01
  9.593742162500e-04,  1.03769e+01
  9.604158825000e-04,  1.04020e+01
  9.614575487500e-04,  1.04271e+01
  9.624992150000e-04,  1.04271e+01
  9.635408812500e-04,  1.04523e+01
  9.645825475000e-04,  1.04523e+01
  9.656242137500e-04,  1.04774e+01
  9.666658800000e-04,  1.04774e+01
  9.677075462500e-04,  1.05025e+01
  9.687492125000e-04,  1.05025e+01
  9.697908787500e-04,  1.05276e+01
  9.708325450000e-04,  1.05276e+01
  9.718742112500e-04,  1.05276e+01
  9.729158775000e-04,  1.05528e+01
  9.739575437500e-04,  1.05779e+01
  9.749992100000e-04,  1.05779e+01
  9.760408762500e-04,  1.05528e+01
  9.770825425000e-04,  1.05779e+01
  9.781242087500e-04,  1.05779e+01
  9.791658750000e-04,  1.05779e+01
  9.802075412500e-04,  1.06030e+01
  9.812492075000e-04,  1.06030e+01
  9.822908737500e-04,  1.06030e+01
  9.833325400000e-04,  1.06281e+01
  9.843742062500e-04,  1.06281e+01
  9.854158725000e-04,  1.06281e+01
  9.864575387500e-04,  1.06281e+01
  9.874992050000e-04,  1.06281e+01
  9.885408712500e-04,  1.06030e+01
  9.895825375000e-04,  1.06281e+01
  9.906242037500e-04,  1.06281e+01
  9.916658700000e-04,  1.06281e+01
  9.927075362500e-04,  1.06030e+01
  9.937492025000e-04,  1.06281e+01
  9.947908687500e-04,  1.06281e+01
  9.958325350000e-04,  1.06281e+01
  9.968742012500e-04,  1.06030e+01
  9.979158675000e-04,  1.06030e+01