x-axis,1,2
second,Volt,Volt
-7.6500E-03,+10.9296483E+00,+3.8271357E+00
-7.6400E-03,+10.9296483E+00,+3.6562815E+00
-7.6300E-03,+10.8542714E+00,+3.2804021E+00
-7.6200E-03,+10.8542714E+00,+2.8361810E+00
-7.6100E-03,+10.8542714E+00,+2.4603015E+00
-7.6000E-03,+10.7286433E+00,+2.0160804E+00
-7.5900E-03,+10.7788946E+00,+1.5376885E+00
-7.5800E-03,+10.6532664E+00,+922.6131E-03
-7.5700E-03,+10.6532664E+00,+444.2211E-03
-7.5600E-03,+10.7788946E+00,+0.0E+00
-7.5500E-03,+10.7788946E+00,-546.7337E-03
-7.5400E-03,+10.7286433E+00,-922.6131E-03
-7.5300E-03,+10.6532664E+00,-1.4693468E+00
-7.5200E-03,+10.8542714E+00,-2.3577890E+00
-7.5100E-03,+10.6532664E+00,-2.6311558E+00
-7.5000E-03,+10.8542714E+00,-2.9045227E+00
-7.4900E-03,+10.8542714E+00,-3.2804021E+00
-7.4800E-03,+11.0552765E+00,-3.5537689E+00
-7.4700E-03,+10.9296483E+00,-3.7246232E+00
-7.4600E-03,+11.0552765E+00,-3.7246232E+00
-7.4500E-03,+10.9798996E+00,-3.8271357E+00
-7.4400E-03,+11.0552765E+00,-3.7587940E+00
-7.4300E-03,+11.2562815E+00,-3.5537689E+00
-7.4200E-03,+11.0552765E+00,-3.3829146E+00
-7.4100E-03,+11.1809046E+00,-3.2804021E+00
-7.4000E-03,+11.1306534E+00,-2.8361810E+00
-7.3900E-03,+11.1306534E+00,-2.6311558E+00
-7.3800E-03,+11.1306534E+00,-2.0160804E+00
-7.3700E-03,+11.2562815E+00,-1.6402010E+00
-7.3600E-03,+11.3316584E+00,-1.1959799E+00
-7.3500E-03,+11.1809046E+00,-820.1005E-03
-7.3400E-03,+11.2562815E+00,-273.3668E-03
-7.3300E-03,+11.2562815E+00,+0.0E+00
-7.3200E-03,+11.2562815E+00,+546.7337E-03
-7.3100E-03,+11.2562815E+00,+820.1005E-03
-7.3000E-03,+11.1306534E+00,+1.3668342E+00
-7.2900E-03,+11.1306534E+00,+1.6402010E+00
-7.2800E-03,+11.1306534E+00,+1.9135679E+00
-7.2700E-03,+11.1306534E+00,+2.1869347E+00
-7.2600E-03,+11.1809046E+00,+2.5628141E+00
-7.2500E-03,+11.0552765E+00,+2.6311558E+00
-7.2400E-03,+11.0552765E+00,+2.6311558E+00
-7.2300E-03,+11.0552765E+00,+2.8020101E+00
-7.2200E-03,+10.8542714E+00,+2.4603015E+00
-7.2100E-03,+11.0552765E+00,+2.4603015E+00
-7.2000E-03,+10.8542714E+00,+2.2894473E+00
-7.1900E-03,+10.8542714E+00,+1.9135679E+00
-7.1800E-03,+10.8542714E+00,+1.6402010E+00
-7.1700E-03,+10.7286433E+00,+1.3668342E+00
-7.1600E-03,+10.8542714E+00,+1.0934674E+00
-7.1500E-03,+10.7286433E+00,+820.1005E-03
-7.1400E-03,+10.9798996E+00,+273.3668E-03
-7.1300E-03,+10.8040202E+00,+0.0E+00
-7.1200E-03,+10.8542714E+00,-273.3668E-03
-7.1100E-03,+10.7788946E+00,-717.5880E-03
-7.1000E-03,+10.8542714E+00,-1.0934674E+00
-7.0900E-03,+10.9798996E+00,-1.5376885E+00
-7.0800E-03,+10.7788946E+00,-1.6402010E+00
-7.0700E-03,+10.9798996E+00,-2.0844221E+00
-7.0600E-03,+10.8542714E+00,-2.2552764E+00
-7.0500E-03,+10.9045227E+00,-2.5628141E+00
-7.0400E-03,+10.9798996E+00,-2.7336684E+00
-7.0300E-03,+11.0552765E+00,-2.9045227E+00
-7.0200E-03,+11.0552765E+00,-2.9045227E+00
-7.0100E-03,+10.9296483E+00,-2.8361810E+00
-7.0000E-03,+11.0552765E+00,-2.6311558E+00
-6.9900E-03,+11.0552765E+00,-2.5628141E+00
-6.9800E-03,+11.0552765E+00,-2.4603015E+00
-6.9700E-03,+11.1306534E+00,-2.2894473E+00
-6.9600E-03,+11.0552765E+00,-1.9135679E+00
-6.9500E-03,+11.1306534E+00,-1.9135679E+00
-6.9400E-03,+11.0552765E+00,-1.4693468E+00
-6.9300E-03,+11.2562815E+00,-1.2643216E+00
-6.9200E-03,+11.1809046E+00,-820.1005E-03
-6.9100E-03,+11.1809046E+00,-546.7337E-03
-6.9000E-03,+11.1809046E+00,-273.3668E-03
-6.8900E-03,+11.2562815E+00,+341.7085E-03
-6.8800E-03,+11.0552765E+00,+444.2211E-03
-6.8700E-03,+11.1306534E+00,+717.5880E-03
-6.8600E-03,+11.1306534E+00,+990.9548E-03
-6.8500E-03,+11.0552765E+00,+1.1959799E+00
-6.8400E-03,+11.1306534E+00,+1.3668342E+00
-6.8300E-03,+11.0552765E+00,+1.6402010E+00
-6.8200E-03,+11.0552765E+00,+1.6402010E+00
-6.8100E-03,+11.0552765E+00,+1.7427136E+00
-6.8000E-03,+10.9798996E+00,+1.6402010E+00
-6.7900E-03,+11.0552765E+00,+1.6402010E+00
-6.7800E-03,+10.9296483E+00,+1.6402010E+00
-6.7700E-03,+11.0552765E+00,+1.3668342E+00
-6.7600E-03,+10.8542714E+00,+1.4693468E+00
-6.7500E-03,+10.9296483E+00,+1.0934674E+00
-6.7400E-03,+10.8542714E+00,+922.6131E-03
-6.7300E-03,+10.9296483E+00,+820.1005E-03
-6.7200E-03,+10.9296483E+00,+546.7337E-03
-6.7100E-03,+10.8542714E+00,+273.3668E-03
-6.7000E-03,+10.8542714E+00,-170.8543E-03
-6.6900E-03,+10.9798996E+00,-102.5126E-03
-6.6800E-03,+10.8542714E+00,-649.2462E-03
-6.6700E-03,+10.8542714E+00,-820.1005E-03
-6.6600E-03,+10.9296483E+00,-820.1005E-03
-6.6500E-03,+10.8542714E+00,-1.0934674E+00
-6.6400E-03,+10.9296483E+00,-1.7085427E+00
-6.6300E-03,+10.8542714E+00,-1.6060302E+00
-6.6200E-03,+10.9798996E+00,-1.9135679E+00
-6.6100E-03,+10.8542714E+00,-1.8110553E+00
-6.6000E-03,+10.9798996E+00,-1.9135679E+00
-6.5900E-03,+11.1306534E+00,-2.0844221E+00
-6.5800E-03,+10.9798996E+00,-2.0160804E+00
-6.5700E-03,+10.9296483E+00,-2.0160804E+00
-6.5600E-03,+10.9798996E+00,-2.0160804E+00
-6.5500E-03,+11.0552765E+00,-2.0160804E+00
-6.5400E-03,+11.0552765E+00,-1.9135679E+00
-6.5300E-03,+11.1306534E+00,-1.6402010E+00
-6.5200E-03,+11.0552765E+00,-1.4693468E+00
-6.5100E-03,+11.1306534E+00,-1.1959799E+00
-6.5000E-03,+11.2562815E+00,-1.0934674E+00
-6.4900E-03,+11.0552765E+00,-820.1005E-03
-6.4800E-03,+11.1809046E+00,-546.7337E-03
-6.4700E-03,+11.0552765E+00,-375.8794E-03
-6.4600E-03,+11.1306534E+00,-273.3668E-03
-6.4500E-03,+11.1306534E+00,+0.0E+00
-6.4400E-03,+11.0552765E+00,+444.2211E-03
-6.4300E-03,+11.0552765E+00,+546.7337E-03
-6.4200E-03,+11.0552765E+00,+546.7337E-03
-6.4100E-03,+11.1306534E+00,+717.5880E-03
-6.4000E-03,+11.0552765E+00,+922.6131E-03
-6.3900E-03,+11.1809046E+00,+1.0934674E+00
-6.3800E-03,+11.0552765E+00,+1.0934674E+00
-6.3700E-03,+11.0552765E+00,+1.1959799E+00
-6.3600E-03,+10.9798996E+00,+1.3668342E+00
-6.3500E-03,+11.1306534E+00,+1.0934674E+00
-6.3400E-03,+11.0552765E+00,+922.6131E-03
-6.3300E-03,+10.8542714E+00,+820.1005E-03
-6.3200E-03,+11.0552765E+00,+990.9548E-03
-6.3100E-03,+10.9798996E+00,+717.5880E-03
-6.3000E-03,+10.8542714E+00,+546.7337E-03
-6.2900E-03,+10.9296483E+00,+546.7337E-03
-6.2800E-03,+10.9296483E+00,+102.5126E-03
-6.2700E-03,+10.8542714E+00,-102.5126E-03
-6.2600E-03,+10.9296483E+00,-273.3668E-03
-6.2500E-03,+10.9296483E+00,-546.7337E-03
-6.2400E-03,+10.8542714E+00,-444.2211E-03
-6.2300E-03,+10.9296483E+00,-546.7337E-03
-6.2200E-03,+10.8542714E+00,-820.1005E-03
-6.2100E-03,+11.0552765E+00,-1.0934674E+00
-6.2000E-03,+10.8542714E+00,-1.3668342E+00
-6.1900E-03,+10.9798996E+00,-1.3668342E+00
-6.1800E-03,+11.0552765E+00,-1.3668342E+00
-6.1700E-03,+10.9296483E+00,-1.6402010E+00
-6.1600E-03,+11.0552765E+00,-1.4693468E+00
-6.1500E-03,+11.0552765E+00,-1.3668342E+00
-6.1400E-03,+11.0552765E+00,-1.6402010E+00
-6.1300E-03,+11.0552765E+00,-1.4693468E+00
-6.1200E-03,+10.9798996E+00,-1.4693468E+00
-6.1100E-03,+11.1306534E+00,-1.3668342E+00
-6.1000E-03,+11.0552765E+00,-1.3668342E+00
-6.0900E-03,+11.1809046E+00,-1.0934674E+00
-6.0800E-03,+11.0552765E+00,-922.6131E-03
-6.0700E-03,+10.9798996E+00,-820.1005E-03
-6.0600E-03,+11.1809046E+00,-717.5880E-03
-6.0500E-03,+11.0552765E+00,-375.8794E-03
-6.0400E-03,+11.0552765E+00,-273.3668E-03
-6.0300E-03,+11.0552765E+00,-102.5126E-03
-6.0200E-03,+11.0552765E+00,+0.0E+00
-6.0100E-03,+11.0552765E+00,+0.0E+00
-6.0000E-03,+11.1055277E+00,+102.5126E-03
-5.9900E-03,+11.1809046E+00,+444.2211E-03
-5.9800E-03,+11.1809046E+00,+444.2211E-03
-5.9700E-03,+11.0552765E+00,+444.2211E-03
-5.9600E-03,+10.9296483E+00,+820.1005E-03
-5.9500E-03,+11.0552765E+00,+820.1005E-03
-5.9400E-03,+11.0552765E+00,+717.5880E-03
-5.9300E-03,+10.9296483E+00,+820.1005E-03
-5.9200E-03,+10.9798996E+00,+649.2462E-03
-5.9100E-03,+11.0552765E+00,+717.5880E-03
-5.9000E-03,+10.9798996E+00,+546.7337E-03
-5.8900E-03,+11.0552765E+00,+546.7337E-03
-5.8800E-03,+10.9296483E+00,+546.7337E-03
-5.8700E-03,+10.9798996E+00,+375.8794E-03
-5.8600E-03,+10.8542714E+00,+170.8543E-03
-5.8500E-03,+10.8542714E+00,+0.0E+00
-5.8400E-03,+10.7286433E+00,+0.0E+00
-5.8300E-03,+10.9798996E+00,-102.5126E-03
-5.8200E-03,+10.8542714E+00,-273.3668E-03
-5.8100E-03,+10.9798996E+00,-546.7337E-03
-5.8000E-03,+10.8542714E+00,-615.0754E-03
-5.7900E-03,+10.9798996E+00,-649.2462E-03
-5.7800E-03,+10.9798996E+00,-649.2462E-03
-5.7700E-03,+11.0552765E+00,-922.6131E-03
-5.7600E-03,+11.0552765E+00,-820.1005E-03
-5.7500E-03,+11.0552765E+00,-1.0934674E+00
-5.7400E-03,+10.8542714E+00,-820.1005E-03
-5.7300E-03,+11.0552765E+00,-1.2643216E+00
-5.7200E-03,+11.0552765E+00,-1.3668342E+00
-5.7100E-03,+10.8542714E+00,-1.1618091E+00
-5.7000E-03,+10.9798996E+00,-1.0934674E+00
-5.6900E-03,+11.0552765E+00,-820.1005E-03
-5.6800E-03,+11.0552765E+00,-922.6131E-03
-5.6700E-03,+11.0552765E+00,-922.6131E-03
-5.6600E-03,+10.9798996E+00,-922.6131E-03
-5.6500E-03,+11.0552765E+00,-990.9548E-03
-5.6400E-03,+11.0552765E+00,-546.7337E-03
-5.6300E-03,+11.0552765E+00,-546.7337E-03
-5.6200E-03,+11.0552765E+00,-375.8794E-03
-5.6100E-03,+11.0552765E+00,-273.3668E-03
-5.6000E-03,+10.9296483E+00,-444.2211E-03
-5.5900E-03,+10.9296483E+00,-102.5126E-03
-5.5800E-03,+11.0552765E+00,-273.3668E-03
-5.5700E-03,+11.0552765E+00,+0.0E+00
-5.5600E-03,+10.9798996E+00,+0.0E+00
-5.5500E-03,+11.0552765E+00,+102.5126E-03
-5.5400E-03,+11.0552765E+00,+273.3668E-03
-5.5300E-03,+11.0552765E+00,+444.2211E-03
-5.5200E-03,+10.9296483E+00,+546.7337E-03
-5.5100E-03,+11.0552765E+00,+546.7337E-03
-5.5000E-03,+10.8542714E+00,+546.7337E-03
-5.4900E-03,+11.0552765E+00,+444.2211E-03
-5.4800E-03,+10.9798996E+00,+444.2211E-03
-5.4700E-03,+11.0552765E+00,+273.3668E-03
-5.4600E-03,+10.9296483E+00,+546.7337E-03
-5.4500E-03,+11.0552765E+00,+375.8794E-03
-5.4400E-03,+10.9798996E+00,+273.3668E-03
-5.4300E-03,+11.0552765E+00,+102.5126E-03
-5.4200E-03,+11.0552765E+00,+273.3668E-03
-5.4100E-03,+10.8542714E+00,+0.0E+00
-5.4000E-03,+10.9296483E+00,-273.3668E-03
-5.3900E-03,+10.9798996E+00,-273.3668E-03
-5.3800E-03,+10.9798996E+00,-273.3668E-03
-5.3700E-03,+10.9296483E+00,-444.2211E-03
-5.3600E-03,+11.0552765E+00,-546.7337E-03
-5.3500E-03,+10.9798996E+00,-717.5880E-03
-5.3400E-03,+10.9798996E+00,-546.7337E-03
-5.3300E-03,+10.9296483E+00,-717.5880E-03
-5.3200E-03,+10.8542714E+00,-820.1005E-03
-5.3100E-03,+10.8542714E+00,-820.1005E-03
-5.3000E-03,+10.8542714E+00,-1.0934674E+00
-5.2900E-03,+11.0552765E+00,-820.1005E-03
-5.2800E-03,+11.1306534E+00,-1.1959799E+00
-5.2700E-03,+11.0552765E+00,-820.1005E-03
-5.2600E-03,+10.8542714E+00,-922.6131E-03
-5.2500E-03,+11.0552765E+00,-820.1005E-03
-5.2400E-03,+11.0552765E+00,-990.9548E-03
-5.2300E-03,+11.0552765E+00,-820.1005E-03
-5.2200E-03,+10.9296483E+00,-820.1005E-03
-5.2100E-03,+11.0552765E+00,-649.2462E-03
-5.2000E-03,+10.9798996E+00,-546.7337E-03
-5.1900E-03,+11.0552765E+00,-546.7337E-03
-5.1800E-03,+11.0552765E+00,-444.2211E-03
-5.1700E-03,+11.0552765E+00,-444.2211E-03
-5.1600E-03,+11.0552765E+00,-273.3668E-03
-5.1500E-03,+11.0552765E+00,-273.3668E-03
-5.1400E-03,+10.9798996E+00,-273.3668E-03
-5.1300E-03,+10.8542714E+00,+0.0E+00
-5.1200E-03,+11.0552765E+00,+102.5126E-03
-5.1100E-03,+10.9798996E+00,+102.5126E-03
-5.1000E-03,+11.0552765E+00,+0.0E+00
-5.0900E-03,+11.0552765E+00,+102.5126E-03
-5.0800E-03,+11.0552765E+00,+0.0E+00
-5.0700E-03,+11.0552765E+00,+102.5126E-03
-5.0600E-03,+11.0552765E+00,+170.8543E-03
-5.0500E-03,+11.0552765E+00,+170.8543E-03
-5.0400E-03,+10.9296483E+00,+102.5126E-03
-5.0300E-03,+11.0552765E+00,+0.0E+00
-5.0200E-03,+10.9296483E+00,+0.0E+00
-5.0100E-03,+10.8542714E+00,+0.0E+00
-5.0000E-03,+10.8542714E+00,+0.0E+00
-4.9900E-03,+10.8542714E+00,+273.3668E-03
-4.9800E-03,+10.9798996E+00,-273.3668E-03
-4.9700E-03,+11.0552765E+00,-170.8543E-03
-4.9600E-03,+10.9798996E+00,-102.5126E-03
-4.9500E-03,+10.9798996E+00,-273.3668E-03
-4.9400E-03,+11.0552765E+00,-546.7337E-03
-4.9300E-03,+11.0552765E+00,-546.7337E-03
-4.9200E-03,+10.8542714E+00,-375.8794E-03
-4.9100E-03,-11.8592966E+00,-23.4070356E+00
-4.9000E-03,-11.9849247E+00,-22.7919602E+00
-4.8900E-03,-11.6582915E+00,-21.6984928E+00
-4.8800E-03,-11.5326634E+00,-20.2291461E+00
-4.8700E-03,-11.2562815E+00,-18.3155782E+00
-4.8600E-03,-10.9296483E+00,-16.2311560E+00
-4.8500E-03,-10.9296483E+00,-13.6683419E+00
-4.8400E-03,-10.6532664E+00,-10.9346735E+00
-4.8300E-03,-10.6532664E+00,-7.7567840E+00
-4.8200E-03,-10.6532664E+00,-4.6472363E+00
-4.8100E-03,-10.5276383E+00,-1.7427136E+00
-4.8000E-03,-10.4522614E+00,+1.4351759E+00
-4.7900E-03,-10.5276383E+00,+4.5447237E+00
-4.7800E-03,-10.5276383E+00,+7.6542715E+00
-4.7700E-03,-10.6532664E+00,+10.0120605E+00
-4.7600E-03,-11.0552765E+00,+12.4723620E+00
-4.7500E-03,-10.9798996E+00,+14.5909550E+00
-4.7400E-03,-11.3819096E+00,+16.2994978E+00
-4.7300E-03,-11.4572865E+00,+17.4954777E+00
-4.7200E-03,-11.5326634E+00,+18.5889450E+00
-4.7100E-03,-11.8592966E+00,+19.1356787E+00
-4.7000E-03,-12.1859297E+00,+19.3065330E+00
-4.6900E-03,-12.4623117E+00,+19.0673370E+00
-4.6800E-03,-12.5879398E+00,+18.3155782E+00
-4.6700E-03,-12.7386936E+00,+17.2221108E+00
-4.6600E-03,-13.0653267E+00,+15.9577892E+00
-4.6500E-03,-13.1407036E+00,+14.2150756E+00
-4.6400E-03,-13.2663318E+00,+12.3015077E+00
-4.6300E-03,-13.4673368E+00,+9.9437188E+00
-4.6200E-03,-13.6683418E+00,+7.7567840E+00
-4.6100E-03,-13.7939700E+00,+5.1939699E+00
-4.6000E-03,-13.6683418E+00,+2.5628141E+00
-4.5900E-03,-13.6683418E+00,+0.0E+00
-4.5800E-03,-13.6683418E+00,-2.4603015E+00
-4.5700E-03,-13.6683418E+00,-5.0914574E+00
-4.5600E-03,-13.4673368E+00,-7.5517589E+00
-4.5500E-03,-13.4673368E+00,-9.6703519E+00
-4.5400E-03,-13.3417086E+00,-11.5839198E+00
-4.5300E-03,-13.1909549E+00,-13.2924625E+00
-4.5200E-03,-13.0653267E+00,-14.7618093E+00
-4.5100E-03,-12.8643217E+00,-15.8552766E+00
-4.5000E-03,-12.5376885E+00,-16.4020103E+00
-4.4900E-03,-12.4623117E+00,-16.8462314E+00
-4.4800E-03,-12.2613066E+00,-16.6753772E+00
-4.4700E-03,-12.0603016E+00,-16.6753772E+00
-4.4600E-03,-11.7336684E+00,-15.7527641E+00
-4.4500E-03,-11.7839197E+00,-14.8643219E+00
-4.4400E-03,-11.5326634E+00,-13.5658294E+00
-4.4300E-03,-11.3316584E+00,-12.3015077E+00
-4.4200E-03,-11.2562815E+00,-10.3879399E+00
-4.4100E-03,-11.1809046E+00,-8.4743720E+00
-4.4000E-03,-11.1809046E+00,-6.2874373E+00
-4.3900E-03,-11.0552765E+00,-4.3738694E+00
-4.3800E-03,-10.9296483E+00,-2.1869347E+00
-4.3700E-03,-11.0552765E+00,+102.5126E-03
-4.3600E-03,-10.9798996E+00,+2.3577890E+00
-4.3500E-03,-11.1306534E+00,+4.4422111E+00
-4.3400E-03,-10.9798996E+00,+6.4582916E+00
-4.3300E-03,-11.2562815E+00,+8.0984926E+00
-4.3200E-03,-11.3819096E+00,+9.5678394E+00
-4.3100E-03,-11.5326634E+00,+10.8321610E+00
-4.3000E-03,-11.6582915E+00,+12.0281409E+00
-4.2900E-03,-11.8592966E+00,+12.9165831E+00
-4.2800E-03,-11.9849247E+00,+13.2241208E+00
-4.2700E-03,-12.0603016E+00,+13.5658294E+00
-4.2600E-03,-12.2613066E+00,+13.3949751E+00
-4.2500E-03,-12.3869348E+00,+13.1216083E+00
-4.2400E-03,-12.5376885E+00,+12.4040203E+00
-4.2300E-03,-12.7889448E+00,+11.5839198E+00
-4.2200E-03,-12.8643217E+00,+10.3879399E+00
-4.2100E-03,-12.8643217E+00,+9.1236182E+00
-4.2000E-03,-12.9899499E+00,+7.4834172E+00
-4.1900E-03,-13.0653267E+00,+6.1165830E+00
-4.1800E-03,-13.0653267E+00,+4.1005026E+00
-4.1700E-03,-13.1407036E+00,+2.2894473E+00
-4.1600E-03,-13.1407036E+00,+649.2462E-03
-4.1500E-03,-13.2663318E+00,-1.3668342E+00
-4.1400E-03,-13.1909549E+00,-2.9045227E+00
-4.1300E-03,-13.2663318E+00,-4.6472363E+00
-4.1200E-03,-13.1909549E+00,-6.5608041E+00
-4.1100E-03,-13.0653267E+00,-7.6542715E+00
-4.1000E-03,-12.8643217E+00,-9.1236182E+00
-4.0900E-03,-12.7889448E+00,-10.1145730E+00
-4.0800E-03,-12.5376885E+00,-11.1055278E+00
-4.0700E-03,-12.5879398E+00,-11.4814072E+00
-4.0600E-03,-12.3366835E+00,-11.8572866E+00
-4.0500E-03,-12.3366835E+00,-12.0281409E+00
-4.0400E-03,-12.2613066E+00,-11.7547741E+00
-4.0300E-03,-11.9346735E+00,-11.3105530E+00
-4.0200E-03,-11.8592966E+00,-10.9346735E+00
-4.0100E-03,-11.8592966E+00,-10.0120605E+00
-4.0000E-03,-11.6582915E+00,-9.1919600E+00
-3.9900E-03,-11.6582915E+00,-7.8251258E+00
-3.9800E-03,-11.6582915E+00,-6.6633167E+00
-3.9700E-03,-11.5326634E+00,-5.1939699E+00
-3.9600E-03,-11.3819096E+00,-3.6562815E+00
-3.9500E-03,-11.2562815E+00,-2.1869347E+00
-3.9400E-03,-11.3819096E+00,-546.7337E-03
-3.9300E-03,-11.3316584E+00,+990.9548E-03
-3.9200E-03,-11.4572865E+00,+2.1869347E+00
-3.9100E-03,-11.4572865E+00,+3.9979900E+00
-3.9000E-03,-11.5829147E+00,+5.1939699E+00
-3.8900E-03,-11.5829147E+00,+6.3899499E+00
-3.8800E-03,-11.6582915E+00,+7.2783921E+00
-3.8700E-03,-11.7839197E+00,+8.0984926E+00
-3.8600E-03,-11.8592966E+00,+8.7477388E+00
-3.8500E-03,-11.9346735E+00,+9.1236182E+00
-3.8400E-03,-12.0603016E+00,+9.4653268E+00
-3.8300E-03,-12.0603016E+00,+9.3969851E+00
-3.8200E-03,-12.3366835E+00,+9.1919600E+00
-3.8100E-03,-12.3366835E+00,+8.9185931E+00
-3.8000E-03,-12.4623117E+00,+8.2010052E+00
-3.7900E-03,-12.5376885E+00,+7.6542715E+00
-3.7800E-03,-12.6633167E+00,+6.6633167E+00
-3.7700E-03,-12.8643217E+00,+5.7407036E+00
-3.7600E-03,-13.0653267E+00,+4.6472363E+00
-3.7500E-03,-12.8643217E+00,+3.2804021E+00
-3.7400E-03,-12.9899499E+00,+2.1869347E+00
-3.7300E-03,-12.8643217E+00,+820.1005E-03
-3.7200E-03,-12.8643217E+00,-375.8794E-03
-3.7100E-03,-12.9899499E+00,-1.6402010E+00
-3.7000E-03,-12.8643217E+00,-3.0070352E+00
-3.6900E-03,-12.8643217E+00,-3.9979900E+00
-3.6800E-03,-12.6633167E+00,-5.1939699E+00
-3.6700E-03,-12.7889448E+00,-6.1849247E+00
-3.6600E-03,-12.6633167E+00,-7.0050252E+00
-3.6500E-03,-12.5879398E+00,-7.5517589E+00
-3.6400E-03,-12.5879398E+00,-8.0301509E+00
-3.6300E-03,-12.4623117E+00,-8.6452263E+00
-3.6200E-03,-12.3366835E+00,-8.4743720E+00
-3.6100E-03,-12.1356785E+00,-8.4743720E+00
-3.6000E-03,-12.0603016E+00,-8.2010052E+00
-3.5900E-03,-12.0603016E+00,-7.9276383E+00
-3.5800E-03,-11.9346735E+00,-7.3809046E+00
-3.5700E-03,-11.8592966E+00,-6.8341710E+00
-3.5600E-03,-11.8592966E+00,-6.0140705E+00
-3.5500E-03,-11.6582915E+00,-5.1939699E+00
-3.5400E-03,-11.6582915E+00,-4.1005026E+00
-3.5300E-03,-11.6582915E+00,-3.1778895E+00
-3.5200E-03,-11.6582915E+00,-2.1869347E+00
-3.5100E-03,-11.6582915E+00,-820.1005E-03
-3.5000E-03,-11.5326634E+00,+102.5126E-03
-3.4900E-03,-11.6582915E+00,+1.2643216E+00
-3.4800E-03,-11.6582915E+00,+2.1869347E+00
-3.4700E-03,-11.7839197E+00,+3.2804021E+00
-3.4600E-03,-11.8592966E+00,+4.1005026E+00
-3.4500E-03,-11.8592966E+00,+4.9206031E+00
-3.4400E-03,-11.8592966E+00,+5.2964825E+00
-3.4300E-03,-11.8592966E+00,+5.7407036E+00
-3.4200E-03,-12.0603016E+00,+6.1849247E+00
-3.4100E-03,-12.0603016E+00,+6.2874373E+00
-3.4000E-03,-12.1859297E+00,+6.5608041E+00
-3.3900E-03,-12.1356785E+00,+6.2874373E+00
-3.3800E-03,-12.4623117E+00,+6.2874373E+00
-3.3700E-03,-12.2613066E+00,+6.0140705E+00
-3.3600E-03,-12.4623117E+00,+5.1939699E+00
-3.3500E-03,-12.4623117E+00,+4.9206031E+00
-3.3400E-03,-12.5376885E+00,+3.9979900E+00
-3.3300E-03,-12.6633167E+00,+3.4512563E+00
-3.3200E-03,-12.5879398E+00,+2.5628141E+00
-3.3100E-03,-12.5879398E+00,+1.8110553E+00
-3.3000E-03,-12.6633167E+00,+820.1005E-03
-3.2900E-03,-12.6633167E+00,-102.5126E-03
-3.2800E-03,-12.6633167E+00,-820.1005E-03
-3.2700E-03,-12.6633167E+00,-1.9135679E+00
-3.2600E-03,-12.6633167E+00,-2.7336684E+00
-3.2500E-03,-12.6633167E+00,-3.6562815E+00
-3.2400E-03,-12.6633167E+00,-4.2030151E+00
-3.2300E-03,-12.5879398E+00,-4.6472363E+00
-3.2200E-03,-12.4623117E+00,-5.1939699E+00
-3.2100E-03,-12.4623117E+00,-5.5698493E+00
-3.2000E-03,-12.3366835E+00,-6.0140705E+00
-3.1900E-03,-12.2613066E+00,-5.8432162E+00
-3.1800E-03,-12.2613066E+00,-6.0140705E+00
-3.1700E-03,-12.2613066E+00,-6.0140705E+00
-3.1600E-03,-12.0603016E+00,-5.8432162E+00
-3.1500E-03,-12.0603016E+00,-5.2964825E+00
-3.1400E-03,-12.0603016E+00,-5.0914574E+00
-3.1300E-03,-11.8592966E+00,-4.4763820E+00
-3.1200E-03,-11.8592966E+00,-3.9296483E+00
-3.1100E-03,-11.9346735E+00,-3.2804021E+00
-3.1000E-03,-11.8592966E+00,-2.3919598E+00
-3.0900E-03,-11.7839197E+00,-1.8110553E+00
-3.0800E-03,-11.8592966E+00,-1.0934674E+00
-3.0700E-03,-11.6582915E+00,-170.8543E-03
-3.0600E-03,-11.8592966E+00,+444.2211E-03
-3.0500E-03,-11.7839197E+00,+1.0934674E+00
-3.0400E-03,-11.8592966E+00,+1.7427136E+00
-3.0300E-03,-11.7336684E+00,+2.3577890E+00
-3.0200E-03,-11.9849247E+00,+2.9045227E+00
-3.0100E-03,-11.8592966E+00,+3.4512563E+00
-3.0000E-03,-11.9849247E+00,+3.8271357E+00
-2.9900E-03,-12.0603016E+00,+4.2030151E+00
-2.9800E-03,-12.1859297E+00,+4.3738694E+00
-2.9700E-03,-12.1859297E+00,+4.3738694E+00
-2.9600E-03,-12.0603016E+00,+4.5447237E+00
-2.9500E-03,-12.3869348E+00,+4.2713569E+00
-2.9400E-03,-12.3869348E+00,+4.3738694E+00
-2.9300E-03,-12.3869348E+00,+3.9979900E+00
-2.9200E-03,-12.2613066E+00,+3.4512563E+00
-2.9100E-03,-12.4623117E+00,+3.1778895E+00
-2.9000E-03,-12.3366835E+00,+2.4603015E+00
-2.8900E-03,-12.5879398E+00,+1.7427136E+00
-2.8800E-03,-12.5879398E+00,+1.3668342E+00
-2.8700E-03,-12.4623117E+00,+820.1005E-03
-2.8600E-03,-12.4623117E+00,+0.0E+00
-2.8500E-03,-12.5879398E+00,-546.7337E-03
-2.8400E-03,-12.5376885E+00,-1.2643216E+00
-2.8300E-03,-12.4623117E+00,-1.7427136E+00
-2.8200E-03,-12.4623117E+00,-2.2894473E+00
-2.8100E-03,-12.4623117E+00,-2.7336684E+00
-2.8000E-03,-12.4623117E+00,-3.2804021E+00
-2.7900E-03,-12.2613066E+00,-3.5537689E+00
-2.7800E-03,-12.2613066E+00,-3.9979900E+00
-2.7700E-03,-12.3366835E+00,-4.1005026E+00
-2.7600E-03,-12.2613066E+00,-4.3738694E+00
-2.7500E-03,-12.1356785E+00,-4.3738694E+00
-2.7400E-03,-12.1859297E+00,-4.3738694E+00
-2.7300E-03,-12.1356785E+00,-4.1005026E+00
-2.7200E-03,-12.0603016E+00,-3.9979900E+00
-2.7100E-03,-12.1859297E+00,-3.8271357E+00
-2.7000E-03,-11.9849247E+00,-3.5537689E+00
-2.6900E-03,-11.9346735E+00,-3.0070352E+00
-2.6800E-03,-11.8592966E+00,-2.5628141E+00
-2.6700E-03,-12.0603016E+00,-2.0160804E+00
-2.6600E-03,-11.8592966E+00,-1.3668342E+00
-2.6500E-03,-11.9346735E+00,-990.9548E-03
-2.6400E-03,-11.8592966E+00,-273.3668E-03
-2.6300E-03,-12.0603016E+00,+102.5126E-03
-2.6200E-03,-11.8592966E+00,+546.7337E-03
-2.6100E-03,-11.8592966E+00,+990.9548E-03
-2.6000E-03,-11.9849247E+00,+1.2643216E+00
-2.5900E-03,-12.0603016E+00,+1.9135679E+00
-2.5800E-03,-12.0603016E+00,+2.3577890E+00
-2.5700E-03,-12.0603016E+00,+2.6311558E+00
-2.5600E-03,-12.0603016E+00,+2.7336684E+00
-2.5500E-03,-12.1859297E+00,+2.9045227E+00
-2.5400E-03,-12.1859297E+00,+3.0070352E+00
-2.5300E-03,-12.2613066E+00,+3.0070352E+00
-2.5200E-03,-12.2613066E+00,+3.0070352E+00
-2.5100E-03,-12.2613066E+00,+2.5628141E+00
-2.5000E-03,-12.3366835E+00,+2.7336684E+00
-2.4900E-03,-12.2613066E+00,+2.4603015E+00
-2.4800E-03,-12.4623117E+00,+1.9135679E+00
-2.4700E-03,-12.3869348E+00,+1.8110553E+00
-2.4600E-03,-12.4623117E+00,+1.4693468E+00
-2.4500E-03,-12.3869348E+00,+1.0934674E+00
-2.4400E-03,-12.3869348E+00,+546.7337E-03
-2.4300E-03,-12.3869348E+00,+0.0E+00
-2.4200E-03,-12.4623117E+00,-273.3668E-03
-2.4100E-03,-12.4623117E+00,-820.1005E-03
-2.4000E-03,-12.3366835E+00,-1.1959799E+00
-2.3900E-03,-12.4623117E+00,-1.4693468E+00
-2.3800E-03,-12.4623117E+00,-2.0160804E+00
-2.3700E-03,-12.2613066E+00,-2.2894473E+00
-2.3600E-03,-12.3366835E+00,-2.7336684E+00
-2.3500E-03,-12.2613066E+00,-2.7336684E+00
-2.3400E-03,-12.2613066E+00,-2.9045227E+00
-2.3300E-03,-12.3869348E+00,-3.0070352E+00
-2.3200E-03,-12.2613066E+00,-3.1095478E+00
-2.3100E-03,-12.3869348E+00,-3.1778895E+00
-2.3000E-03,-12.0603016E+00,-3.0070352E+00
-2.2900E-03,-12.0603016E+00,-3.0070352E+00
-2.2800E-03,-12.1356785E+00,-2.9045227E+00
-2.2700E-03,-12.0603016E+00,-2.4603015E+00
-2.2600E-03,-11.9849247E+00,-2.2894473E+00
-2.2500E-03,-11.9849247E+00,-1.9135679E+00
-2.2400E-03,-12.0603016E+00,-1.6402010E+00
-2.2300E-03,-11.9849247E+00,-1.1959799E+00
-2.2200E-03,-11.8592966E+00,-820.1005E-03
-2.2100E-03,-12.0603016E+00,-546.7337E-03
-2.2000E-03,-11.9346735E+00,+0.0E+00
-2.1900E-03,-12.1356785E+00,+102.5126E-03
-2.1800E-03,-11.8592966E+00,+546.7337E-03
-2.1700E-03,-11.8592966E+00,+820.1005E-03
-2.1600E-03,-11.9849247E+00,+1.0934674E+00
-2.1500E-03,-11.9346735E+00,+1.4693468E+00
-2.1400E-03,-12.0603016E+00,+1.5376885E+00
-2.1300E-03,-12.0603016E+00,+1.9135679E+00
-2.1200E-03,-12.2613066E+00,+1.9135679E+00
-2.1100E-03,-12.0603016E+00,+1.9135679E+00
-2.1000E-03,-12.1859297E+00,+1.9135679E+00
-2.0900E-03,-12.1859297E+00,+2.0160804E+00
-2.0800E-03,-12.2613066E+00,+1.9135679E+00
-2.0700E-03,-12.2613066E+00,+1.9135679E+00
-2.0600E-03,-12.3869348E+00,+1.6402010E+00
-2.0500E-03,-12.3366835E+00,+1.4693468E+00
-2.0400E-03,-12.3366835E+00,+1.0934674E+00
-2.0300E-03,-12.2613066E+00,+922.6131E-03
-2.0200E-03,-12.4623117E+00,+820.1005E-03
-2.0100E-03,-12.3366835E+00,+546.7337E-03
-2.0000E-03,-12.2613066E+00,+0.0E+00
-1.9900E-03,-12.3366835E+00,-273.3668E-03
-1.9800E-03,-12.3869348E+00,-546.7337E-03
-1.9700E-03,-12.3869348E+00,-820.1005E-03
-1.9600E-03,-12.3869348E+00,-922.6131E-03
-1.9500E-03,-12.2613066E+00,-1.3668342E+00
-1.9400E-03,-12.2613066E+00,-1.5376885E+00
-1.9300E-03,-12.2613066E+00,-1.9135679E+00
-1.9200E-03,-12.2613066E+00,-2.1869347E+00
-1.9100E-03,-12.2613066E+00,-2.1869347E+00
-1.9000E-03,-12.2613066E+00,-2.3577890E+00
-1.8900E-03,-12.2613066E+00,-2.3577890E+00
-1.8800E-03,-12.2613066E+00,-2.1869347E+00
-1.8700E-03,-12.2613066E+00,-2.2894473E+00
-1.8600E-03,-12.0603016E+00,-2.1869347E+00
-1.8500E-03,-12.0603016E+00,-1.9135679E+00
-1.8400E-03,-12.1859297E+00,-1.9135679E+00
-1.8300E-03,-12.0603016E+00,-1.9135679E+00
-1.8200E-03,-12.0603016E+00,-1.6402010E+00
-1.8100E-03,-12.2613066E+00,-1.4351759E+00
-1.8000E-03,-11.9849247E+00,-1.1959799E+00
-1.7900E-03,-12.0603016E+00,-649.2462E-03
-1.7800E-03,-12.0603016E+00,-546.7337E-03
-1.7700E-03,-12.0603016E+00,-444.2211E-03
-1.7600E-03,-11.9849247E+00,-170.8543E-03
-1.7500E-03,-12.0603016E+00,+170.8543E-03
-1.7400E-03,-12.0603016E+00,+546.7337E-03
-1.7300E-03,-11.9849247E+00,+717.5880E-03
-1.7200E-03,-11.9849247E+00,+820.1005E-03
-1.7100E-03,-12.0603016E+00,+990.9548E-03
-1.7000E-03,-12.1859297E+00,+1.0934674E+00
-1.6900E-03,-12.0603016E+00,+1.0934674E+00
-1.6800E-03,-12.1356785E+00,+1.3668342E+00
-1.6700E-03,-12.0603016E+00,+1.3668342E+00
-1.6600E-03,-12.0603016E+00,+1.5376885E+00
-1.6500E-03,-12.2613066E+00,+1.3668342E+00
-1.6400E-03,-12.2613066E+00,+1.1959799E+00
-1.6300E-03,-12.2613066E+00,+1.1959799E+00
-1.6200E-03,-12.2613066E+00,+1.0934674E+00
-1.6100E-03,-12.2613066E+00,+820.1005E-03
-1.6000E-03,-12.3869348E+00,+649.2462E-03
-1.5900E-03,-12.2613066E+00,+546.7337E-03
-1.5800E-03,-12.2613066E+00,+102.5126E-03
-1.5700E-03,-12.3366835E+00,+170.8543E-03
-1.5600E-03,-12.2613066E+00,-170.8543E-03
-1.5500E-03,-12.2613066E+00,-273.3668E-03
-1.5400E-03,-12.4623117E+00,-546.7337E-03
-1.5300E-03,-12.2613066E+00,-717.5880E-03
-1.5200E-03,-12.3869348E+00,-1.0934674E+00
-1.5100E-03,-12.3869348E+00,-1.2643216E+00
-1.5000E-03,-12.2613066E+00,-1.0934674E+00
-1.4900E-03,-12.3869348E+00,-1.3668342E+00
-1.4800E-03,-12.3366835E+00,-1.8110553E+00
-1.4700E-03,-12.2613066E+00,-1.8110553E+00
-1.4600E-03,-12.2613066E+00,-1.6402010E+00
-1.4500E-03,-12.2613066E+00,-1.8110553E+00
-1.4400E-03,-12.1356785E+00,-1.6402010E+00
-1.4300E-03,-12.0603016E+00,-1.7427136E+00
-1.4200E-03,-12.1859297E+00,-1.4693468E+00
-1.4100E-03,-12.0603016E+00,-1.6402010E+00
-1.4000E-03,-12.0603016E+00,-1.3668342E+00
-1.3900E-03,-12.0603016E+00,-1.4693468E+00
-1.3800E-03,-12.1356785E+00,-1.0934674E+00
-1.3700E-03,-12.0603016E+00,-820.1005E-03
-1.3600E-03,-12.0603016E+00,-717.5880E-03
-1.3500E-03,-12.1859297E+00,-717.5880E-03
-1.3400E-03,-12.1356785E+00,-546.7337E-03
-1.3300E-03,-12.0603016E+00,-273.3668E-03
-1.3200E-03,-12.0603016E+00,+0.0E+00
-1.3100E-03,-12.1859297E+00,+170.8543E-03
-1.3000E-03,-12.0603016E+00,+375.8794E-03
-1.2900E-03,-12.1356785E+00,+375.8794E-03
-1.2800E-03,-12.2613066E+00,+546.7337E-03
-1.2700E-03,-12.0603016E+00,+546.7337E-03
-1.2600E-03,-12.0603016E+00,+717.5880E-03
-1.2500E-03,-12.1859297E+00,+990.9548E-03
-1.2400E-03,-12.1859297E+00,+820.1005E-03
-1.2300E-03,-12.1356785E+00,+922.6131E-03
-1.2200E-03,-12.1356785E+00,+717.5880E-03
-1.2100E-03,-12.1859297E+00,+820.1005E-03
-1.2000E-03,-12.2613066E+00,+717.5880E-03
-1.1900E-03,-12.2613066E+00,+546.7337E-03
-1.1800E-03,-12.1859297E+00,+820.1005E-03
-1.1700E-03,-12.1859297E+00,+546.7337E-03
-1.1600E-03,-12.2613066E+00,+444.2211E-03
-1.1500E-03,-12.2613066E+00,+273.3668E-03
-1.1400E-03,-12.2613066E+00,+0.0E+00
-1.1300E-03,-12.2613066E+00,+0.0E+00
-1.1200E-03,-12.2613066E+00,-273.3668E-03
-1.1100E-03,-12.2613066E+00,-444.2211E-03
-1.1000E-03,-12.2613066E+00,-546.7337E-03
-1.0900E-03,-12.2613066E+00,-717.5880E-03
-1.0800E-03,-12.2613066E+00,-990.9548E-03
-1.0700E-03,-12.2613066E+00,-751.7588E-03
-1.0600E-03,-12.1356785E+00,-922.6131E-03
-1.0500E-03,-12.1356785E+00,-1.0934674E+00
-1.0400E-03,-12.1356785E+00,-1.1959799E+00
-1.0300E-03,-12.2613066E+00,-1.0934674E+00
-1.0200E-03,-12.2613066E+00,-1.4693468E+00
-1.0100E-03,-12.1356785E+00,-1.5376885E+00
-1.0000E-03,-12.1356785E+00,-1.1959799E+00
-990.0E-06,-12.1859297E+00,-1.3668342E+00
-980.0E-06,-12.0603016E+00,-1.0934674E+00
-970.0E-06,-12.0603016E+00,-1.1959799E+00
-960.0E-06,-12.2613066E+00,-922.6131E-03
-950.0E-06,-12.1356785E+00,-922.6131E-03
-940.0E-06,-12.1356785E+00,-922.6131E-03
-930.0E-06,-12.2613066E+00,-820.1005E-03
-920.0E-06,-12.1356785E+00,-820.1005E-03
-910.0E-06,-12.2613066E+00,-444.2211E-03
-900.0E-06,-12.1859297E+00,-273.3668E-03
-890.0E-06,-12.2613066E+00,-273.3668E-03
-880.0E-06,-12.2613066E+00,+0.0E+00
-870.0E-06,-12.1859297E+00,+0.0E+00
-860.0E-06,-12.0603016E+00,+170.8543E-03
-850.0E-06,-12.1356785E+00,+273.3668E-03
-840.0E-06,-12.0603016E+00,+273.3668E-03
-830.0E-06,-12.1859297E+00,+375.8794E-03
-820.0E-06,-12.1859297E+00,+444.2211E-03
-810.0E-06,-12.1859297E+00,+546.7337E-03
-800.0E-06,-12.2613066E+00,+546.7337E-03
-790.0E-06,-12.0603016E+00,+546.7337E-03
-780.0E-06,-12.2613066E+00,+273.3668E-03
-770.0E-06,-12.2613066E+00,+375.8794E-03
-760.0E-06,-12.1859297E+00,+546.7337E-03
-750.0E-06,-12.1859297E+00,+375.8794E-03
-740.0E-06,-12.1356785E+00,+444.2211E-03
-730.0E-06,-12.2613066E+00,+273.3668E-03
-720.0E-06,-12.2613066E+00,+170.8543E-03
-710.0E-06,-12.1859297E+00,-273.3668E-03
-700.0E-06,-12.2613066E+00,-273.3668E-03
-690.0E-06,-12.1356785E+00,-375.8794E-03
-680.0E-06,-12.2613066E+00,-273.3668E-03
-670.0E-06,-12.2613066E+00,-546.7337E-03
-660.0E-06,-12.3115579E+00,-546.7337E-03
-650.0E-06,-12.2613066E+00,-717.5880E-03
-640.0E-06,-12.1859297E+00,-820.1005E-03
-630.0E-06,-12.2613066E+00,-649.2462E-03
-620.0E-06,-12.1356785E+00,-1.0934674E+00
-610.0E-06,-12.2613066E+00,-1.0934674E+00
-600.0E-06,-12.1859297E+00,-922.6131E-03
-590.0E-06,-12.2613066E+00,-1.0934674E+00
-580.0E-06,-12.2613066E+00,-990.9548E-03
-570.0E-06,-12.2110554E+00,-1.0934674E+00
-560.0E-06,-12.3869348E+00,-1.0934674E+00
-550.0E-06,-12.0603016E+00,-1.0934674E+00
-540.0E-06,-12.0603016E+00,-820.1005E-03
-530.0E-06,-12.2613066E+00,-820.1005E-03
-520.0E-06,-12.2613066E+00,-717.5880E-03
-510.0E-06,-12.1356785E+00,-546.7337E-03
-500.0E-06,-12.1356785E+00,-649.2462E-03
-490.0E-06,-12.2613066E+00,-649.2462E-03
-480.0E-06,-12.1859297E+00,-444.2211E-03
-470.0E-06,-11.9849247E+00,-273.3668E-03
-460.0E-06,-12.2613066E+00,-273.3668E-03
-450.0E-06,-11.9346735E+00,+0.0E+00
-440.0E-06,-12.2613066E+00,+0.0E+00
-430.0E-06,-12.0603016E+00,+0.0E+00
-420.0E-06,-12.1356785E+00,+0.0E+00
-410.0E-06,-12.1859297E+00,+102.5126E-03
-400.0E-06,-12.1859297E+00,+102.5126E-03
-390.0E-06,-12.0603016E+00,+273.3668E-03
-380.0E-06,-12.1859297E+00,+273.3668E-03
-370.0E-06,-12.2613066E+00,+375.8794E-03
-360.0E-06,-12.1859297E+00,+170.8543E-03
-350.0E-06,-12.2613066E+00,+444.2211E-03
-340.0E-06,-12.1859297E+00,+273.3668E-03
-330.0E-06,-12.2613066E+00,+102.5126E-03
-320.0E-06,-12.1356785E+00,+102.5126E-03
-310.0E-06,-12.2613066E+00,+0.0E+00
-300.0E-06,-12.2613066E+00,+102.5126E-03
-290.0E-06,-12.1859297E+00,-102.5126E-03
-280.0E-06,-12.2613066E+00,+0.0E+00
-270.0E-06,-12.2613066E+00,-102.5126E-03
-260.0E-06,-12.2613066E+00,-375.8794E-03
-250.0E-06,-12.2613066E+00,-546.7337E-03
-240.0E-06,-12.1859297E+00,-273.3668E-03
-230.0E-06,-12.3115579E+00,-444.2211E-03
-220.0E-06,-12.0603016E+00,-546.7337E-03
-210.0E-06,-12.2613066E+00,-546.7337E-03
-200.0E-06,-12.2613066E+00,-546.7337E-03
-190.0E-06,-12.1356785E+00,-649.2462E-03
-180.0E-06,-12.1356785E+00,-649.2462E-03
-170.0E-06,-12.1356785E+00,-922.6131E-03
-160.0E-06,-12.2613066E+00,-820.1005E-03
-150.0E-06,-12.1356785E+00,-922.6131E-03
-140.0E-06,-12.1356785E+00,-649.2462E-03
-130.0E-06,-12.3366835E+00,-820.1005E-03
-120.0E-06,-12.2613066E+00,-717.5880E-03
-110.0E-06,-12.1859297E+00,-820.1005E-03
-100.0E-06,-12.0603016E+00,-546.7337E-03
-90.0E-06,-12.2613066E+00,-649.2462E-03
-80.0E-06,-12.1859297E+00,-717.5880E-03
-70.0E-06,-12.1859297E+00,-649.2462E-03
-60.0E-06,-12.0603016E+00,-546.7337E-03
-50.0E-06,-12.1859297E+00,-273.3668E-03
-40.0E-06,-12.1859297E+00,-273.3668E-03
-30.0E-06,-12.1356785E+00,-170.8543E-03
-20.0E-06,-12.1859297E+00,-273.3668E-03
-10.0E-06,-12.1356785E+00,-273.3668E-03
-0.0E+00,+10.4271358E+00,+17.1879400E+00
+10.0E-06,+10.6532664E+00,+22.5185933E+00
+20.0E-06,+10.6532664E+00,+21.5959803E+00
+30.0E-06,+10.3266332E+00,+20.2291461E+00
+40.0E-06,+10.0502513E+00,+18.4864325E+00
+50.0E-06,+9.9748744E+00,+16.1286435E+00
+60.0E-06,+9.7738694E+00,+13.7708545E+00
+70.0E-06,+9.5226131E+00,+11.0371861E+00
+80.0E-06,+9.4472363E+00,+8.3035177E+00
+90.0E-06,+9.4472363E+00,+4.9206031E+00
+100.0E-06,+9.2462312E+00,+1.9135679E+00
+110.0E-06,+9.3216081E+00,-1.2643216E+00
+120.0E-06,+9.4472363E+00,-4.2030151E+00
+130.0E-06,+9.4472363E+00,-7.2783921E+00
+140.0E-06,+9.4472363E+00,-9.8412062E+00
+150.0E-06,+9.7236182E+00,-12.4723620E+00
+160.0E-06,+9.8492463E+00,-14.4884425E+00
+170.0E-06,+10.0502513E+00,-16.5728646E+00
+180.0E-06,+10.1256282E+00,-17.9396988E+00
+190.0E-06,+10.4522614E+00,-18.9648244E+00
+200.0E-06,+10.6532664E+00,-19.6824124E+00
+210.0E-06,+10.9798996E+00,-20.0582918E+00
+220.0E-06,+11.0552765E+00,-19.9557792E+00
+230.0E-06,+11.3316584E+00,-19.3065330E+00
+240.0E-06,+11.4572865E+00,-18.3155782E+00
+250.0E-06,+11.6582915E+00,-17.2221108E+00
+260.0E-06,+11.8592966E+00,-15.5819098E+00
+270.0E-06,+11.9346735E+00,-13.5658294E+00
+280.0E-06,+12.2613066E+00,-11.4814072E+00
+290.0E-06,+12.3869348E+00,-9.2944725E+00
+300.0E-06,+12.3869348E+00,-6.6633167E+00
+310.0E-06,+12.3366835E+00,-4.1005026E+00
+320.0E-06,+12.4623117E+00,-1.3668342E+00
+330.0E-06,+12.4623117E+00,+1.0934674E+00
+340.0E-06,+12.3366835E+00,+3.7246232E+00
+350.0E-06,+12.2613066E+00,+6.2874373E+00
+360.0E-06,+12.3366835E+00,+8.3718594E+00
+370.0E-06,+12.1859297E+00,+10.5587941E+00
+380.0E-06,+12.0603016E+00,+12.0281409E+00
+390.0E-06,+11.8592966E+00,+13.7708545E+00
+400.0E-06,+11.7336684E+00,+14.7618093E+00
+410.0E-06,+11.4572865E+00,+15.5819098E+00
+420.0E-06,+11.4572865E+00,+16.1286435E+00
+430.0E-06,+11.0552765E+00,+16.1286435E+00
+440.0E-06,+11.0552765E+00,+16.1286435E+00
+450.0E-06,+10.8542714E+00,+15.5819098E+00
+460.0E-06,+10.5276383E+00,+14.6592967E+00
+470.0E-06,+10.4522614E+00,+13.3949751E+00
+480.0E-06,+10.2512564E+00,+12.0281409E+00
+490.0E-06,+10.2512564E+00,+10.3879399E+00
+500.0E-06,+10.0502513E+00,+8.3035177E+00
+510.0E-06,+10.0502513E+00,+6.3899499E+00
+520.0E-06,+9.8492463E+00,+4.1005026E+00
+530.0E-06,+9.6482413E+00,+2.0160804E+00
+540.0E-06,+9.8492463E+00,-170.8543E-03
+550.0E-06,+9.7236182E+00,-2.3577890E+00
+560.0E-06,+10.0502513E+00,-4.2713569E+00
+570.0E-06,+9.9246232E+00,-6.5608041E+00
+580.0E-06,+10.0502513E+00,-8.3718594E+00
+590.0E-06,+10.0502513E+00,-9.9095479E+00
+600.0E-06,+10.2512564E+00,-11.2080404E+00
+610.0E-06,+10.3266332E+00,-12.4723620E+00
+620.0E-06,+10.6532664E+00,-13.5658294E+00
+630.0E-06,+10.7788946E+00,-13.8391962E+00
+640.0E-06,+10.8542714E+00,-14.2150756E+00
+650.0E-06,+11.0552765E+00,-14.0442213E+00
+660.0E-06,+11.0552765E+00,-14.0442213E+00
+670.0E-06,+11.2562815E+00,-13.6683419E+00
+680.0E-06,+11.3316584E+00,-12.7457289E+00
+690.0E-06,+11.4572865E+00,-11.6522615E+00
+700.0E-06,+11.6582915E+00,-10.3879399E+00
+710.0E-06,+11.8592966E+00,-9.0211057E+00
+720.0E-06,+11.8592966E+00,-7.2100504E+00
+730.0E-06,+11.9346735E+00,-5.4673368E+00
+740.0E-06,+12.0603016E+00,-3.5537689E+00
+750.0E-06,+12.0603016E+00,-1.7427136E+00
+760.0E-06,+12.0603016E+00,+170.8543E-03
+770.0E-06,+12.0603016E+00,+1.8110553E+00
+780.0E-06,+12.0603016E+00,+3.5537689E+00
+790.0E-06,+11.8592966E+00,+5.1939699E+00
+800.0E-06,+11.8592966E+00,+6.9366835E+00
+810.0E-06,+11.8592966E+00,+8.2010052E+00
+820.0E-06,+11.7336684E+00,+9.1236182E+00
+830.0E-06,+11.5326634E+00,+10.2854273E+00
+840.0E-06,+11.4572865E+00,+10.6613067E+00
+850.0E-06,+11.2562815E+00,+11.2080404E+00
+860.0E-06,+11.0552765E+00,+11.3788947E+00
+870.0E-06,+10.9296483E+00,+11.3105530E+00
+880.0E-06,+10.9798996E+00,+10.9346735E+00
+890.0E-06,+10.6532664E+00,+10.5587941E+00
+900.0E-06,+10.6532664E+00,+9.7386936E+00
+910.0E-06,+10.4522614E+00,+8.7477388E+00
+920.0E-06,+10.4522614E+00,+7.7567840E+00
+930.0E-06,+10.2512564E+00,+6.3899499E+00
+940.0E-06,+10.3266332E+00,+4.9206031E+00
+950.0E-06,+10.1256282E+00,+3.4512563E+00
+960.0E-06,+10.2512564E+00,+1.7427136E+00
+970.0E-06,+10.2512564E+00,+546.7337E-03
+980.0E-06,+10.0502513E+00,-1.2643216E+00
+990.0E-06,+10.2512564E+00,-2.7336684E+00
+1.0000E-03,+10.2512564E+00,-4.1005026E+00
+1.0100E-03,+10.2512564E+00,-5.6381910E+00
+1.0200E-03,+10.2010051E+00,-6.5608041E+00
+1.0300E-03,+10.4522614E+00,-7.6542715E+00
+1.0400E-03,+10.6532664E+00,-8.7477388E+00
+1.0500E-03,+10.6532664E+00,-9.2944725E+00
+1.0600E-03,+10.7788946E+00,-9.8412062E+00
+1.0700E-03,+10.9798996E+00,-10.2854273E+00
+1.0800E-03,+10.9798996E+00,-10.2170856E+00
+1.0900E-03,+10.9296483E+00,-10.1145730E+00
+1.1000E-03,+11.0552765E+00,-9.8412062E+00
+1.1100E-03,+11.2562815E+00,-9.2944725E+00
+1.1200E-03,+11.2562815E+00,-8.7477388E+00
+1.1300E-03,+11.4572865E+00,-7.7567840E+00
+1.1400E-03,+11.5326634E+00,-6.6633167E+00
+1.1500E-03,+11.7336684E+00,-5.5698493E+00
+1.1600E-03,+11.6582915E+00,-4.3738694E+00
+1.1700E-03,+11.7336684E+00,-3.0070352E+00
+1.1800E-03,+11.7336684E+00,-1.7427136E+00
+1.1900E-03,+11.8592966E+00,-615.0754E-03
+1.2000E-03,+11.7839197E+00,+820.1005E-03
+1.2100E-03,+11.7336684E+00,+2.0844221E+00
+1.2200E-03,+11.6582915E+00,+3.0070352E+00
+1.2300E-03,+11.7839197E+00,+3.9296483E+00
+1.2400E-03,+11.6582915E+00,+5.3648242E+00
+1.2500E-03,+11.5829147E+00,+6.1165830E+00
+1.2600E-03,+11.3819096E+00,+6.8341710E+00
+1.2700E-03,+11.2562815E+00,+7.3809046E+00
+1.2800E-03,+11.2562815E+00,+7.9276383E+00
+1.2900E-03,+11.0552765E+00,+8.0984926E+00
+1.3000E-03,+11.0552765E+00,+7.9276383E+00
+1.3100E-03,+10.9296483E+00,+7.9276383E+00
+1.3200E-03,+10.8542714E+00,+7.6542715E+00
+1.3300E-03,+10.8542714E+00,+6.9366835E+00
+1.3400E-03,+10.6532664E+00,+6.2874373E+00
+1.3500E-03,+10.6532664E+00,+5.6723619E+00
+1.3600E-03,+10.5276383E+00,+4.6472363E+00
+1.3700E-03,+10.4522614E+00,+3.8271357E+00
+1.3800E-03,+10.4522614E+00,+2.9045227E+00
+1.3900E-03,+10.4522614E+00,+1.9135679E+00
+1.4000E-03,+10.4522614E+00,+717.5880E-03
+1.4100E-03,+10.4522614E+00,-375.8794E-03
+1.4200E-03,+10.3768845E+00,-1.4693468E+00
+1.4300E-03,+10.4522614E+00,-2.5628141E+00
+1.4400E-03,+10.5778895E+00,-3.5537689E+00
+1.4500E-03,+10.5778895E+00,-4.5447237E+00
+1.4600E-03,+10.6532664E+00,-5.1939699E+00
+1.4700E-03,+10.5778895E+00,-6.1849247E+00
+1.4800E-03,+10.8542714E+00,-6.3899499E+00
+1.4900E-03,+10.7788946E+00,-6.9366835E+00
+1.5000E-03,+10.9798996E+00,-7.1075378E+00
+1.5100E-03,+10.9296483E+00,-7.2100504E+00
+1.5200E-03,+11.0552765E+00,-7.3809046E+00
+1.5300E-03,+11.1809046E+00,-7.1075378E+00
+1.5400E-03,+11.1306534E+00,-6.8341710E+00
+1.5500E-03,+11.2562815E+00,-6.4582916E+00
+1.5600E-03,+11.2562815E+00,-5.9115579E+00
+1.5700E-03,+11.2562815E+00,-5.1939699E+00
+1.5800E-03,+11.3819096E+00,-4.3738694E+00
+1.5900E-03,+11.4572865E+00,-3.2804021E+00
+1.6000E-03,+11.4572865E+00,-2.7336684E+00
+1.6100E-03,+11.4572865E+00,-1.7085427E+00
+1.6200E-03,+11.6582915E+00,-820.1005E-03
+1.6300E-03,+11.4572865E+00,+102.5126E-03
+1.6400E-03,+11.4572865E+00,+1.0934674E+00
+1.6500E-03,+11.5829147E+00,+1.7427136E+00
+1.6600E-03,+11.5326634E+00,+2.8020101E+00
+1.6700E-03,+11.4572865E+00,+3.4512563E+00
+1.6800E-03,+11.3316584E+00,+3.8271357E+00
+1.6900E-03,+11.2562815E+00,+4.6472363E+00
+1.7000E-03,+11.2562815E+00,+4.9206031E+00
+1.7100E-03,+11.1809046E+00,+5.3648242E+00
+1.7200E-03,+11.0552765E+00,+5.4673368E+00
+1.7300E-03,+11.0552765E+00,+5.4673368E+00
+1.7400E-03,+10.9798996E+00,+5.4673368E+00
+1.7500E-03,+10.8542714E+00,+5.3648242E+00
+1.7600E-03,+10.8542714E+00,+5.1939699E+00
+1.7700E-03,+10.8542714E+00,+4.6472363E+00
+1.7800E-03,+10.7788946E+00,+4.1005026E+00
+1.7900E-03,+10.7286433E+00,+3.5537689E+00
+1.8000E-03,+10.7286433E+00,+2.8361810E+00
+1.8100E-03,+10.7788946E+00,+2.3577890E+00
+1.8200E-03,+10.6532664E+00,+1.3668342E+00
+1.8300E-03,+10.5778895E+00,+649.2462E-03
+1.8400E-03,+10.4522614E+00,-102.5126E-03
+1.8500E-03,+10.5778895E+00,-820.1005E-03
+1.8600E-03,+10.5778895E+00,-1.6402010E+00
+1.8700E-03,+10.5276383E+00,-2.1869347E+00
+1.8800E-03,+10.6532664E+00,-3.0070352E+00
+1.8900E-03,+10.7788946E+00,-3.7246232E+00
+1.9000E-03,+10.7788946E+00,-4.2030151E+00
+1.9100E-03,+10.8542714E+00,-4.6472363E+00
+1.9200E-03,+10.8542714E+00,-5.0914574E+00
+1.9300E-03,+10.8542714E+00,-5.1939699E+00
+1.9400E-03,+11.0552765E+00,-5.1939699E+00
+1.9500E-03,+11.0552765E+00,-5.3648242E+00
+1.9600E-03,+11.0552765E+00,-5.1939699E+00
+1.9700E-03,+11.1306534E+00,-4.9206031E+00
+1.9800E-03,+11.1809046E+00,-4.6472363E+00
+1.9900E-03,+11.2562815E+00,-4.3738694E+00
+2.0000E-03,+11.3316584E+00,-3.9979900E+00
+2.0100E-03,+11.3819096E+00,-3.3829146E+00
+2.0200E-03,+11.3819096E+00,-2.7336684E+00
+2.0300E-03,+11.3819096E+00,-2.1869347E+00
+2.0400E-03,+11.4572865E+00,-1.4693468E+00
+2.0500E-03,+11.3316584E+00,-820.1005E-03
+2.0600E-03,+11.3819096E+00,-273.3668E-03
+2.0700E-03,+11.4572865E+00,+273.3668E-03
+2.0800E-03,+11.2562815E+00,+990.9548E-03
+2.0900E-03,+11.2562815E+00,+1.6402010E+00
+2.1000E-03,+11.2562815E+00,+2.0844221E+00
+2.1100E-03,+11.2562815E+00,+2.7336684E+00
+2.1200E-03,+11.2562815E+00,+3.1778895E+00
+2.1300E-03,+11.1809046E+00,+3.2804021E+00
+2.1400E-03,+11.1306534E+00,+3.5537689E+00
+2.1500E-03,+11.0552765E+00,+3.8271357E+00
+2.1600E-03,+11.0552765E+00,+3.9979900E+00
+2.1700E-03,+10.9798996E+00,+3.8271357E+00
+2.1800E-03,+10.9798996E+00,+3.7246232E+00
+2.1900E-03,+10.8542714E+00,+3.5537689E+00
+2.2000E-03,+10.9798996E+00,+3.2120604E+00
+2.2100E-03,+10.8542714E+00,+3.0070352E+00
+2.2200E-03,+10.7286433E+00,+2.4603015E+00
+2.2300E-03,+10.8542714E+00,+2.0844221E+00
+2.2400E-03,+10.8542714E+00,+1.6402010E+00
+2.2500E-03,+10.6532664E+00,+1.0934674E+00
+2.2600E-03,+10.7788946E+00,+546.7337E-03
+2.2700E-03,+10.6532664E+00,+0.0E+00
+2.2800E-03,+10.6532664E+00,-649.2462E-03
+2.2900E-03,+10.6532664E+00,-1.0934674E+00
+2.3000E-03,+10.6532664E+00,-1.8110553E+00
+2.3100E-03,+10.8542714E+00,-2.0160804E+00
+2.3200E-03,+10.7788946E+00,-2.4603015E+00
+2.3300E-03,+10.8542714E+00,-2.9045227E+00
+2.3400E-03,+10.9296483E+00,-3.2804021E+00
+2.3500E-03,+10.9296483E+00,-3.3829146E+00
+2.3600E-03,+10.8542714E+00,-3.7246232E+00
+2.3700E-03,+10.8542714E+00,-4.1688443E+00
+2.3800E-03,+11.0552765E+00,-3.8271357E+00
+2.3900E-03,+11.0552765E+00,-3.7246232E+00
+2.4000E-03,+11.0552765E+00,-3.6562815E+00
+2.4100E-03,+11.2562815E+00,-3.4512563E+00
+2.4200E-03,+11.1809046E+00,-3.2804021E+00
+2.4300E-03,+11.2562815E+00,-3.0070352E+00
+2.4400E-03,+11.2562815E+00,-2.5628141E+00
+2.4500E-03,+11.1809046E+00,-2.2894473E+00
+2.4600E-03,+11.1809046E+00,-1.8110553E+00
+2.4700E-03,+11.2562815E+00,-1.1959799E+00
+2.4800E-03,+11.2562815E+00,-820.1005E-03
+2.4900E-03,+11.2562815E+00,-375.8794E-03
+2.5000E-03,+11.2562815E+00,+0.0E+00
+2.5100E-03,+11.2562815E+00,+546.7337E-03
+2.5200E-03,+11.2562815E+00,+820.1005E-03
+2.5300E-03,+11.2562815E+00,+1.2643216E+00
+2.5400E-03,+11.2562815E+00,+1.6402010E+00
+2.5500E-03,+11.1809046E+00,+2.0160804E+00
+2.5600E-03,+11.0552765E+00,+1.9135679E+00
+2.5700E-03,+11.1809046E+00,+2.4603015E+00
+2.5800E-03,+11.1809046E+00,+2.5628141E+00
+2.5900E-03,+11.0552765E+00,+2.6311558E+00
+2.6000E-03,+10.9798996E+00,+2.9045227E+00
+2.6100E-03,+10.9296483E+00,+2.6311558E+00
+2.6200E-03,+10.9798996E+00,+2.4603015E+00
+2.6300E-03,+10.9296483E+00,+2.1869347E+00
+2.6400E-03,+10.9296483E+00,+2.0844221E+00
+2.6500E-03,+10.8542714E+00,+1.9135679E+00
+2.6600E-03,+10.8542714E+00,+1.3668342E+00
+2.6700E-03,+10.8542714E+00,+1.2643216E+00
+2.6800E-03,+10.7286433E+00,+649.2462E-03
+2.6900E-03,+10.8542714E+00,+375.8794E-03
+2.7000E-03,+10.7788946E+00,+170.8543E-03
+2.7100E-03,+10.7788946E+00,-273.3668E-03
+2.7200E-03,+10.7286433E+00,-649.2462E-03
+2.7300E-03,+10.8542714E+00,-1.0934674E+00
+2.7400E-03,+10.8542714E+00,-1.3668342E+00
+2.7500E-03,+10.7788946E+00,-1.9135679E+00
+2.7600E-03,+10.9798996E+00,-2.1869347E+00
+2.7700E-03,+10.8542714E+00,-2.1869347E+00
+2.7800E-03,+10.8542714E+00,-2.3577890E+00
+2.7900E-03,+10.9798996E+00,-2.8361810E+00
+2.8000E-03,+10.9296483E+00,-2.7336684E+00
+2.8100E-03,+10.9296483E+00,-2.7336684E+00
+2.8200E-03,+11.0552765E+00,-2.7336684E+00
+2.8300E-03,+11.1809046E+00,-2.9045227E+00
+2.8400E-03,+11.0552765E+00,-2.6311558E+00
+2.8500E-03,+10.9798996E+00,-2.4603015E+00
+2.8600E-03,+11.0552765E+00,-2.2894473E+00
+2.8700E-03,+11.0552765E+00,-2.1869347E+00
+2.8800E-03,+11.0552765E+00,-1.8110553E+00
+2.8900E-03,+11.1809046E+00,-1.5376885E+00
+2.9000E-03,+11.1809046E+00,-1.0934674E+00
+2.9100E-03,+11.1809046E+00,-990.9548E-03
+2.9200E-03,+11.1809046E+00,-717.5880E-03
+2.9300E-03,+11.2562815E+00,-102.5126E-03
+2.9400E-03,+11.3819096E+00,+102.5126E-03
+2.9500E-03,+11.2562815E+00,+546.7337E-03
+2.9600E-03,+11.1306534E+00,+717.5880E-03
+2.9700E-03,+11.1306534E+00,+820.1005E-03
+2.9800E-03,+11.0552765E+00,+1.0934674E+00
+2.9900E-03,+11.1306534E+00,+1.3668342E+00
+3.0000E-03,+11.0552765E+00,+1.5376885E+00
+3.0100E-03,+11.0552765E+00,+1.6402010E+00
+3.0200E-03,+11.0552765E+00,+1.6402010E+00
+3.0300E-03,+11.1306534E+00,+1.6402010E+00
+3.0400E-03,+10.9798996E+00,+1.7427136E+00
+3.0500E-03,+11.0552765E+00,+1.6402010E+00
+3.0600E-03,+10.9798996E+00,+1.4693468E+00
+3.0700E-03,+10.9296483E+00,+1.3668342E+00
+3.0800E-03,+10.8542714E+00,+1.2643216E+00
+3.0900E-03,+10.8542714E+00,+1.0934674E+00
+3.1000E-03,+10.7286433E+00,+820.1005E-03
+3.1100E-03,+10.9045227E+00,+546.7337E-03
+3.1200E-03,+10.8542714E+00,+273.3668E-03
+3.1300E-03,+10.8542714E+00,+170.8543E-03
+3.1400E-03,+10.8542714E+00,-170.8543E-03
+3.1500E-03,+10.8542714E+00,-444.2211E-03
+3.1600E-03,+10.8542714E+00,-820.1005E-03
+3.1700E-03,+10.8542714E+00,-922.6131E-03
+3.1800E-03,+10.8542714E+00,-1.2643216E+00
+3.1900E-03,+10.9296483E+00,-1.5376885E+00
+3.2000E-03,+10.9296483E+00,-1.5376885E+00
+3.2100E-03,+10.8542714E+00,-1.8110553E+00
+3.2200E-03,+10.9296483E+00,-1.9135679E+00
+3.2300E-03,+11.0552765E+00,-2.0160804E+00
+3.2400E-03,+10.8542714E+00,-2.2894473E+00
+3.2500E-03,+11.0552765E+00,-2.0844221E+00
+3.2600E-03,+10.9296483E+00,-2.1869347E+00
+3.2700E-03,+11.0552765E+00,-2.0160804E+00
+3.2800E-03,+11.0552765E+00,-1.9135679E+00
+3.2900E-03,+11.0552765E+00,-1.6402010E+00
+3.3000E-03,+11.0552765E+00,-1.4693468E+00
+3.3100E-03,+11.0552765E+00,-1.3668342E+00
+3.3200E-03,+11.0552765E+00,-1.3668342E+00
+3.3300E-03,+11.1306534E+00,-1.0934674E+00
+3.3400E-03,+11.0552765E+00,-649.2462E-03
+3.3500E-03,+11.0552765E+00,-546.7337E-03
+3.3600E-03,+11.0552765E+00,-273.3668E-03
+3.3700E-03,+11.0552765E+00,+170.8543E-03
+3.3800E-03,+11.0552765E+00,+102.5126E-03
+3.3900E-03,+11.0552765E+00,+375.8794E-03
+3.4000E-03,+11.1809046E+00,+546.7337E-03
+3.4100E-03,+11.0552765E+00,+546.7337E-03
+3.4200E-03,+11.0552765E+00,+820.1005E-03
+3.4300E-03,+11.0552765E+00,+820.1005E-03
+3.4400E-03,+11.0552765E+00,+820.1005E-03
+3.4500E-03,+11.0552765E+00,+990.9548E-03
+3.4600E-03,+11.0552765E+00,+1.0934674E+00
+3.4700E-03,+10.9296483E+00,+1.0934674E+00
+3.4800E-03,+11.0552765E+00,+1.0934674E+00
+3.4900E-03,+10.9798996E+00,+1.0934674E+00
+3.5000E-03,+11.0552765E+00,+1.0934674E+00
+3.5100E-03,+10.9798996E+00,+820.1005E-03
+3.5200E-03,+11.0552765E+00,+649.2462E-03
+3.5300E-03,+10.8542714E+00,+649.2462E-03
+3.5400E-03,+10.8542714E+00,+444.2211E-03
+3.5500E-03,+10.9296483E+00,+273.3668E-03
+3.5600E-03,+10.8542714E+00,+102.5126E-03
+3.5700E-03,+10.8542714E+00,-170.8543E-03
+3.5800E-03,+10.8542714E+00,-546.7337E-03
+3.5900E-03,+10.8542714E+00,-546.7337E-03
+3.6000E-03,+10.8542714E+00,-820.1005E-03
+3.6100E-03,+10.9798996E+00,-922.6131E-03
+3.6200E-03,+11.0552765E+00,-1.1959799E+00
+3.6300E-03,+10.9296483E+00,-1.0934674E+00
+3.6400E-03,+10.8542714E+00,-1.3668342E+00
+3.6500E-03,+10.9798996E+00,-1.3668342E+00
+3.6600E-03,+10.9296483E+00,-1.4693468E+00
+3.6700E-03,+11.0552765E+00,-1.6402010E+00
+3.6800E-03,+10.9296483E+00,-1.6402010E+00
+3.6900E-03,+11.0552765E+00,-1.5376885E+00
+3.7000E-03,+11.0552765E+00,-1.5376885E+00
+3.7100E-03,+11.0552765E+00,-1.6402010E+00
+3.7200E-03,+11.0552765E+00,-1.6402010E+00
+3.7300E-03,+11.0552765E+00,-1.3668342E+00
+3.7400E-03,+10.9296483E+00,-1.0934674E+00
+3.7500E-03,+11.1809046E+00,-1.0934674E+00
+3.7600E-03,+11.0552765E+00,-820.1005E-03
+3.7700E-03,+11.0552765E+00,-820.1005E-03
+3.7800E-03,+11.1809046E+00,-717.5880E-03
+3.7900E-03,+11.0552765E+00,-546.7337E-03
+3.8000E-03,+11.1809046E+00,-170.8543E-03
+3.8100E-03,+11.0552765E+00,+0.0E+00
+3.8200E-03,+11.0552765E+00,+0.0E+00
+3.8300E-03,+10.9798996E+00,+273.3668E-03
+3.8400E-03,+11.0552765E+00,+444.2211E-03
+3.8500E-03,+11.0552765E+00,+546.7337E-03
+3.8600E-03,+11.0552765E+00,+546.7337E-03
+3.8700E-03,+11.0552765E+00,+717.5880E-03
+3.8800E-03,+11.0552765E+00,+649.2462E-03
+3.8900E-03,+10.9296483E+00,+649.2462E-03
+3.9000E-03,+11.0552765E+00,+820.1005E-03
+3.9100E-03,+10.9798996E+00,+717.5880E-03
+3.9200E-03,+11.0552765E+00,+546.7337E-03
+3.9300E-03,+10.9798996E+00,+649.2462E-03
+3.9400E-03,+10.9296483E+00,+546.7337E-03
+3.9500E-03,+10.9798996E+00,+375.8794E-03
+3.9600E-03,+10.9798996E+00,+102.5126E-03
+3.9700E-03,+10.9798996E+00,+444.2211E-03
+3.9800E-03,+10.8542714E+00,+273.3668E-03
+3.9900E-03,+11.0552765E+00,-170.8543E-03
+4.0000E-03,+10.9798996E+00,-273.3668E-03
+4.0100E-03,+10.8542714E+00,-273.3668E-03
+4.0200E-03,+10.9798996E+00,-375.8794E-03
+4.0300E-03,+10.8542714E+00,-649.2462E-03
+4.0400E-03,+10.9798996E+00,-820.1005E-03
+4.0500E-03,+10.8542714E+00,-820.1005E-03
+4.0600E-03,+11.0552765E+00,-820.1005E-03
+4.0700E-03,+10.9296483E+00,-1.0934674E+00
+4.0800E-03,+10.8542714E+00,-990.9548E-03
+4.0900E-03,+11.0552765E+00,-1.1959799E+00
+4.1000E-03,+10.9296483E+00,-1.1959799E+00
+4.1100E-03,+11.0552765E+00,-1.2643216E+00
+4.1200E-03,+10.8542714E+00,-1.0934674E+00
+4.1300E-03,+10.9296483E+00,-1.0934674E+00
+4.1400E-03,+11.0552765E+00,-1.0934674E+00
+4.1500E-03,+11.0552765E+00,-1.0934674E+00
+4.1600E-03,+11.0552765E+00,-990.9548E-03
+4.1700E-03,+10.9798996E+00,-922.6131E-03
+4.1800E-03,+10.8542714E+00,-820.1005E-03
+4.1900E-03,+11.0552765E+00,-820.1005E-03
+4.2000E-03,+11.0552765E+00,-444.2211E-03
+4.2100E-03,+10.9296483E+00,-546.7337E-03
+4.2200E-03,+11.0552765E+00,-375.8794E-03
+4.2300E-03,+10.9296483E+00,-273.3668E-03
+4.2400E-03,+10.9296483E+00,-273.3668E-03
+4.2500E-03,+10.9798996E+00,-102.5126E-03
+4.2600E-03,+11.0552765E+00,+170.8543E-03
+4.2700E-03,+11.0552765E+00,+273.3668E-03
+4.2800E-03,+10.9798996E+00,+273.3668E-03
+4.2900E-03,+10.9798996E+00,+170.8543E-03
+4.3000E-03,+11.1306534E+00,+341.7085E-03
+4.3100E-03,+11.0552765E+00,+273.3668E-03
+4.3200E-03,+11.0552765E+00,+273.3668E-03
+4.3300E-03,+11.0552765E+00,+546.7337E-03
+4.3400E-03,+10.9296483E+00,+375.8794E-03
+4.3500E-03,+10.9798996E+00,+444.2211E-03
+4.3600E-03,+11.0552765E+00,+444.2211E-03
+4.3700E-03,+10.8542714E+00,+273.3668E-03
+4.3800E-03,+10.8542714E+00,+273.3668E-03
+4.3900E-03,+11.0552765E+00,+102.5126E-03
+4.4000E-03,+11.0552765E+00,+0.0E+00
+4.4100E-03,+11.0552765E+00,+0.0E+00
+4.4200E-03,+10.9798996E+00,-170.8543E-03
+4.4300E-03,+10.8542714E+00,-273.3668E-03
+4.4400E-03,+10.9798996E+00,-170.8543E-03
+4.4500E-03,+10.8542714E+00,-444.2211E-03
+4.4600E-03,+10.9296483E+00,-375.8794E-03
+4.4700E-03,+11.0552765E+00,-444.2211E-03
+4.4800E-03,+10.8542714E+00,-649.2462E-03
+4.4900E-03,+11.0050252E+00,-820.1005E-03
+4.5000E-03,+10.9296483E+00,-820.1005E-03
+4.5100E-03,+10.8542714E+00,-820.1005E-03
+4.5200E-03,+11.0552765E+00,-649.2462E-03
+4.5300E-03,+10.8542714E+00,-922.6131E-03
+4.5400E-03,+10.8542714E+00,-649.2462E-03
+4.5500E-03,+10.9296483E+00,-922.6131E-03
+4.5600E-03,+10.9296483E+00,-990.9548E-03
+4.5700E-03,+11.0552765E+00,-820.1005E-03
+4.5800E-03,+10.9296483E+00,-820.1005E-03
+4.5900E-03,+11.0552765E+00,-820.1005E-03
+4.6000E-03,+10.9798996E+00,-820.1005E-03
+4.6100E-03,+11.0552765E+00,-717.5880E-03
+4.6200E-03,+11.0552765E+00,-546.7337E-03
+4.6300E-03,+11.0552765E+00,-649.2462E-03
+4.6400E-03,+11.0552765E+00,-546.7337E-03
+4.6500E-03,+11.0552765E+00,-273.3668E-03
+4.6600E-03,+11.0552765E+00,-273.3668E-03
+4.6700E-03,+11.0552765E+00,-273.3668E-03
+4.6800E-03,+11.0552765E+00,-273.3668E-03
+4.6900E-03,+11.0552765E+00,+0.0E+00
+4.7000E-03,+11.0552765E+00,+0.0E+00
+4.7100E-03,+11.0552765E+00,+0.0E+00
+4.7200E-03,+11.0552765E+00,+170.8543E-03
+4.7300E-03,+11.0552765E+00,+170.8543E-03
+4.7400E-03,+10.9296483E+00,+273.3668E-03
+4.7500E-03,+11.0552765E+00,+0.0E+00
+4.7600E-03,+10.9296483E+00,+273.3668E-03
+4.7700E-03,+11.0552765E+00,+102.5126E-03
+4.7800E-03,+10.9296483E+00,+273.3668E-03
+4.7900E-03,+10.9296483E+00,+102.5126E-03
+4.8000E-03,+10.8542714E+00,+0.0E+00
+4.8100E-03,+10.8542714E+00,+102.5126E-03
+4.8200E-03,+11.0552765E+00,+102.5126E-03
+4.8300E-03,+11.0552765E+00,+0.0E+00
+4.8400E-03,+10.8542714E+00,-102.5126E-03
+4.8500E-03,+11.0552765E+00,-170.8543E-03
+4.8600E-03,+11.0552765E+00,-341.7085E-03
+4.8700E-03,+10.8542714E+00,-102.5126E-03
+4.8800E-03,+10.9798996E+00,-273.3668E-03
+4.8900E-03,+10.9798996E+00,-273.3668E-03
+4.9000E-03,+11.0552765E+00,-546.7337E-03
+4.9100E-03,+10.9798996E+00,-444.2211E-03
+4.9200E-03,-12.0603016E+00,-23.2361813E+00
+4.9300E-03,-11.9346735E+00,-23.2361813E+00
+4.9400E-03,-11.7336684E+00,-22.0402014E+00
+4.9500E-03,-11.4572865E+00,-20.5025129E+00
+4.9600E-03,-11.1306534E+00,-18.5206033E+00
+4.9700E-03,-11.1306534E+00,-16.6753772E+00
+4.9800E-03,-10.8542714E+00,-13.7708545E+00
+4.9900E-03,-10.7286433E+00,-11.3105530E+00
+5.0000E-03,-10.6532664E+00,-8.2010052E+00
+5.0100E-03,-10.6532664E+00,-5.1939699E+00
+5.0200E-03,-10.4522614E+00,-2.0160804E+00
+5.0300E-03,-10.6532664E+00,+922.6131E-03
+5.0400E-03,-10.4522614E+00,+4.1005026E+00
+5.0500E-03,-10.5778895E+00,+7.0050252E+00
+5.0600E-03,-10.7788946E+00,+9.7386936E+00
+5.0700E-03,-10.8542714E+00,+12.0281409E+00
+5.0800E-03,-10.9296483E+00,+14.3859299E+00
+5.0900E-03,-11.1306534E+00,+15.8552766E+00
+5.1000E-03,-11.5326634E+00,+17.4954777E+00
+5.1100E-03,-11.4572865E+00,+18.5889450E+00
+5.1200E-03,-11.8592966E+00,+19.1356787E+00
+5.1300E-03,-12.0603016E+00,+19.4090455E+00
+5.1400E-03,-12.3366835E+00,+19.1356787E+00
+5.1500E-03,-12.5376885E+00,+18.5889450E+00
+5.1600E-03,-12.7889448E+00,+17.4954777E+00
+5.1700E-03,-12.9899499E+00,+16.1286435E+00
+5.1800E-03,-13.1909549E+00,+14.4884425E+00
+5.1900E-03,-13.2663318E+00,+12.5748746E+00
+5.2000E-03,-13.4673368E+00,+10.3879399E+00
+5.2100E-03,-13.4673368E+00,+7.9276383E+00
+5.2200E-03,-13.5427137E+00,+5.4673368E+00
+5.2300E-03,-13.6683418E+00,+2.7336684E+00
+5.2400E-03,-13.5427137E+00,+444.2211E-03
+5.2500E-03,-13.6683418E+00,-2.3577890E+00
+5.2600E-03,-13.6683418E+00,-4.6472363E+00
+5.2700E-03,-13.4673368E+00,-7.1075378E+00
+5.2800E-03,-13.3919599E+00,-9.2944725E+00
+5.2900E-03,-13.3417086E+00,-11.2080404E+00
+5.3000E-03,-13.0653267E+00,-13.2241208E+00
+5.3100E-03,-13.0653267E+00,-14.6592967E+00
+5.3200E-03,-12.7386936E+00,-15.5819098E+00
+5.3300E-03,-12.6633167E+00,-16.2311560E+00
+5.3400E-03,-12.4623117E+00,-16.6753772E+00
+5.3500E-03,-12.2613066E+00,-16.8462314E+00
+5.3600E-03,-12.0603016E+00,-16.6753772E+00
+5.3700E-03,-11.9346735E+00,-16.0261309E+00
+5.3800E-03,-11.6582915E+00,-15.2060304E+00
+5.3900E-03,-11.6582915E+00,-13.9417088E+00
+5.4000E-03,-11.4572865E+00,-12.4040203E+00
+5.4100E-03,-11.2562815E+00,-10.7638193E+00
+5.4200E-03,-11.0552765E+00,-8.8502514E+00
+5.4300E-03,-11.0552765E+00,-6.7316584E+00
+5.4400E-03,-11.0552765E+00,-4.3738694E+00
+5.4500E-03,-10.8542714E+00,-2.2894473E+00
+5.4600E-03,-11.0552765E+00,-273.3668E-03
+5.4700E-03,-11.0552765E+00,+2.0844221E+00
+5.4800E-03,-11.0552765E+00,+4.1005026E+00
+5.4900E-03,-11.1809046E+00,+6.0140705E+00
+5.5000E-03,-11.2562815E+00,+7.9276383E+00
+5.5100E-03,-11.2562815E+00,+9.4653268E+00
+5.5200E-03,-11.4572865E+00,+10.6613067E+00
+5.5300E-03,-11.6582915E+00,+11.7547741E+00
+5.5400E-03,-11.8592966E+00,+12.6773871E+00
+5.5500E-03,-11.8592966E+00,+13.2924625E+00
+5.5600E-03,-12.1356785E+00,+13.3949751E+00
+5.5700E-03,-12.2613066E+00,+13.3949751E+00
+5.5800E-03,-12.4623117E+00,+13.0190957E+00
+5.5900E-03,-12.5376885E+00,+12.6432163E+00
+5.6000E-03,-12.6633167E+00,+11.5839198E+00
+5.6100E-03,-12.8643217E+00,+10.3879399E+00
+5.6200E-03,-13.0653267E+00,+9.1236182E+00
+5.6300E-03,-13.0653267E+00,+7.9276383E+00
+5.6400E-03,-13.0653267E+00,+6.2874373E+00
+5.6500E-03,-13.1407036E+00,+4.2030151E+00
+5.6600E-03,-13.3417086E+00,+2.7336684E+00
+5.6700E-03,-13.2663318E+00,+820.1005E-03
+5.6800E-03,-13.2663318E+00,-1.0934674E+00
+5.6900E-03,-13.0653267E+00,-2.9045227E+00
+5.7000E-03,-13.2663318E+00,-4.7155780E+00
+5.7100E-03,-13.0653267E+00,-6.0140705E+00
+5.7200E-03,-13.0653267E+00,-7.7567840E+00
+5.7300E-03,-12.8643217E+00,-9.0211057E+00
+5.7400E-03,-12.7386936E+00,-9.8412062E+00
+5.7500E-03,-12.6633167E+00,-10.6613067E+00
+5.7600E-03,-12.7386936E+00,-11.4814072E+00
+5.7700E-03,-12.3366835E+00,-11.7547741E+00
+5.7800E-03,-12.2613066E+00,-12.0281409E+00
+5.7900E-03,-12.1356785E+00,-11.8572866E+00
+5.8000E-03,-12.1356785E+00,-11.5497489E+00
+5.8100E-03,-11.7839197E+00,-11.0030153E+00
+5.8200E-03,-11.7336684E+00,-10.1145730E+00
+5.8300E-03,-11.6582915E+00,-9.2944725E+00
+5.8400E-03,-11.6582915E+00,-8.0301509E+00
+5.8500E-03,-11.5829147E+00,-6.8341710E+00
+5.8600E-03,-11.4572865E+00,-5.1939699E+00
+5.8700E-03,-11.4572865E+00,-3.9296483E+00
+5.8800E-03,-11.2562815E+00,-2.1869347E+00
+5.8900E-03,-11.3316584E+00,-990.9548E-03
+5.9000E-03,-11.3316584E+00,+615.0754E-03
+5.9100E-03,-11.4572865E+00,+2.1869347E+00
+5.9200E-03,-11.4572865E+00,+3.7246232E+00
+5.9300E-03,-11.4572865E+00,+4.8180905E+00
+5.9400E-03,-11.5326634E+00,+6.1849247E+00
+5.9500E-03,-11.6582915E+00,+7.0050252E+00
+5.9600E-03,-11.7336684E+00,+7.9276383E+00
+5.9700E-03,-11.8592966E+00,+8.4743720E+00
+5.9800E-03,-12.0603016E+00,+9.1236182E+00
+5.9900E-03,-12.1859297E+00,+9.3969851E+00
+6.0000E-03,-12.1356785E+00,+9.3969851E+00
+6.0100E-03,-12.2613066E+00,+9.1236182E+00
+6.0200E-03,-12.5376885E+00,+9.0211057E+00
+6.0300E-03,-12.5376885E+00,+8.3718594E+00
+6.0400E-03,-12.6633167E+00,+7.6542715E+00
+6.0500E-03,-12.6633167E+00,+6.6633167E+00
+6.0600E-03,-12.7386936E+00,+5.7407036E+00
+6.0700E-03,-12.7386936E+00,+4.7497488E+00
+6.0800E-03,-12.9899499E+00,+3.4512563E+00
+6.0900E-03,-12.9899499E+00,+2.2552764E+00
+6.1000E-03,-12.9396986E+00,+990.9548E-03
+6.1100E-03,-12.9899499E+00,-273.3668E-03
+6.1200E-03,-12.8643217E+00,-1.7085427E+00
+6.1300E-03,-12.8643217E+00,-2.8361810E+00
+6.1400E-03,-12.8643217E+00,-3.8271357E+00
+6.1500E-03,-12.8643217E+00,-4.9206031E+00
+6.1600E-03,-12.8643217E+00,-5.9115579E+00
+6.1700E-03,-12.6633167E+00,-7.0050252E+00
+6.1800E-03,-12.5376885E+00,-7.3809046E+00
+6.1900E-03,-12.5879398E+00,-7.9276383E+00
+6.2000E-03,-12.4623117E+00,-8.3718594E+00
+6.2100E-03,-12.2613066E+00,-8.4743720E+00
+6.2200E-03,-12.2613066E+00,-8.4743720E+00
+6.2300E-03,-11.9346735E+00,-8.3035177E+00
+6.2400E-03,-11.9849247E+00,-8.2010052E+00
+6.2500E-03,-11.9346735E+00,-7.4834172E+00
+6.2600E-03,-11.9095478E+00,-6.8341710E+00
+6.2700E-03,-11.8592966E+00,-6.1165830E+00
+6.2800E-03,-11.6582915E+00,-5.0231157E+00
+6.2900E-03,-11.7336684E+00,-4.3738694E+00
+6.3000E-03,-11.6582915E+00,-3.1778895E+00
+6.3100E-03,-11.6582915E+00,-2.1869347E+00
+6.3200E-03,-11.6582915E+00,-1.0934674E+00
+6.3300E-03,-11.6582915E+00,+170.8543E-03
+6.3400E-03,-11.6582915E+00,+1.1618091E+00
+6.3500E-03,-11.6582915E+00,+1.9135679E+00
+6.3600E-03,-11.6582915E+00,+3.0070352E+00
+6.3700E-03,-11.6582915E+00,+3.8271357E+00
+6.3800E-03,-11.8592966E+00,+4.6472363E+00
+6.3900E-03,-11.8592966E+00,+5.1939699E+00
+6.4000E-03,-11.9849247E+00,+5.7407036E+00
+6.4100E-03,-11.9346735E+00,+6.3899499E+00
+6.4200E-03,-12.2613066E+00,+6.5608041E+00
+6.4300E-03,-12.1859297E+00,+6.5608041E+00
+6.4400E-03,-12.1859297E+00,+6.2874373E+00
+6.4500E-03,-12.2613066E+00,+6.3899499E+00
+6.4600E-03,-12.4623117E+00,+6.0140705E+00
+6.4700E-03,-12.4623117E+00,+5.6381910E+00
+6.4800E-03,-12.3869348E+00,+5.0914574E+00
+6.4900E-03,-12.5879398E+00,+4.2030151E+00
+6.5000E-03,-12.6633167E+00,+3.2804021E+00
+6.5100E-03,-12.6633167E+00,+2.8361810E+00
+6.5200E-03,-12.6633167E+00,+1.7427136E+00
+6.5300E-03,-12.7889448E+00,+820.1005E-03
+6.5400E-03,-12.7135679E+00,+170.8543E-03
+6.5500E-03,-12.7386936E+00,-820.1005E-03
+6.5600E-03,-12.6633167E+00,-1.7427136E+00
+6.5700E-03,-12.6633167E+00,-2.4603015E+00
+6.5800E-03,-12.5879398E+00,-3.2804021E+00
+6.5900E-03,-12.5879398E+00,-4.1005026E+00
+6.6000E-03,-12.4623117E+00,-4.6472363E+00
+6.6100E-03,-12.5879398E+00,-5.1939699E+00
+6.6200E-03,-12.3869348E+00,-5.7407036E+00
+6.6300E-03,-12.2613066E+00,-5.8432162E+00
+6.6400E-03,-12.2613066E+00,-5.7407036E+00
+6.6500E-03,-12.2613066E+00,-6.1165830E+00
+6.6600E-03,-12.0603016E+00,-6.0140705E+00
+6.6700E-03,-11.9346735E+00,-5.7407036E+00
+6.6800E-03,-12.0603016E+00,-5.4673368E+00
+6.6900E-03,-12.0603016E+00,-5.0914574E+00
+6.7000E-03,-12.0603016E+00,-4.4763820E+00
+6.7100E-03,-11.8592966E+00,-4.1005026E+00
+6.7200E-03,-11.8592966E+00,-3.2804021E+00
+6.7300E-03,-11.7839197E+00,-2.5286433E+00
+6.7400E-03,-11.7336684E+00,-2.0160804E+00
+6.7500E-03,-11.6582915E+00,-1.0934674E+00
+6.7600E-03,-11.7336684E+00,-273.3668E-03
+6.7700E-03,-11.7839197E+00,+273.3668E-03
+6.7800E-03,-11.8592966E+00,+1.0934674E+00
+6.7900E-03,-11.8592966E+00,+1.6402010E+00
+6.8000E-03,-11.8592966E+00,+2.1869347E+00
+6.8100E-03,-11.8592966E+00,+3.0070352E+00
+6.8200E-03,-11.9849247E+00,+3.2804021E+00
+6.8300E-03,-11.9346735E+00,+3.7246232E+00
+6.8400E-03,-11.9346735E+00,+4.1005026E+00
+6.8500E-03,-11.9346735E+00,+4.3055277E+00
+6.8600E-03,-12.1356785E+00,+4.5447237E+00
+6.8700E-03,-12.2613066E+00,+4.3738694E+00
+6.8800E-03,-12.1356785E+00,+4.3738694E+00
+6.8900E-03,-12.4623117E+00,+3.9296483E+00
+6.9000E-03,-12.3869348E+00,+3.8271357E+00
+6.9100E-03,-12.2613066E+00,+3.5537689E+00
+6.9200E-03,-12.4623117E+00,+3.0070352E+00
+6.9300E-03,-12.4623117E+00,+2.5286433E+00
+6.9400E-03,-12.4623117E+00,+1.8452262E+00
+6.9500E-03,-12.6633167E+00,+1.3668342E+00
+6.9600E-03,-12.5376885E+00,+820.1005E-03
+6.9700E-03,-12.5376885E+00,+0.0E+00
+6.9800E-03,-12.5879398E+00,-375.8794E-03
+6.9900E-03,-12.4623117E+00,-1.2643216E+00
+7.0000E-03,-12.5376885E+00,-1.8110553E+00
+7.0100E-03,-12.3869348E+00,-2.3577890E+00
+7.0200E-03,-12.4623117E+00,-2.7336684E+00
+7.0300E-03,-12.4623117E+00,-3.1095478E+00
+7.0400E-03,-12.3869348E+00,-3.4512563E+00
+7.0500E-03,-12.4623117E+00,-3.8271357E+00
+7.0600E-03,-12.3869348E+00,-4.2030151E+00
+7.0700E-03,-12.2613066E+00,-4.2030151E+00
+7.0800E-03,-12.2613066E+00,-4.3738694E+00
+7.0900E-03,-12.2613066E+00,-4.2030151E+00
+7.1000E-03,-12.2613066E+00,-4.1005026E+00
+7.1100E-03,-12.1356785E+00,-4.1005026E+00
+7.1200E-03,-12.0603016E+00,-3.8271357E+00
+7.1300E-03,-12.0603016E+00,-3.2804021E+00
+7.1400E-03,-12.0603016E+00,-3.0070352E+00
+7.1500E-03,-11.8592966E+00,-2.6311558E+00
+7.1600E-03,-11.9346735E+00,-2.0160804E+00
+7.1700E-03,-12.0603016E+00,-1.6402010E+00
+7.1800E-03,-11.9849247E+00,-1.0934674E+00
+7.1900E-03,-11.9849247E+00,-546.7337E-03
+7.2000E-03,-11.8592966E+00,+0.0E+00
+7.2100E-03,-11.9346735E+00,+546.7337E-03
+7.2200E-03,-11.9849247E+00,+922.6131E-03
+7.2300E-03,-11.9346735E+00,+1.4693468E+00
+7.2400E-03,-12.0603016E+00,+2.0844221E+00
+7.2500E-03,-12.0100503E+00,+2.1869347E+00
+7.2600E-03,-12.0603016E+00,+2.4603015E+00
+7.2700E-03,-12.0603016E+00,+2.5628141E+00
+7.2800E-03,-12.0603016E+00,+3.0070352E+00
+7.2900E-03,-12.0603016E+00,+3.1778895E+00
+7.3000E-03,-12.1859297E+00,+3.0070352E+00
+7.3100E-03,-12.2613066E+00,+3.1778895E+00
+7.3200E-03,-12.2613066E+00,+2.9045227E+00
+7.3300E-03,-12.2613066E+00,+2.4603015E+00
+7.3400E-03,-12.2613066E+00,+2.4603015E+00
+7.3500E-03,-12.3869348E+00,+2.3577890E+00
+7.3600E-03,-12.4623117E+00,+1.8110553E+00
+7.3700E-03,-12.4623117E+00,+1.4693468E+00
+7.3800E-03,-12.4623117E+00,+1.0934674E+00
+7.3900E-03,-12.3366835E+00,+649.2462E-03
+7.4000E-03,-12.4623117E+00,+273.3668E-03
+7.4100E-03,-12.4623117E+00,-273.3668E-03
+7.4200E-03,-12.4623117E+00,-717.5880E-03
+7.4300E-03,-12.4623117E+00,-1.0934674E+00
+7.4400E-03,-12.4623117E+00,-1.6402010E+00
+7.4500E-03,-12.4623117E+00,-2.0844221E+00
+7.4600E-03,-12.4623117E+00,-2.0844221E+00
+7.4700E-03,-12.3366835E+00,-2.4603015E+00
+7.4800E-03,-12.3366835E+00,-2.7336684E+00
+7.4900E-03,-12.3869348E+00,-2.9045227E+00
+7.5000E-03,-12.2613066E+00,-3.1778895E+00
+7.5100E-03,-12.2613066E+00,-3.0070352E+00
+7.5200E-03,-12.1356785E+00,-3.2804021E+00
+7.5300E-03,-12.1356785E+00,-3.1095478E+00
+7.5400E-03,-12.0603016E+00,-3.0070352E+00
+7.5500E-03,-12.2613066E+00,-2.9045227E+00
+7.5600E-03,-12.0603016E+00,-2.4603015E+00
+7.5700E-03,-12.0603016E+00,-2.4603015E+00
+7.5800E-03,-11.8592966E+00,-1.9135679E+00
+7.5900E-03,-12.0603016E+00,-1.4693468E+00
+7.6000E-03,-12.1356785E+00,-1.1959799E+00
+7.6100E-03,-11.9849247E+00,-820.1005E-03
+7.6200E-03,-11.9849247E+00,-546.7337E-03
+7.6300E-03,-11.8592966E+00,-273.3668E-03
+7.6400E-03,-11.9095478E+00,+273.3668E-03
+7.6500E-03,-12.0603016E+00,+649.2462E-03
+7.6600E-03,-11.9346735E+00,+615.0754E-03
+7.6700E-03,-11.9849247E+00,+1.0934674E+00
+7.6800E-03,-12.0603016E+00,+1.2643216E+00
+7.6900E-03,-12.0603016E+00,+1.3668342E+00
+7.7000E-03,-12.1356785E+00,+1.8110553E+00
+7.7100E-03,-12.0603016E+00,+1.9135679E+00
+7.7200E-03,-12.0603016E+00,+1.9135679E+00
+7.7300E-03,-12.2613066E+00,+2.0160804E+00
+7.7400E-03,-12.2613066E+00,+2.0160804E+00
+7.7500E-03,-12.2613066E+00,+2.0844221E+00
+7.7600E-03,-12.3869348E+00,+1.9135679E+00
+7.7700E-03,-12.3366835E+00,+1.6402010E+00
+7.7800E-03,-12.2613066E+00,+1.5376885E+00
+7.7900E-03,-12.2613066E+00,+1.3668342E+00
+7.8000E-03,-12.3366835E+00,+922.6131E-03
+7.8100E-03,-12.2613066E+00,+649.2462E-03
+7.8200E-03,-12.3366835E+00,+546.7337E-03
+7.8300E-03,-12.3366835E+00,+0.0E+00
+7.8400E-03,-12.5376885E+00,-102.5126E-03
+7.8500E-03,-12.4623117E+00,-546.7337E-03
+7.8600E-03,-12.3869348E+00,-820.1005E-03
+7.8700E-03,-12.3366835E+00,-1.0934674E+00
+7.8800E-03,-12.2613066E+00,-1.3668342E+00
+7.8900E-03,-12.3366835E+00,-1.7427136E+00
+7.9000E-03,-12.3366835E+00,-1.9135679E+00
+7.9100E-03,-12.3869348E+00,-2.0844221E+00
+7.9200E-03,-12.2613066E+00,-2.1869347E+00
+7.9300E-03,-12.3115579E+00,-2.1869347E+00
+7.9400E-03,-12.2613066E+00,-2.3577890E+00
+7.9500E-03,-12.1356785E+00,-2.3577890E+00
+7.9600E-03,-12.2613066E+00,-2.4603015E+00
+7.9700E-03,-12.2613066E+00,-2.3577890E+00
+7.9800E-03,-12.0603016E+00,-2.1869347E+00
+7.9900E-03,-12.1356785E+00,-1.9135679E+00
+8.0000E-03,-12.0603016E+00,-1.9135679E+00
+8.0100E-03,-12.1356785E+00,-1.7427136E+00
+8.0200E-03,-12.0603016E+00,-1.3668342E+00
+8.0300E-03,-12.0603016E+00,-1.1959799E+00
+8.0400E-03,-12.0603016E+00,-922.6131E-03
+8.0500E-03,-12.1859297E+00,-649.2462E-03
+8.0600E-03,-12.0603016E+00,-273.3668E-03
+8.0700E-03,-11.9849247E+00,-170.8543E-03
+8.0800E-03,-12.1105529E+00,+0.0E+00
+8.0900E-03,-12.1356785E+00,+444.2211E-03
+8.1000E-03,-12.1859297E+00,+546.7337E-03
+8.1100E-03,-12.0603016E+00,+546.7337E-03
+8.1200E-03,-12.0603016E+00,+1.1618091E+00
+8.1300E-03,-12.0603016E+00,+922.6131E-03
+8.1400E-03,-12.1356785E+00,+1.0934674E+00
+8.1500E-03,-12.0603016E+00,+1.3668342E+00
+8.1600E-03,-12.2613066E+00,+1.1959799E+00
+8.1700E-03,-12.2613066E+00,+1.3668342E+00
+8.1800E-03,-12.2613066E+00,+1.0934674E+00
+8.1900E-03,-12.1859297E+00,+1.2643216E+00
+8.2000E-03,-12.2613066E+00,+1.1959799E+00
+8.2100E-03,-12.2613066E+00,+922.6131E-03
+8.2200E-03,-12.2613066E+00,+922.6131E-03
+8.2300E-03,-12.2613066E+00,+546.7337E-03
+8.2400E-03,-12.2613066E+00,+546.7337E-03
+8.2500E-03,-12.2613066E+00,+375.8794E-03
+8.2600E-03,-12.2613066E+00,+0.0E+00
+8.2700E-03,-12.2613066E+00,-444.2211E-03
+8.2800E-03,-12.3869348E+00,-273.3668E-03
+8.2900E-03,-12.3869348E+00,-546.7337E-03
+8.3000E-03,-12.3366835E+00,-820.1005E-03
+8.3100E-03,-12.2613066E+00,-922.6131E-03
+8.3200E-03,-12.3366835E+00,-1.0934674E+00
+8.3300E-03,-12.2613066E+00,-1.2643216E+00
+8.3400E-03,-12.2613066E+00,-1.6402010E+00
+8.3500E-03,-12.1859297E+00,-1.4693468E+00
+8.3600E-03,-12.2613066E+00,-1.6402010E+00
+8.3700E-03,-12.2613066E+00,-1.6402010E+00
+8.3800E-03,-12.1859297E+00,-1.6402010E+00
+8.3900E-03,-12.1356785E+00,-1.8110553E+00
+8.4000E-03,-12.2613066E+00,-1.8110553E+00
+8.4100E-03,-12.1356785E+00,-1.6402010E+00
+8.4200E-03,-12.1356785E+00,-1.6402010E+00
+8.4300E-03,-12.0603016E+00,-1.3668342E+00
+8.4400E-03,-12.0603016E+00,-1.1959799E+00
+8.4500E-03,-12.1356785E+00,-1.0934674E+00
+8.4600E-03,-12.0603016E+00,-1.0934674E+00
+8.4700E-03,-11.9346735E+00,-820.1005E-03
+8.4800E-03,-12.1859297E+00,-444.2211E-03
+8.4900E-03,-12.0603016E+00,-444.2211E-03
+8.5000E-03,-12.0603016E+00,-102.5126E-03
+8.5100E-03,-12.1356785E+00,-170.8543E-03
+8.5200E-03,-12.1356785E+00,+0.0E+00
+8.5300E-03,-12.0603016E+00,+273.3668E-03
+8.5400E-03,-12.1356785E+00,+375.8794E-03
+8.5500E-03,-12.0603016E+00,+546.7337E-03
+8.5600E-03,-12.1356785E+00,+820.1005E-03
+8.5700E-03,-12.0603016E+00,+717.5880E-03
+8.5800E-03,-12.1356785E+00,+546.7337E-03
+8.5900E-03,-12.1859297E+00,+820.1005E-03
+8.6000E-03,-12.1356785E+00,+922.6131E-03
+8.6100E-03,-12.1356785E+00,+922.6131E-03
+8.6200E-03,-12.2613066E+00,+717.5880E-03
+8.6300E-03,-12.2613066E+00,+717.5880E-03
+8.6400E-03,-12.2613066E+00,+820.1005E-03
+8.6500E-03,-12.2613066E+00,+546.7337E-03
+8.6600E-03,-12.1859297E+00,+273.3668E-03
+8.6700E-03,-12.2613066E+00,+273.3668E-03
+8.6800E-03,-12.1859297E+00,+273.3668E-03
+8.6900E-03,-12.2613066E+00,+0.0E+00
+8.7000E-03,-12.3366835E+00,-102.5126E-03
+8.7100E-03,-12.3869348E+00,-444.2211E-03
+8.7200E-03,-12.2613066E+00,-273.3668E-03
+8.7300E-03,-12.2613066E+00,-820.1005E-03
+8.7400E-03,-12.2613066E+00,-820.1005E-03
+8.7500E-03,-12.2613066E+00,-820.1005E-03
+8.7600E-03,-12.2613066E+00,-922.6131E-03
+8.7700E-03,-12.1859297E+00,-1.1618091E+00
+8.7800E-03,-12.2613066E+00,-1.2643216E+00
+8.7900E-03,-12.2613066E+00,-1.2643216E+00
+8.8000E-03,-12.1859297E+00,-1.1959799E+00
+8.8100E-03,-12.2613066E+00,-1.3668342E+00
+8.8200E-03,-12.2613066E+00,-1.3668342E+00
+8.8300E-03,-12.1356785E+00,-1.2643216E+00
+8.8400E-03,-12.0603016E+00,-1.1959799E+00
+8.8500E-03,-12.2613066E+00,-1.0934674E+00
+8.8600E-03,-12.2613066E+00,-1.2643216E+00
+8.8700E-03,-12.1356785E+00,-1.0934674E+00
+8.8800E-03,-12.0603016E+00,-990.9548E-03
+8.8900E-03,-12.0603016E+00,-649.2462E-03
+8.9000E-03,-12.0603016E+00,-717.5880E-03
+8.9100E-03,-12.0603016E+00,-717.5880E-03
+8.9200E-03,-12.1356785E+00,-546.7337E-03
+8.9300E-03,-12.0603016E+00,-273.3668E-03
+8.9400E-03,-12.1356785E+00,-273.3668E-03
+8.9500E-03,-12.0603016E+00,-102.5126E-03
+8.9600E-03,-12.1859297E+00,+0.0E+00
+8.9700E-03,-12.2613066E+00,+170.8543E-03
+8.9800E-03,-12.1356785E+00,+273.3668E-03
+8.9900E-03,-12.1859297E+00,+273.3668E-03
+9.0000E-03,-12.0603016E+00,+546.7337E-03
+9.0100E-03,-12.1356785E+00,+649.2462E-03
+9.0200E-03,-12.2613066E+00,+546.7337E-03
+9.0300E-03,-12.1859297E+00,+546.7337E-03
+9.0400E-03,-12.2613066E+00,+546.7337E-03
+9.0500E-03,-12.2613066E+00,+273.3668E-03
+9.0600E-03,-12.2613066E+00,+375.8794E-03
+9.0700E-03,-12.2613066E+00,+273.3668E-03
+9.0800E-03,-12.2613066E+00,+444.2211E-03
+9.0900E-03,-12.2613066E+00,+273.3668E-03
+9.1000E-03,-12.1356785E+00,+102.5126E-03
+9.1100E-03,-12.2613066E+00,+0.0E+00
+9.1200E-03,-12.1859297E+00,-102.5126E-03
+9.1300E-03,-12.2613066E+00,-170.8543E-03
+9.1400E-03,-12.0603016E+00,-273.3668E-03
+9.1500E-03,-12.2613066E+00,-444.2211E-03
+9.1600E-03,-12.1859297E+00,-375.8794E-03
+9.1700E-03,-12.1356785E+00,-546.7337E-03
+9.1800E-03,-12.1356785E+00,-546.7337E-03
+9.1900E-03,-12.2613066E+00,-649.2462E-03
+9.2000E-03,-12.2613066E+00,-717.5880E-03
+9.2100E-03,-12.2613066E+00,-820.1005E-03
+9.2200E-03,-12.2613066E+00,-990.9548E-03
+9.2300E-03,-12.2613066E+00,-820.1005E-03
+9.2400E-03,-12.1356785E+00,-1.0934674E+00
+9.2500E-03,-12.2613066E+00,-1.1959799E+00
+9.2600E-03,-12.2613066E+00,-990.9548E-03
+9.2700E-03,-12.2613066E+00,-1.0934674E+00
+9.2800E-03,-12.1356785E+00,-820.1005E-03
+9.2900E-03,-12.2613066E+00,-1.0934674E+00
+9.3000E-03,-12.0603016E+00,-820.1005E-03
+9.3100E-03,-12.0603016E+00,-888.4422E-03
+9.3200E-03,-12.1356785E+00,-546.7337E-03
+9.3300E-03,-12.0603016E+00,-546.7337E-03
+9.3400E-03,-12.1356785E+00,-546.7337E-03
+9.3500E-03,-12.1859297E+00,-546.7337E-03
+9.3600E-03,-12.0603016E+00,-273.3668E-03
+9.3700E-03,-12.0603016E+00,-546.7337E-03
+9.3800E-03,-12.2613066E+00,-102.5126E-03
+9.3900E-03,-12.2613066E+00,-273.3668E-03
+9.4000E-03,-12.0603016E+00,+170.8543E-03
+9.4100E-03,-12.1859297E+00,-102.5126E-03
+9.4200E-03,-12.1859297E+00,+170.8543E-03
+9.4300E-03,-12.0603016E+00,+102.5126E-03
+9.4400E-03,-12.1356785E+00,+102.5126E-03
+9.4500E-03,-12.2613066E+00,+546.7337E-03
+9.4600E-03,-12.0603016E+00,+273.3668E-03
+9.4700E-03,-12.2613066E+00,+170.8543E-03
+9.4800E-03,-12.0603016E+00,+273.3668E-03
+9.4900E-03,-12.2613066E+00,+273.3668E-03
+9.5000E-03,-12.2613066E+00,+102.5126E-03
+9.5100E-03,-12.2613066E+00,+170.8543E-03
+9.5200E-03,-12.3366835E+00,+102.5126E-03
+9.5300E-03,-12.1356785E+00,+0.0E+00
+9.5400E-03,-12.1859297E+00,+0.0E+00
+9.5500E-03,-12.2613066E+00,-170.8543E-03
+9.5600E-03,-12.1356785E+00,+0.0E+00
+9.5700E-03,-12.1859297E+00,-170.8543E-03
+9.5800E-03,-12.1356785E+00,-375.8794E-03
+9.5900E-03,-12.2613066E+00,-375.8794E-03
+9.6000E-03,-12.2613066E+00,-546.7337E-03
+9.6100E-03,-12.2613066E+00,-478.3920E-03
+9.6200E-03,-12.1356785E+00,-717.5880E-03
+9.6300E-03,-12.1356785E+00,-546.7337E-03
+9.6400E-03,-12.1859297E+00,-717.5880E-03
+9.6500E-03,-12.2613066E+00,-820.1005E-03
+9.6600E-03,-12.1356785E+00,-717.5880E-03
+9.6700E-03,-12.2613066E+00,-820.1005E-03
+9.6800E-03,-12.2613066E+00,-820.1005E-03
+9.6900E-03,-12.2613066E+00,-546.7337E-03
+9.7000E-03,-12.1356785E+00,-649.2462E-03
+9.7100E-03,-12.1859297E+00,-820.1005E-03
+9.7200E-03,-12.1859297E+00,-717.5880E-03
+9.7300E-03,-12.1859297E+00,-546.7337E-03
+9.7400E-03,-12.2613066E+00,-820.1005E-03
+9.7500E-03,-12.1859297E+00,-649.2462E-03
+9.7600E-03,-12.2110554E+00,-546.7337E-03
+9.7700E-03,-12.1356785E+00,-375.8794E-03
+9.7800E-03,-12.0603016E+00,-546.7337E-03
+9.7900E-03,-12.1859297E+00,-273.3668E-03
+9.8000E-03,-12.1859297E+00,-273.3668E-03
+9.8100E-03,-12.0603016E+00,-170.8543E-03
+9.8200E-03,-12.1859297E+00,-273.3668E-03
+9.8300E-03,-12.1859297E+00,-102.5126E-03
+9.8400E-03,+10.6532664E+00,+22.6894476E+00
+9.8500E-03,+10.6532664E+00,+21.8010054E+00
+9.8600E-03,+10.4522614E+00,+20.4000003E+00
+9.8700E-03,+10.2512564E+00,+18.6914576E+00
+9.8800E-03,+10.0502513E+00,+16.6753772E+00
+9.8900E-03,+9.8492463E+00,+14.2150756E+00
+9.9000E-03,+9.6482413E+00,+11.5839198E+00
+9.9100E-03,+9.5226131E+00,+8.8502514E+00
+9.9200E-03,+9.4472363E+00,+5.5698493E+00
+9.9300E-03,+9.3718594E+00,+2.5628141E+00
+9.9400E-03,+9.2462312E+00,-546.7337E-03
+9.9500E-03,+9.4472363E+00,-3.5537689E+00
+9.9600E-03,+9.4472363E+00,-6.5608041E+00
+9.9700E-03,+9.5226131E+00,-9.2944725E+00
+9.9800E-03,+9.5728644E+00,-12.0281409E+00
+9.9900E-03,+9.8492463E+00,-14.2834173E+00
+10.0000E-03,+10.0502513E+00,-16.0261309E+00
+10.0100E-03,+10.1256282E+00,-17.4954777E+00
+10.0200E-03,+10.3768845E+00,-19.0331661E+00
+10.0300E-03,+10.6532664E+00,-19.4090455E+00
+10.0400E-03,+10.8542714E+00,-19.8532667E+00
+10.0500E-03,+11.0552765E+00,-19.9557792E+00
+10.0600E-03,+11.3819096E+00,-19.5798998E+00
+10.0700E-03,+11.4572865E+00,-18.5889450E+00
+10.0800E-03,+11.6582915E+00,-17.4954777E+00
+10.0900E-03,+11.9346735E+00,-15.9577892E+00
+10.1000E-03,+11.9346735E+00,-14.0442213E+00
+10.1100E-03,+12.1356785E+00,-11.9256283E+00
+10.1200E-03,+12.2613066E+00,-9.5678394E+00
+10.1300E-03,+12.2613066E+00,-6.9366835E+00
+10.1400E-03,+12.3366835E+00,-4.4763820E+00
+10.1500E-03,+12.4623117E+00,-2.0160804E+00
+10.1600E-03,+12.4623117E+00,+546.7337E-03
+10.1700E-03,+12.5879398E+00,+3.2804021E+00
+10.1800E-03,+12.2613066E+00,+5.7407036E+00
+10.1900E-03,+12.2613066E+00,+8.0301509E+00
+10.2000E-03,+12.1859297E+00,+9.9437188E+00
+10.2100E-03,+12.0603016E+00,+12.0281409E+00
+10.2200E-03,+12.0603016E+00,+13.4974877E+00
+10.2300E-03,+11.6582915E+00,+14.6592967E+00
+10.2400E-03,+11.5326634E+00,+15.4110555E+00
+10.2500E-03,+11.3316584E+00,+16.1286435E+00
+10.2600E-03,+11.0552765E+00,+16.2994978E+00
+10.2700E-03,+11.0552765E+00,+16.0603018E+00
+10.2800E-03,+10.6532664E+00,+15.4110555E+00
+10.2900E-03,+10.6532664E+00,+14.8643219E+00
+10.3000E-03,+10.4522614E+00,+13.6683419E+00
+10.3100E-03,+10.3266332E+00,+12.3015077E+00
+10.3200E-03,+10.1758795E+00,+10.6613067E+00
+10.3300E-03,+9.9748744E+00,+8.8502514E+00
+10.3400E-03,+9.9246232E+00,+6.9366835E+00
+10.3500E-03,+9.8492463E+00,+4.6472363E+00
+10.3600E-03,+9.8492463E+00,+2.6311558E+00
+10.3700E-03,+9.7738694E+00,+444.2211E-03
+10.3800E-03,+9.8492463E+00,-2.0160804E+00
+10.3900E-03,+9.9748744E+00,-4.1005026E+00
+10.4000E-03,+9.9748744E+00,-6.0140705E+00
+10.4100E-03,+9.9246232E+00,-7.8251258E+00
+10.4200E-03,+10.0502513E+00,-9.5678394E+00
+10.4300E-03,+10.2512564E+00,-11.1055278E+00
+10.4400E-03,+10.4522614E+00,-12.3015077E+00
+10.4500E-03,+10.5778895E+00,-13.2924625E+00
+10.4600E-03,+10.7286433E+00,-13.7708545E+00
+10.4700E-03,+10.7788946E+00,-14.2150756E+00
+10.4800E-03,+11.0552765E+00,-14.3175882E+00
+10.4900E-03,+10.9798996E+00,-13.9417088E+00
+10.5000E-03,+11.1809046E+00,-13.6683419E+00
+10.5100E-03,+11.4572865E+00,-12.6773871E+00
+10.5200E-03,+11.6582915E+00,-11.6522615E+00
+10.5300E-03,+11.6582915E+00,-10.6613067E+00
+10.5400E-03,+11.7336684E+00,-9.1236182E+00
+10.5500E-03,+11.9346735E+00,-7.3809046E+00
+10.5600E-03,+11.9849247E+00,-5.9115579E+00
+10.5700E-03,+12.0603016E+00,-4.1005026E+00
+10.5800E-03,+12.0603016E+00,-1.9135679E+00
+10.5900E-03,+12.0603016E+00,-273.3668E-03
+10.6000E-03,+12.0603016E+00,+1.5376885E+00
+10.6100E-03,+11.9346735E+00,+3.4512563E+00
+10.6200E-03,+11.8592966E+00,+4.9889448E+00
+10.6300E-03,+11.8592966E+00,+6.4582916E+00
+10.6400E-03,+11.7336684E+00,+7.8251258E+00
+10.6500E-03,+11.6582915E+00,+9.0211057E+00
+10.6600E-03,+11.5829147E+00,+9.8412062E+00
+10.6700E-03,+11.4572865E+00,+10.7638193E+00
+10.6800E-03,+11.1809046E+00,+11.2080404E+00
+10.6900E-03,+11.0552765E+00,+11.4814072E+00
+10.7000E-03,+11.0552765E+00,+11.4814072E+00
+10.7100E-03,+10.8542714E+00,+11.2080404E+00
+10.7200E-03,+10.7788946E+00,+10.6613067E+00
+10.7300E-03,+10.6532664E+00,+10.1145730E+00
+10.7400E-03,+10.5276383E+00,+9.0211057E+00
+10.7500E-03,+10.4522614E+00,+8.0301509E+00
+10.7600E-03,+10.4522614E+00,+6.8341710E+00
+10.7700E-03,+10.1758795E+00,+5.2964825E+00
+10.7800E-03,+10.1256282E+00,+3.8271357E+00
+10.7900E-03,+10.1758795E+00,+2.1869347E+00
+10.8000E-03,+10.1256282E+00,+649.2462E-03
+10.8100E-03,+10.1758795E+00,-1.0934674E+00
+10.8200E-03,+10.1256282E+00,-2.1869347E+00
+10.8300E-03,+10.3768845E+00,-3.8271357E+00
+10.8400E-03,+10.2512564E+00,-5.1939699E+00
+10.8500E-03,+10.3768845E+00,-6.4582916E+00
+10.8600E-03,+10.4522614E+00,-7.6542715E+00
+10.8700E-03,+10.5276383E+00,-8.4402011E+00
+10.8800E-03,+10.7788946E+00,-9.0211057E+00
+10.8900E-03,+10.7286433E+00,-9.6703519E+00
+10.9000E-03,+10.8542714E+00,-10.1145730E+00
+10.9100E-03,+11.0552765E+00,-10.3879399E+00
+10.9200E-03,+11.0552765E+00,-10.1145730E+00
+10.9300E-03,+11.0552765E+00,-9.8412062E+00
+10.9400E-03,+11.1306534E+00,-9.2944725E+00
+10.9500E-03,+11.3316584E+00,-8.6452263E+00
+10.9600E-03,+11.5326634E+00,-7.9276383E+00
+10.9700E-03,+11.5326634E+00,-6.9366835E+00
+10.9800E-03,+11.6582915E+00,-5.8432162E+00
+10.9900E-03,+11.6582915E+00,-4.6472363E+00
+11.0000E-03,+11.6582915E+00,-3.4512563E+00
+11.0100E-03,+11.7336684E+00,-2.1869347E+00
+11.0200E-03,+11.6582915E+00,-820.1005E-03
+11.0300E-03,+11.7336684E+00,+546.7337E-03
+11.0400E-03,+11.6582915E+00,+1.6402010E+00
+11.0500E-03,+11.7336684E+00,+3.0070352E+00
+11.0600E-03,+11.6582915E+00,+4.1005026E+00
+11.0700E-03,+11.6582915E+00,+5.0914574E+00
+11.0800E-03,+11.4572865E+00,+6.0140705E+00
+11.0900E-03,+11.4572865E+00,+6.6633167E+00
+11.1000E-03,+11.4572865E+00,+7.2783921E+00
+11.1100E-03,+11.1306534E+00,+7.6542715E+00
+11.1200E-03,+11.0552765E+00,+8.0984926E+00
+11.1300E-03,+11.0552765E+00,+8.0301509E+00
+11.1400E-03,+10.9798996E+00,+7.8251258E+00
+11.1500E-03,+10.9296483E+00,+7.4834172E+00
+11.1600E-03,+10.8040202E+00,+7.2100504E+00
+11.1700E-03,+10.7788946E+00,+6.5608041E+00
+11.1800E-03,+10.6532664E+00,+5.8432162E+00
+11.1900E-03,+10.6532664E+00,+5.0914574E+00
+11.2000E-03,+10.5276383E+00,+3.9979900E+00
+11.2100E-03,+10.5276383E+00,+3.0070352E+00
+11.2200E-03,+10.2512564E+00,+1.7427136E+00
+11.2300E-03,+10.4522614E+00,+717.5880E-03
+11.2400E-03,+10.4522614E+00,-273.3668E-03
+11.2500E-03,+10.4522614E+00,-1.0934674E+00
+11.2600E-03,+10.3266332E+00,-2.4603015E+00
+11.2700E-03,+10.4522614E+00,-3.5537689E+00
+11.2800E-03,+10.6532664E+00,-4.2713569E+00
+11.2900E-03,+10.5778895E+00,-5.1939699E+00
+11.3000E-03,+10.6532664E+00,-5.8432162E+00
+11.3100E-03,+10.7286433E+00,-6.5608041E+00
+11.3200E-03,+10.8542714E+00,-7.0391961E+00
+11.3300E-03,+10.9296483E+00,-7.1075378E+00
+11.3400E-03,+10.9798996E+00,-7.3809046E+00
+11.3500E-03,+10.8542714E+00,-7.0391961E+00
+11.3600E-03,+11.1809046E+00,-7.1075378E+00
+11.3700E-03,+11.0552765E+00,-6.8341710E+00
+11.3800E-03,+11.2562815E+00,-6.5608041E+00
+11.3900E-03,+11.2562815E+00,-6.0140705E+00
+11.4000E-03,+11.4572865E+00,-5.2964825E+00
+11.4100E-03,+11.3819096E+00,-4.6472363E+00
+11.4200E-03,+11.4572865E+00,-3.6562815E+00
+11.4300E-03,+11.4572865E+00,-2.9045227E+00
+11.4400E-03,+11.5829147E+00,-1.6402010E+00
+11.4500E-03,+11.5326634E+00,-1.0934674E+00
+11.4600E-03,+11.5829147E+00,-273.3668E-03
+11.4700E-03,+11.5326634E+00,+717.5880E-03
+11.4800E-03,+11.5326634E+00,+1.8110553E+00
+11.4900E-03,+11.4572865E+00,+2.5628141E+00
+11.5000E-03,+11.4572865E+00,+3.2804021E+00
+11.5100E-03,+11.3316584E+00,+3.9979900E+00
+11.5200E-03,+11.2562815E+00,+4.3738694E+00
+11.5300E-03,+11.2562815E+00,+4.9206031E+00
+11.5400E-03,+11.2562815E+00,+5.1939699E+00
+11.5500E-03,+11.1809046E+00,+5.3989951E+00
+11.5600E-03,+11.0552765E+00,+5.6381910E+00
+11.5700E-03,+10.9296483E+00,+5.2964825E+00
+11.5800E-03,+10.8542714E+00,+5.4673368E+00
+11.5900E-03,+10.8542714E+00,+5.1939699E+00
+11.6000E-03,+10.8542714E+00,+4.6472363E+00
+11.6100E-03,+10.7788946E+00,+4.3738694E+00
+11.6200E-03,+10.7286433E+00,+3.6562815E+00
+11.6300E-03,+10.6532664E+00,+3.0070352E+00
+11.6400E-03,+10.7286433E+00,+2.1869347E+00
+11.6500E-03,+10.6532664E+00,+1.2984925E+00
+11.6600E-03,+10.6532664E+00,+717.5880E-03
+11.6700E-03,+10.5276383E+00,-273.3668E-03
+11.6800E-03,+10.5276383E+00,-922.6131E-03
+11.6900E-03,+10.5778895E+00,-1.5376885E+00
+11.7000E-03,+10.6030152E+00,-2.1869347E+00
+11.7100E-03,+10.6532664E+00,-2.8361810E+00
+11.7200E-03,+10.6532664E+00,-3.5537689E+00
+11.7300E-03,+10.6532664E+00,-3.9979900E+00
+11.7400E-03,+10.6532664E+00,-4.5447237E+00
+11.7500E-03,+10.7788946E+00,-4.8180905E+00
+11.7600E-03,+10.8040202E+00,-5.0914574E+00
+11.7700E-03,+10.9296483E+00,-5.4673368E+00
+11.7800E-03,+10.9798996E+00,-5.1939699E+00
+11.7900E-03,+11.0552765E+00,-5.2964825E+00
+11.8000E-03,+11.0552765E+00,-5.0231157E+00
+11.8100E-03,+11.1306534E+00,-4.9206031E+00
+11.8200E-03,+11.2562815E+00,-4.3738694E+00
+11.8300E-03,+11.2562815E+00,-3.9296483E+00
+11.8400E-03,+11.1306534E+00,-3.5537689E+00
+11.8500E-03,+11.2562815E+00,-2.9045227E+00
+11.8600E-03,+11.4572865E+00,-2.1869347E+00
+11.8700E-03,+11.4572865E+00,-1.8110553E+00
+11.8800E-03,+11.4572865E+00,-1.0934674E+00
+11.8900E-03,+11.2562815E+00,-375.8794E-03
+11.9000E-03,+11.3316584E+00,+102.5126E-03
+11.9100E-03,+11.4572865E+00,+820.1005E-03
+11.9200E-03,+11.3819096E+00,+1.6402010E+00
+11.9300E-03,+11.2562815E+00,+2.0844221E+00
+11.9400E-03,+11.3316584E+00,+2.5628141E+00
+11.9500E-03,+11.2562815E+00,+2.7336684E+00
+11.9600E-03,+11.2562815E+00,+3.2804021E+00
+11.9700E-03,+11.1809046E+00,+3.7246232E+00
+11.9800E-03,+11.2562815E+00,+3.5537689E+00
+11.9900E-03,+11.0552765E+00,+3.8271357E+00
+12.0000E-03,+11.1809046E+00,+3.8271357E+00
+12.0100E-03,+10.9798996E+00,+3.9979900E+00
+12.0200E-03,+10.8542714E+00,+3.8271357E+00
+12.0300E-03,+10.8542714E+00,+3.3829146E+00
+12.0400E-03,+10.8542714E+00,+2.9045227E+00
+12.0500E-03,+10.8542714E+00,+2.7336684E+00
+12.0600E-03,+10.8542714E+00,+2.1869347E+00
+12.0700E-03,+10.8542714E+00,+1.6402010E+00
+12.0800E-03,+10.7286433E+00,+1.0934674E+00
+12.0900E-03,+10.6532664E+00,+649.2462E-03
+12.1000E-03,+10.6030152E+00,+102.5126E-03
+12.1100E-03,+10.6532664E+00,-546.7337E-03
+12.1200E-03,+10.7286433E+00,-1.0934674E+00
+12.1300E-03,+10.6532664E+00,-1.3668342E+00
+12.1400E-03,+10.8542714E+00,-1.9135679E+00
+12.1500E-03,+10.7788946E+00,-2.4603015E+00
+12.1600E-03,+10.8542714E+00,-3.0070352E+00
+12.1700E-03,+10.7286433E+00,-3.0070352E+00
+12.1800E-03,+10.7286433E+00,-3.3829146E+00
+12.1900E-03,+10.9296483E+00,-3.6562815E+00
+12.2000E-03,+10.8542714E+00,-3.8271357E+00
+12.2100E-03,+10.9296483E+00,-3.8271357E+00
+12.2200E-03,+10.9798996E+00,-3.9296483E+00
+12.2300E-03,+11.0552765E+00,-3.5537689E+00
+12.2400E-03,+11.1809046E+00,-3.5537689E+00
+12.2500E-03,+11.0552765E+00,-3.0070352E+00
+12.2600E-03,+11.1809046E+00,-3.1778895E+00
+12.2700E-03,+11.1809046E+00,-2.7336684E+00
+12.2800E-03,+11.0552765E+00,-2.3577890E+00
+12.2900E-03,+11.2562815E+00,-1.9135679E+00
+12.3000E-03,+11.3316584E+00,-1.4693468E+00
+12.3100E-03,+11.2562815E+00,-922.6131E-03
+12.3200E-03,+11.2562815E+00,-444.2211E-03
