Tempo(s),Canal 1(V),Canal 2(V)
-25.00000E-03,-1.60819722E+00,-986.65200E-03
-24.97500E-03,-1.65230526E+00,-1.02486808E+00
-24.95000E-03,-1.69386305E+00,-1.06471733E+00
-24.92500E-03,-1.73645099E+00,-1.10658919E+00
-24.90000E-03,-1.78128767E+00,-1.14579773E+00
-24.87500E-03,-1.82440325E+00,-1.18520728E+00
-24.85000E-03,-1.86787059E+00,-1.22740577E+00
-24.82500E-03,-1.91529521E+00,-1.27165200E+00
-24.80000E-03,-1.96062185E+00,-1.31766959E+00
-24.77500E-03,-2.00673994E+00,-1.35846105E+00
-24.75000E-03,-2.04864948E+00,-1.40197864E+00
-24.72500E-03,-2.09049622E+00,-1.44545854E+00
-24.70000E-03,-2.13323491E+00,-1.48593592E+00
-24.67500E-03,-2.17655149E+00,-1.52773241E+00
-24.65000E-03,-2.21059672E+00,-1.56378768E+00
-24.62500E-03,-2.24337310E+00,-1.59695351E+00
-24.60000E-03,-2.27319723E+00,-1.62957914E+00
-24.57500E-03,-2.31076004E+00,-1.66449120E+00
-24.55000E-03,-2.35020727E+00,-1.69802135E+00
-24.52500E-03,-2.38607411E+00,-1.73284547E+00
-24.50000E-03,-2.42277008E+00,-1.76900125E+00
-24.47500E-03,-2.46616205E+00,-1.81073492E+00
-24.45000E-03,-2.50641330E+00,-1.84861180E+00
-24.42500E-03,-2.54185300E+00,-1.88344848E+00
-24.40000E-03,-2.57374998E+00,-1.91436557E+00
-24.37500E-03,-2.61039572E+00,-1.95147613E+00
-24.35000E-03,-2.65652637E+00,-1.99006909E+00
-24.32500E-03,-2.69706657E+00,-2.03230527E+00
-24.30000E-03,-2.72803391E+00,-2.06441582E+00
-24.27500E-03,-2.76548366E+00,-2.09819723E+00
-24.25000E-03,-2.80756908E+00,-2.13872486E+00
-24.22500E-03,-2.83792085E+00,-2.16999371E+00
-24.20000E-03,-2.87520728E+00,-2.20155150E+00
-24.17500E-03,-2.90829772E+00,-2.23533290E+00
-24.15000E-03,-2.94150124E+00,-2.26491833E+00
-24.12500E-03,-2.97760677E+00,-2.30166457E+00
-24.10000E-03,-3.01544597E+00,-2.33920225E+00
-24.07500E-03,-3.04420225E+00,-2.36509422E+00
-24.05000E-03,-3.07476757E+00,-2.39719220E+00
-24.02500E-03,-3.10675249E+00,-2.43184044E+00
-24.00000E-03,-3.13960425E+00,-2.46504396E+00
-23.97500E-03,-3.16810929E+00,-2.49548366E+00
-23.95000E-03,-3.19961681E+00,-2.52671480E+00
-23.92500E-03,-3.22361178E+00,-2.54805904E+00
-23.90000E-03,-3.24873741E+00,-2.57734296E+00
-23.87500E-03,-3.28037059E+00,-2.60581029E+00
-23.85000E-03,-3.30173993E+00,-2.62646356E+00
-23.82500E-03,-3.32381280E+00,-2.64390074E+00
-23.80000E-03,-3.35182787E+00,-2.67241833E+00
-23.77500E-03,-3.37131279E+00,-2.68756908E+00
-23.75000E-03,-3.38269472E+00,-2.70336054E+00
-23.72500E-03,-3.41268215E+00,-2.72863693E+00
-23.70000E-03,-3.43509420E+00,-2.75034547E+00
-23.67500E-03,-3.44932786E+00,-2.76387561E+00
-23.65000E-03,-3.47461684E+00,-2.78895101E+00
-23.62500E-03,-3.50248115E+00,-2.81793341E+00
-23.60000E-03,-3.52513189E+00,-2.83941580E+00
-23.57500E-03,-3.54624999E+00,-2.86079774E+00
-23.55000E-03,-3.57511933E+00,-2.88519471E+00
-23.52500E-03,-3.59964195E+00,-2.91082286E+00
-23.50000E-03,-3.62258164E+00,-2.93583541E+00
-23.47500E-03,-3.64440325E+00,-2.95941582E+00
-23.45000E-03,-3.66951633E+00,-2.98547111E+00
-23.42500E-03,-3.69510676E+00,-3.01053390E+00
-23.40000E-03,-3.71329772E+00,-3.02867463E+00
-23.37500E-03,-3.73602387E+00,-3.05392587E+00
-23.35000E-03,-3.76287058E+00,-3.08004396E+00
-23.32500E-03,-3.78224245E+00,-3.10081029E+00
-23.30000E-03,-3.79822234E+00,-3.11513189E+00
-23.27500E-03,-3.82297110E+00,-3.13996859E+00
-23.25000E-03,-3.84814698E+00,-3.16579773E+00
-23.22500E-03,-3.86484295E+00,-3.18261933E+00
-23.20000E-03,-3.88423995E+00,-3.20029521E+00
-23.17500E-03,-3.90471732E+00,-3.21862434E+00
-23.15000E-03,-3.92273237E+00,-3.23356156E+00
-23.12500E-03,-3.93734294E+00,-3.25109923E+00
-23.10000E-03,-3.95333540E+00,-3.26621230E+00
-23.07500E-03,-3.97184043E+00,-3.28452887E+00
-23.05000E-03,-3.98902634E+00,-3.29944091E+00
-23.02500E-03,-4.00288314E+00,-3.31201631E+00
-23.00000E-03,-4.01824746E+00,-3.32880022E+00
-22.97500E-03,-4.03361179E+00,-3.34364949E+00
-22.95000E-03,-4.04251880E+00,-3.35493090E+00
-22.92500E-03,-4.05228014E+00,-3.36293340E+00
-22.90000E-03,-4.06528263E+00,-3.37533288E+00
-22.87500E-03,-4.07352385E+00,-3.38420224E+00
-22.85000E-03,-4.08145099E+00,-3.39342335E+00
-22.82500E-03,-4.09514442E+00,-3.39975500E+00
-22.80000E-03,-4.09898866E+00,-3.40863691E+00
-22.77500E-03,-4.10506906E+00,-3.41215449E+00
-22.75000E-03,-4.11498112E+00,-3.42339821E+00
-22.72500E-03,-4.12563439E+00,-3.43166452E+00
-22.70000E-03,-4.13362434E+00,-3.43984294E+00
-22.67500E-03,-4.14331024E+00,-3.44966705E+00
-22.65000E-03,-4.15083539E+00,-3.45706655E+00
-22.62500E-03,-4.16045851E+00,-3.46623741E+00
-22.60000E-03,-4.16861176E+00,-3.47460424E+00
-22.57500E-03,-4.17567208E+00,-3.48234295E+00
-22.55000E-03,-4.18200372E+00,-3.48972989E+00
-22.52500E-03,-4.18662682E+00,-3.49420221E+00
-22.50000E-03,-4.18671478E+00,-3.49199118E+00
-22.47500E-03,-4.18692835E+00,-3.49736809E+00
-22.45000E-03,-4.19416454E+00,-3.50209169E+00
-22.42500E-03,-4.19994343E+00,-3.50834796E+00
-22.40000E-03,-4.19950373E+00,-3.50523239E+00
-22.37500E-03,-4.20153890E+00,-3.50744344E+00
-22.35000E-03,-4.20696606E+00,-3.51611176E+00
-22.32500E-03,-4.21244344E+00,-3.51969215E+00
-22.30000E-03,-4.21341076E+00,-3.52173991E+00
-22.27500E-03,-4.21803390E+00,-3.52413942E+00
-22.25000E-03,-4.21975500E+00,-3.52534544E+00
-22.22500E-03,-4.22150121E+00,-3.52520725E+00
-22.20000E-03,-4.21969217E+00,-3.52555903E+00
-22.17500E-03,-4.21868712E+00,-3.52622484E+00
-22.15000E-03,-4.22338564E+00,-3.52898867E+00
-22.12500E-03,-4.22346101E+00,-3.52949117E+00
-22.10000E-03,-4.22746856E+00,-3.53320975E+00
-22.07500E-03,-4.22978011E+00,-3.53425248E+00
-22.05000E-03,-4.22863690E+00,-3.53614947E+00
-22.02500E-03,-4.23256905E+00,-3.53609918E+00
-22.00000E-03,-4.23501881E+00,-3.54016957E+00
-21.97500E-03,-4.23661426E+00,-3.54372483E+00
-21.95000E-03,-4.23951627E+00,-3.54425249E+00
-21.92500E-03,-4.24421476E+00,-3.54905147E+00
-21.90000E-03,-4.24450372E+00,-3.54917713E+00
-21.87500E-03,-4.24450375E+00,-3.55135048E+00
-21.85000E-03,-4.24868714E+00,-3.55591077E+00
-21.82500E-03,-4.25192834E+00,-3.55841079E+00
-21.80000E-03,-4.25377508E+00,-3.56000625E+00
-21.77500E-03,-4.25446604E+00,-3.56163939E+00
-21.75000E-03,-4.25643840E+00,-3.56397608E+00
-21.72500E-03,-4.26054644E+00,-3.56602381E+00
-21.70000E-03,-4.26147611E+00,-3.56640074E+00
-21.67500E-03,-4.26533288E+00,-3.56935299E+00
-21.65000E-03,-4.26410169E+00,-3.56980523E+00
-21.62500E-03,-4.26504394E+00,-3.56969219E+00
-21.60000E-03,-4.26641327E+00,-3.57034544E+00
-21.57500E-03,-4.26606153E+00,-3.56903892E+00
-21.55000E-03,-4.26619970E+00,-3.57248114E+00
-21.52500E-03,-4.26839822E+00,-3.57303389E+00
-21.50000E-03,-4.26686552E+00,-3.57000625E+00
-21.47500E-03,-4.27001879E+00,-3.57302132E+00
-21.45000E-03,-4.26648865E+00,-3.57324745E+00
-21.42500E-03,-4.26770724E+00,-3.57444091E+00
-21.40000E-03,-4.26775749E+00,-3.57241830E+00
-21.37500E-03,-4.26912686E+00,-3.57339821E+00
-21.35000E-03,-4.26862431E+00,-3.57282031E+00
-21.32500E-03,-4.26769470E+00,-3.57158917E+00
-21.30000E-03,-4.26701628E+00,-3.57270725E+00
-21.27500E-03,-4.26475499E+00,-3.57136300E+00
-21.25000E-03,-4.26523233E+00,-3.56768213E+00
-21.22500E-03,-4.26322229E+00,-3.56878766E+00
-21.20000E-03,-4.26083538E+00,-3.56545849E+00
-21.17500E-03,-4.25705397E+00,-3.56248111E+00
-21.15000E-03,-4.25558412E+00,-3.56089817E+00
-21.12500E-03,-4.25241828E+00,-3.55668966E+00
-21.10000E-03,-4.24985549E+00,-3.55564692E+00
-21.07500E-03,-4.24795850E+00,-3.55170222E+00
-21.05000E-03,-4.24288311E+00,-3.54603636E+00
-21.02500E-03,-4.23848610E+00,-3.54233033E+00
-21.00000E-03,-4.23043335E+00,-3.53583534E+00
-20.97500E-03,-4.21853637E+00,-3.52444090E+00
-20.95000E-03,-4.21240569E+00,-3.51490570E+00
-20.92500E-03,-4.19864937E+00,-3.50401373E+00
-20.90000E-03,-4.18645093E+00,-3.48803385E+00
-20.87500E-03,-4.16259409E+00,-3.46655141E+00
-20.85000E-03,-4.14266949E+00,-3.44624986E+00
-20.82500E-03,-4.10604886E+00,-3.41136295E+00
-20.80000E-03,-4.08078507E+00,-3.38587300E+00
-20.77500E-03,-4.06197853E+00,-3.37024491E+00
-20.75000E-03,-4.04010669E+00,-3.34632529E+00
-20.72500E-03,-4.00890065E+00,-3.31776999E+00
-20.70000E-03,-3.98582276E+00,-3.29082275E+00
-20.67500E-03,-3.96709157E+00,-3.27383780E+00
-20.65000E-03,-3.94516951E+00,-3.25297101E+00
-20.62500E-03,-3.91912679E+00,-3.22471725E+00
-20.60000E-03,-3.90173989E+00,-3.20779517E+00
-20.57500E-03,-3.88271974E+00,-3.19212934E+00
-20.55000E-03,-3.86127505E+00,-3.17146344E+00
-20.52500E-03,-3.83936550E+00,-3.14941574E+00
-20.50000E-03,-3.82421473E+00,-3.13275746E+00
-20.47500E-03,-3.80895089E+00,-3.11995595E+00
-20.45000E-03,-3.78798359E+00,-3.09794594E+00
-20.42500E-03,-3.76671479E+00,-3.07470470E+00
-20.40000E-03,-3.75199113E+00,-3.06078509E+00
-20.37500E-03,-3.73834790E+00,-3.04764441E+00
-20.35000E-03,-3.71881270E+00,-3.02784539E+00
-20.32500E-03,-3.69815948E+00,-3.00520726E+00
-20.30000E-03,-3.68148859E+00,-2.98985544E+00
-20.27500E-03,-3.66942834E+00,-2.97633787E+00
-20.25000E-03,-3.65317202E+00,-2.95932780E+00
-20.22500E-03,-3.63155145E+00,-2.94064689E+00
-20.20000E-03,-3.61421477E+00,-2.92020725E+00
-20.17500E-03,-3.59980522E+00,-2.90508160E+00
-20.15000E-03,-3.58422728E+00,-2.89091076E+00
-20.12500E-03,-3.56102378E+00,-2.86466697E+00
-20.10000E-03,-3.53857404E+00,-2.84293333E+00
-20.07500E-03,-3.52768210E+00,-2.83059668E+00
-20.05000E-03,-3.50695339E+00,-2.81194081E+00
-20.02500E-03,-3.48032021E+00,-2.78711670E+00
-20.00000E-03,-3.46246851E+00,-2.76868714E+00
-19.97500E-03,-3.44264437E+00,-2.74902629E+00
-19.95000E-03,-3.41991826E+00,-2.73116199E+00
-19.92500E-03,-3.40709161E+00,-2.71532024E+00
-19.90000E-03,-3.39008155E+00,-2.70101121E+00
-19.87500E-03,-3.36592322E+00,-2.67854891E+00
-19.85000E-03,-3.34435287E+00,-2.65696598E+00
-19.82500E-03,-3.32412676E+00,-2.64059663E+00
-19.80000E-03,-3.30378758E+00,-2.61975486E+00
-19.77500E-03,-3.28234286E+00,-2.59908907E+00
-19.75000E-03,-3.25895085E+00,-2.57754382E+00
-19.72500E-03,-3.23092323E+00,-2.55111168E+00
-19.70000E-03,-3.20377501E+00,-2.52359915E+00
-19.67500E-03,-3.17623727E+00,-2.49631270E+00
-19.65000E-03,-3.13676492E+00,-2.45646339E+00
-19.62500E-03,-3.09004380E+00,-2.40712920E+00
-19.60000E-03,-3.04318443E+00,-2.35462919E+00
-19.57500E-03,-2.98820959E+00,-2.30178999E+00
-19.55000E-03,-2.93060900E+00,-2.24378748E+00
-19.52500E-03,-2.87308399E+00,-2.19101111E+00
-19.50000E-03,-2.81636285E+00,-2.13790813E+00
-19.47500E-03,-2.75327238E+00,-2.08019451E+00
-19.45000E-03,-2.69623723E+00,-2.02285785E+00
-19.42500E-03,-2.64396336E+00,-1.97068449E+00
-19.40000E-03,-2.58554632E+00,-1.91401366E+00
-19.37500E-03,-2.53250607E+00,-1.86542065E+00
-19.35000E-03,-2.48805890E+00,-1.82533280E+00
-19.32500E-03,-2.44318452E+00,-1.78039558E+00
-19.30000E-03,-2.39706639E+00,-1.73315939E+00
-19.27500E-03,-2.35803375E+00,-1.70068451E+00
-19.25000E-03,-2.32145085E+00,-1.66271978E+00
-19.22500E-03,-2.28217951E+00,-1.62464187E+00
-19.20000E-03,-2.25161420E+00,-1.59592328E+00
-19.17500E-03,-2.22109915E+00,-1.56410165E+00
-19.15000E-03,-2.18499355E+00,-1.52771970E+00
-19.12500E-03,-2.15241824E+00,-1.49607401E+00
-19.10000E-03,-2.12261925E+00,-1.46819711E+00
-19.07500E-03,-2.08932775E+00,-1.43361163E+00
-19.05000E-03,-2.06508159E+00,-1.40785796E+00
-19.02500E-03,-2.03880013E+00,-1.38009408E+00
-19.00000E-03,-2.00292071E+00,-1.34871220E+00
-18.97500E-03,-1.97065944E+00,-1.31775739E+00
-18.95000E-03,-1.94445344E+00,-1.29133783E+00
-18.92500E-03,-1.92377506E+00,-1.27098610E+00
-18.90000E-03,-1.89475484E+00,-1.24633783E+00
-18.87500E-03,-1.86026997E+00,-1.20851119E+00
-18.85000E-03,-1.82078500E+00,-1.17336034E+00
-18.82500E-03,-1.78739306E+00,-1.14309657E+00
-18.80000E-03,-1.75145082E+00,-1.10868697E+00
-18.77500E-03,-1.71026984E+00,-1.07057145E+00
-18.75000E-03,-1.66535781E+00,-1.02685280E+00
-18.72500E-03,-1.61663922E+00,-981.65182E-03
-18.70000E-03,-1.56765675E+00,-935.10661E-03
-18.67500E-03,-1.51694068E+00,-888.23471E-03
-18.65000E-03,-1.46430247E+00,-836.46334E-03
-18.62500E-03,-1.40656376E+00,-785.14423E-03
-18.60000E-03,-1.35179001E+00,-733.58646E-03
-18.57500E-03,-1.30348597E+00,-685.89801E-03
-18.55000E-03,-1.26123717E+00,-643.68693E-03
-18.52500E-03,-1.21230505E+00,-597.33022E-03
-18.50000E-03,-1.17182767E+00,-560.89811E-03
-18.47500E-03,-1.12728001E+00,-522.14183E-03
-18.45000E-03,-1.09593573E+00,-494.75482E-03
-18.42500E-03,-1.05638799E+00,-457.06640E-03
-18.40000E-03,-1.01434027E+00,-422.43078E-03
-18.37500E-03,-989.54133E-03,-402.48107E-03
-18.35000E-03,-955.91066E-03,-371.50109E-03
-18.32500E-03,-923.76238E-03,-342.26746E-03
-18.30000E-03,-892.40559E-03,-316.23728E-03
-18.27500E-03,-859.02629E-03,-287.51872E-03
-18.25000E-03,-822.26741E-03,-259.20213E-03
-18.22500E-03,-786.58906E-03,-226.36302E-03
-18.20000E-03,-747.00364E-03,-194.25238E-03
-18.17500E-03,-707.63180E-03,-165.42077E-03
-18.15000E-03,-664.90559E-03,-135.32020E-03
-18.12500E-03,-622.33019E-03,-107.56895E-03
-18.10000E-03,-581.06137E-03,-79.22733E-03
-18.07500E-03,-540.72215E-03,-56.51373E-03
-18.05000E-03,-498.22218E-03,-39.66703E-03
-18.02500E-03,-458.13426E-03,-33.02135E-03
-18.00000E-03,-420.00614E-03,-27.22985E-03
-17.97500E-03,-387.88296E-03,-24.66709E-03
-17.95000E-03,-350.25737E-03,-25.65963E-03
-17.92500E-03,-318.80010E-03,-24.96859E-03
-17.90000E-03,-287.44339E-03,-24.79271E-03
-17.87500E-03,-255.05639E-03,-25.53393E-03
-17.85000E-03,-223.18447E-03,-22.74502E-03
-17.82500E-03,-187.80768E-03,-24.96859E-03
-17.80000E-03,-155.59660E-03,-24.94347E-03
-17.77500E-03,-119.85545E-03,-25.74748E-03
-17.75000E-03,-81.81516E-03,-25.34546E-03
-17.72500E-03,-48.80012E-03,-25.10679E-03
-17.70000E-03,-12.40564E-03,-25.87309E-03
-17.67500E-03,+21.58935E-03,-25.20727E-03
-17.65000E-03,+55.70996E-03,-25.47116E-03
-17.62500E-03,+94.12699E-03,-25.28266E-03
-17.60000E-03,+130.55922E-03,-25.57162E-03
-17.57500E-03,+164.70494E-03,-25.29521E-03
-17.55000E-03,+199.69250E-03,-25.82284E-03
-17.52500E-03,+238.67482E-03,-25.18215E-03
-17.50000E-03,+270.25770E-03,-25.28266E-03
-17.47500E-03,+310.23265E-03,-27.12944E-03
-17.45000E-03,+356.07437E-03,-25.06909E-03
-17.42500E-03,+397.49390E-03,-25.11934E-03
-17.40000E-03,+429.17728E-03,-24.17709E-03
-17.37500E-03,+463.97638E-03,-24.96856E-03
-17.35000E-03,+502.70745E-03,-22.60685E-03
-17.32500E-03,+541.06169E-03,-24.96859E-03
-17.30000E-03,+573.31051E-03,-25.40826E-03
-17.27500E-03,+608.07181E-03,-24.03900E-03
-17.25000E-03,+640.73509E-03,-25.59676E-03
-17.22500E-03,+675.24513E-03,-25.28266E-03
-17.20000E-03,+706.92849E-03,-28.74993E-03
-17.17500E-03,+734.37830E-03,-24.96859E-03
-17.15000E-03,+762.26777E-03,-26.53894E-03
-17.12500E-03,+792.49388E-03,-25.15704E-03
-17.10000E-03,+819.29033E-03,-26.25004E-03
-17.07500E-03,+847.55670E-03,-26.18716E-03
-17.05000E-03,+878.38579E-03,-25.87311E-03
-17.02500E-03,+905.37072E-03,-26.53894E-03
-17.00000E-03,+934.76765E-03,-26.53898E-03
-16.97500E-03,+963.57422E-03,-23.47356E-03
-16.95000E-03,+997.51896E-03,-27.34295E-03
-16.92500E-03,+1.03001895E+00,-24.42842E-03
-16.90000E-03,+1.06217981E+00,-26.63946E-03
-16.87500E-03,+1.09689090E+00,-27.16704E-03
-16.85000E-03,+1.13616224E+00,-26.65203E-03
-16.82500E-03,+1.17319736E+00,-27.29274E-03
-16.80000E-03,+1.21214209E+00,-26.27518E-03
-16.77500E-03,+1.25460445E+00,-26.08666E-03
-16.75000E-03,+1.29261956E+00,-26.53898E-03
-16.72500E-03,+1.33557175E+00,-24.99373E-03
-16.70000E-03,+1.37631303E+00,-28.59932E-03
-16.67500E-03,+1.41645121E+00,-26.77769E-03
-16.65000E-03,+1.45741853E+00,-24.27767E-03
-16.62500E-03,+1.50147626E+00,-27.54389E-03
-16.60000E-03,+1.54300898E+00,-26.47610E-03
-16.57500E-03,+1.58342360E+00,-24.98124E-03
-16.55000E-03,+1.63099892E+00,-25.48362E-03
-16.52500E-03,+1.67662712E+00,-25.57156E-03
-16.50000E-03,+1.72113712E+00,-28.36057E-03
-16.47500E-03,+1.77030803E+00,-24.54150E-03
-16.45000E-03,+1.81402661E+00,-25.05654E-03
-16.42500E-03,+1.86024509E+00,-25.16958E-03
-16.40000E-03,+1.90084817E+00,-27.17964E-03
-16.37500E-03,+1.94387588E+00,-25.15705E-03
-16.35000E-03,+1.98844862E+00,-25.67205E-03
-16.32500E-03,+2.03025774E+00,-25.13190E-03
-16.30000E-03,+2.06658942E+00,-27.07912E-03
-16.27500E-03,+2.10315973E+00,-28.74996E-03
-16.25000E-03,+2.13049647E+00,-25.59674E-03
-16.22500E-03,+2.16715472E+00,-26.73992E-03
-16.20000E-03,+2.20251898E+00,-26.13696E-03
-16.17500E-03,+2.23888838E+00,-28.27262E-03
-16.15000E-03,+2.27504418E+00,-25.50881E-03
-16.12500E-03,+2.31359936E+00,-27.41833E-03
-16.10000E-03,+2.35224262E+00,-27.70724E-03
-16.07500E-03,+2.38723014E+00,-25.52137E-03
-16.05000E-03,+2.42210448E+00,-26.01135E-03
-16.02500E-03,+2.45920248E+00,-26.38814E-03
-16.00000E-03,+2.50109946E+00,-29.05151E-03
-15.97500E-03,+2.54628792E+00,-28.12183E-03
-15.95000E-03,+2.58348636E+00,-28.76257E-03
-15.92500E-03,+2.61481798E+00,-25.38314E-03
-15.90000E-03,+2.65426535E+00,-25.88562E-03
-15.87500E-03,+2.69192865E+00,-25.91073E-03
-15.85000E-03,+2.72338585E+00,-26.73999E-03
-15.82500E-03,+2.75675266E+00,-28.59926E-03
-15.80000E-03,+2.79226780E+00,-28.04641E-03
-15.77500E-03,+2.82282044E+00,-27.69478E-03
-15.75000E-03,+2.85807170E+00,-25.78512E-03
-15.72500E-03,+2.88568477E+00,-26.65200E-03
-15.70000E-03,+2.90868724E+00,-25.28266E-03
-15.67500E-03,+2.93684056E+00,-26.08674E-03
-15.65000E-03,+2.96784568E+00,-27.64445E-03
-15.62500E-03,+2.99638833E+00,-25.91085E-03
-15.60000E-03,+3.02104917E+00,-28.96363E-03
-15.57500E-03,+3.04856177E+00,-26.96609E-03
-15.55000E-03,+3.07770741E+00,-28.54896E-03
-15.52500E-03,+3.10508165E+00,-27.80771E-03
-15.50000E-03,+3.13005667E+00,-27.98369E-03
-15.47500E-03,+3.15174003E+00,-27.69466E-03
-15.45000E-03,+3.17182800E+00,-23.68707E-03
-15.42500E-03,+3.19508171E+00,-29.46612E-03
-15.40000E-03,+3.22199133E+00,-27.79523E-03
-15.37500E-03,+3.24952901E+00,-28.61176E-03
-15.35000E-03,+3.26901394E+00,-27.55654E-03
-15.32500E-03,+3.29132554E+00,-29.23991E-03
-15.30000E-03,+3.32125021E+00,-26.73989E-03
-15.27500E-03,+3.34907675E+00,-28.87558E-03
-15.25000E-03,+3.37333552E+00,-29.30279E-03
-15.22500E-03,+3.40106165E+00,-28.14697E-03
-15.20000E-03,+3.42119986E+00,-28.09679E-03
-15.17500E-03,+3.44700391E+00,-29.72985E-03
-15.15000E-03,+3.47878785E+00,-28.42337E-03
-15.12500E-03,+3.50681547E+00,-28.23491E-03
-15.10000E-03,+3.52927778E+00,-30.89818E-03
-15.07500E-03,+3.54936566E+00,-28.27261E-03
-15.05000E-03,+3.57621237E+00,-30.09423E-03
-15.02500E-03,+3.59774507E+00,-27.79523E-03
-15.00000E-03,+3.61667724E+00,-29.67962E-03
-14.97500E-03,+3.63785813E+00,-30.32040E-03
-14.95000E-03,+3.65550893E+00,-27.02883E-03
-14.92500E-03,+3.67219227E+00,-30.15704E-03
-14.90000E-03,+3.69447881E+00,-28.19722E-03
-14.87500E-03,+3.71184045E+00,-28.80026E-03
-14.85000E-03,+3.72805913E+00,-29.55394E-03
-14.82500E-03,+3.74941601E+00,-28.46105E-03
-14.80000E-03,+3.76092352E+00,-28.95096E-03
-14.77500E-03,+3.77859941E+00,-27.10431E-03
-14.75000E-03,+3.79437820E+00,-27.16701E-03
-14.72500E-03,+3.81167739E+00,-28.09677E-03
-14.70000E-03,+3.83437812E+00,-28.71230E-03
-14.67500E-03,+3.84544590E+00,-28.47360E-03
-14.65000E-03,+3.85901386E+00,-26.22487E-03
-14.62500E-03,+3.87490587E+00,-28.17209E-03
-14.60000E-03,+3.89158918E+00,-28.42337E-03
-14.57500E-03,+3.89942836E+00,-28.02135E-03
-14.55000E-03,+3.90474250E+00,-28.42337E-03
-14.52500E-03,+3.91813441E+00,-28.72488E-03
-14.50000E-03,+3.92710425E+00,-29.30285E-03
-14.47500E-03,+3.93395100E+00,-27.46850E-03
-14.45000E-03,+3.93972982E+00,-31.58916E-03
-14.42500E-03,+3.94401383E+00,-29.25253E-03
-14.40000E-03,+3.95015703E+00,-30.99870E-03
-14.37500E-03,+3.96027010E+00,-28.42341E-03
-14.35000E-03,+3.97279524E+00,-29.15199E-03
-14.32500E-03,+3.98342336E+00,-29.25250E-03
-14.30000E-03,+3.98738054E+00,-28.76260E-03
-14.27500E-03,+3.98579768E+00,-28.12177E-03
-14.25000E-03,+3.99569727E+00,-27.85809E-03
-14.22500E-03,+4.00246862E+00,-29.95600E-03
-14.20000E-03,+4.00954142E+00,-29.36558E-03
-14.17500E-03,+4.01740583E+00,-29.32792E-03
-14.15000E-03,+4.02219226E+00,-31.19966E-03
-14.12500E-03,+4.02616199E+00,-32.69471E-03
-14.10000E-03,+4.03181524E+00,-28.18468E-03
-14.07500E-03,+4.03588561E+00,-28.73744E-03
-14.05000E-03,+4.03652625E+00,-29.55406E-03
-14.02500E-03,+4.04045856E+00,-29.51631E-03
-14.00000E-03,+4.04619971E+00,-30.81022E-03
-13.97500E-03,+4.05131279E+00,-29.71732E-03
-13.95000E-03,+4.05256902E+00,-31.80270E-03
-13.92500E-03,+4.05452886E+00,-29.44097E-03
-13.90000E-03,+4.05614939E+00,-29.47857E-03
-13.87500E-03,+4.06221735E+00,-29.99372E-03
-13.85000E-03,+4.06657665E+00,-31.89080E-03
-13.82500E-03,+4.06957908E+00,-29.99372E-03
-13.80000E-03,+4.07078521E+00,-29.67965E-03
-13.77500E-03,+4.07327261E+00,-29.59164E-03
-13.75000E-03,+4.07490573E+00,-29.99372E-03
-13.72500E-03,+4.07495598E+00,-29.99372E-03
-13.70000E-03,+4.08048369E+00,-29.39076E-03
-13.67500E-03,+4.07898865E+00,-29.84297E-03
-13.65000E-03,+4.08135052E+00,-28.38575E-03
-13.62500E-03,+4.08514450E+00,-29.74238E-03
-13.60000E-03,+4.08552127E+00,-28.07158E-03
-13.57500E-03,+4.08960432E+00,-29.69228E-03
-13.55000E-03,+4.09210430E+00,-29.81786E-03
-13.52500E-03,+4.09298363E+00,-30.03142E-03
-13.50000E-03,+4.09569713E+00,-29.80528E-03
-13.47500E-03,+4.09395106E+00,-29.99372E-03
-13.45000E-03,+4.09591086E+00,-29.15205E-03
-13.42500E-03,+4.09829764E+00,-29.60430E-03
-13.40000E-03,+4.10142578E+00,-32.50628E-03
-13.37500E-03,+4.10241835E+00,-29.86810E-03
-13.35000E-03,+4.10550876E+00,-27.48116E-03
-13.32500E-03,+4.10685296E+00,-31.22477E-03
-13.30000E-03,+4.10623738E+00,-30.58416E-03
-13.27500E-03,+4.10568463E+00,-32.45607E-03
-13.25000E-03,+4.10656390E+00,-26.97853E-03
-13.22500E-03,+4.10847350E+00,-30.79777E-03
-13.20000E-03,+4.10618710E+00,-30.30779E-03
-13.17500E-03,+4.10788312E+00,-31.03644E-03
-13.15000E-03,+4.10537056E+00,-30.14450E-03
-13.12500E-03,+4.10976756E+00,-29.99373E-03
-13.10000E-03,+4.11039568E+00,-29.99372E-03
-13.07500E-03,+4.10944088E+00,-30.30779E-03
-13.05000E-03,+4.11029527E+00,-32.50628E-03
-13.02500E-03,+4.11028261E+00,-30.10679E-03
-13.00000E-03,+4.10939070E+00,-32.50623E-03
-12.97500E-03,+4.10844840E+00,-29.89314E-03
-12.95000E-03,+4.10668956E+00,-30.72226E-03
-12.92500E-03,+4.10759407E+00,-29.99372E-03
-12.90000E-03,+4.10505649E+00,-30.58415E-03
-12.87500E-03,+4.10499365E+00,-30.99872E-03
-12.85000E-03,+4.10114940E+00,-30.23240E-03
-12.82500E-03,+4.09960430E+00,-29.15205E-03
-12.80000E-03,+4.09812182E+00,-29.49116E-03
-12.77500E-03,+4.09310921E+00,-29.12687E-03
-12.75000E-03,+4.09092337E+00,-30.68464E-03
-12.72500E-03,+4.08596106E+00,-30.16959E-03
-12.70000E-03,+4.07854890E+00,-30.89820E-03
-12.67500E-03,+4.07214201E+00,-30.60937E-03
-12.65000E-03,+4.06677757E+00,-29.69220E-03
-12.62500E-03,+4.06027009E+00,-30.30779E-03
-12.60000E-03,+4.04530759E+00,-29.59169E-03
-12.57500E-03,+4.03111174E+00,-30.14448E-03
-12.55000E-03,+4.01042056E+00,-31.11189E-03
-12.52500E-03,+3.99273209E+00,-29.64189E-03
-12.50000E-03,+3.95241803E+00,-29.99384E-03
-12.47500E-03,+3.92153868E+00,-30.05658E-03
-12.45000E-03,+3.90153866E+00,-30.93593E-03
-12.42500E-03,+3.87364907E+00,-31.11184E-03
-12.40000E-03,+3.85057134E+00,-30.10679E-03
-12.37500E-03,+3.82446587E+00,-31.62689E-03
-12.35000E-03,+3.80075979E+00,-30.40837E-03
-12.32500E-03,+3.78019447E+00,-33.20978E-03
-12.30000E-03,+3.75883777E+00,-32.02898E-03
-12.27500E-03,+3.73815931E+00,-31.95356E-03
-12.25000E-03,+3.72358655E+00,-31.43838E-03
-12.22500E-03,+3.70555876E+00,-31.55155E-03
-12.20000E-03,+3.68238052E+00,-32.30520E-03
-12.17500E-03,+3.66950358E+00,-30.30779E-03
-12.15000E-03,+3.65378756E+00,-30.06909E-03
-12.12500E-03,+3.63325979E+00,-31.31288E-03
-12.10000E-03,+3.61550863E+00,-30.57172E-03
-12.07500E-03,+3.60005635E+00,-30.08167E-03
-12.05000E-03,+3.57991813E+00,-28.32300E-03
-12.02500E-03,+3.55940307E+00,-30.30779E-03
-12.00000E-03,+3.54016954E+00,-32.25512E-03
-11.97500E-03,+3.52121213E+00,-33.22238E-03
-11.95000E-03,+3.50298338E+00,-30.76008E-03
-11.92500E-03,+3.48229259E+00,-30.30779E-03
-11.90000E-03,+3.46648845E+00,-30.65962E-03
-11.87500E-03,+3.44676479E+00,-33.13433E-03
-11.85000E-03,+3.42663929E+00,-32.39318E-03
-11.82500E-03,+3.41195335E+00,-33.27269E-03
-11.80000E-03,+3.39131275E+00,-33.61182E-03
-11.77500E-03,+3.37243074E+00,-31.81538E-03
-11.75000E-03,+3.35336029E+00,-32.06651E-03
-11.72500E-03,+3.33132520E+00,-30.40837E-03
-11.70000E-03,+3.31282010E+00,-30.86057E-03
-11.67500E-03,+3.29935285E+00,-31.41322E-03
-11.65000E-03,+3.27754363E+00,-33.15948E-03
-11.62500E-03,+3.25637530E+00,-31.56407E-03
-11.60000E-03,+3.23606140E+00,-30.54647E-03
-11.57500E-03,+3.22035789E+00,-32.50628E-03
-11.55000E-03,+3.20006886E+00,-30.39556E-03
-11.52500E-03,+3.17558394E+00,-32.85816E-03
-11.50000E-03,+3.15285787E+00,-31.31283E-03
-11.47500E-03,+3.13679007E+00,-31.07413E-03
-11.45000E-03,+3.11324731E+00,-31.70224E-03
-11.42500E-03,+3.08739290E+00,-31.40080E-03
-11.40000E-03,+3.05954114E+00,-34.36560E-03
-11.37500E-03,+3.03721715E+00,-30.87307E-03
-11.35000E-03,+3.00755628E+00,-32.21730E-03
-11.32500E-03,+2.96589772E+00,-30.79771E-03
-11.30000E-03,+2.92201588E+00,-31.68965E-03
-11.27500E-03,+2.87738023E+00,-31.35052E-03
-11.25000E-03,+2.82019418E+00,-31.25002E-03
-11.22500E-03,+2.76156349E+00,-31.97862E-03
-11.20000E-03,+2.69937757E+00,-32.89565E-03
-11.17500E-03,+2.64353588E+00,-32.97109E-03
-11.15000E-03,+2.58746803E+00,-32.54388E-03
-11.12500E-03,+2.52320920E+00,-31.68967E-03
-11.10000E-03,+2.46797041E+00,-30.78532E-03
-11.07500E-03,+2.41240516E+00,-32.82035E-03
-11.05000E-03,+2.36072187E+00,-32.12929E-03
-11.02500E-03,+2.31217917E+00,-34.35299E-03
-11.00000E-03,+2.27314651E+00,-30.68471E-03
-10.97500E-03,+2.23040787E+00,-31.38826E-03
-10.95000E-03,+2.18495579E+00,-30.30779E-03
-10.92500E-03,+2.15614925E+00,-34.11444E-03
-10.90000E-03,+2.12233011E+00,-30.93593E-03
-10.87500E-03,+2.08853602E+00,-30.49624E-03
-10.85000E-03,+2.05853616E+00,-30.13192E-03
-10.82500E-03,+2.02599846E+00,-30.30779E-03
-10.80000E-03,+1.99138799E+00,-33.14690E-03
-10.77500E-03,+1.96790818E+00,-33.42339E-03
-10.75000E-03,+1.93998095E+00,-30.68466E-03
-10.72500E-03,+1.90738025E+00,-31.33796E-03
-10.70000E-03,+1.87460384E+00,-33.58672E-03
-10.67500E-03,+1.84309650E+00,-32.09170E-03
-10.65000E-03,+1.81676492E+00,-30.62186E-03
-10.62500E-03,+1.79663910E+00,-33.76251E-03
-10.60000E-03,+1.76725491E+00,-31.46359E-03
-10.57500E-03,+1.72888785E+00,-32.46849E-03
-10.55000E-03,+1.69930251E+00,-31.21224E-03
-10.52500E-03,+1.67151363E+00,-31.51375E-03
-10.50000E-03,+1.63281996E+00,-33.19719E-03
-10.47500E-03,+1.58773207E+00,-32.26765E-03
-10.45000E-03,+1.54400090E+00,-30.77257E-03
-10.42500E-03,+1.50701600E+00,-32.04136E-03
-10.40000E-03,+1.46305873E+00,-34.66706E-03
-10.37500E-03,+1.41140035E+00,-32.31791E-03
-10.35000E-03,+1.35416409E+00,-33.12190E-03
-10.32500E-03,+1.30186509E+00,-33.61174E-03
-10.30000E-03,+1.24599820E+00,-34.45363E-03
-10.27500E-03,+1.18923941E+00,-32.16699E-03
-10.25000E-03,+1.13351091E+00,-31.31272E-03
-10.22500E-03,+1.08165162E+00,-32.66969E-03
-10.20000E-03,+1.03970435E+00,-31.65202E-03
-10.17500E-03,+994.71691E-03,-31.62700E-03
-10.15000E-03,+952.87018E-03,-30.42075E-03
-10.12500E-03,+917.36777E-03,-30.55900E-03
-10.10000E-03,+883.05868E-03,-33.48627E-03
-10.07500E-03,+848.93813E-03,-32.24237E-03
-10.05000E-03,+812.10405E-03,-34.29019E-03
-10.02500E-03,+794.76722E-03,-33.66204E-03
-10.00000E-03,+761.46315E-03,-34.39062E-03
-9.97500E-03,+721.77729E-03,-32.04149E-03
-9.95000E-03,+697.43071E-03,-30.62186E-03
-9.92500E-03,+662.31744E-03,-30.94852E-03
-9.90000E-03,+626.87776E-03,-34.67961E-03
-9.87500E-03,+585.58376E-03,-33.13442E-03
-9.85000E-03,+544.16431E-03,-34.08921E-03
-9.82500E-03,+509.93059E-03,-32.93338E-03
-9.80000E-03,+466.02335E-03,-34.02635E-03
-9.77500E-03,+428.10882E-03,-33.59934E-03
-9.75000E-03,+388.59879E-03,-31.31279E-03
-9.72500E-03,+350.74715E-03,-34.47861E-03
-9.70000E-03,+310.18173E-03,-32.99631E-03
-9.67500E-03,+269.57887E-03,-32.41823E-03
-9.65000E-03,+231.67673E-03,-34.56665E-03
-9.62500E-03,+198.71192E-03,-33.69984E-03
-9.60000E-03,+162.94572E-03,-32.17975E-03
-9.57500E-03,+131.46310E-03,-32.04156E-03
-9.55000E-03,+96.57633E-03,-34.55397E-03
-9.52500E-03,+65.21950E-03,-30.45840E-03
-9.50000E-03,+30.37023E-03,-33.82548E-03
-9.47500E-03,-1.32565E-03,-33.18460E-03
-9.45000E-03,-35.39621E-03,-34.41578E-03
-9.42500E-03,-69.35333E-03,-33.96359E-03
-9.40000E-03,-106.63967E-03,-33.13442E-03
-9.37500E-03,-143.37357E-03,-34.07666E-03
-9.35000E-03,-181.07449E-03,-32.14197E-03
-9.32500E-03,-219.81820E-03,-32.56897E-03
-9.30000E-03,-255.68503E-03,-31.56407E-03
-9.27500E-03,-292.38100E-03,-32.64452E-03
-9.25000E-03,-325.97382E-03,-34.45341E-03
-9.22500E-03,-359.44124E-03,-34.65447E-03
-9.20000E-03,-403.29828E-03,-34.71743E-03
-9.17500E-03,-437.93377E-03,-39.64197E-03
-9.15000E-03,-472.24279E-03,-45.83572E-03
-9.12500E-03,-519.06441E-03,-58.76273E-03
-9.10000E-03,-566.02421E-03,-79.79295E-03
-9.07500E-03,-602.33075E-03,-103.04673E-03
-9.05000E-03,-638.23513E-03,-125.54675E-03
-9.02500E-03,-679.07685E-03,-158.05936E-03
-9.00000E-03,-721.07447E-03,-185.96131E-03
-8.97500E-03,-755.73528E-03,-212.29303E-03
-8.95000E-03,-789.62977E-03,-241.04930E-03
-8.92500E-03,-819.67999E-03,-264.57934E-03
-8.90000E-03,-849.54162E-03,-287.04163E-03
-8.87500E-03,-881.75281E-03,-316.61459E-03
-8.85000E-03,-908.13472E-03,-339.25297E-03
-8.82500E-03,-934.01418E-03,-361.21256E-03
-8.80000E-03,-961.51416E-03,-388.14727E-03
-8.77500E-03,-987.24268E-03,-411.01163E-03
-8.75000E-03,-1.01397641E+00,-434.51655E-03
-8.72500E-03,-1.04416479E+00,-457.58185E-03
-8.70000E-03,-1.07534584E+00,-486.87850E-03
-8.67500E-03,-1.10660201E+00,-514.76791E-03
-8.65000E-03,-1.13586089E+00,-540.67242E-03
-8.62500E-03,-1.16466738E+00,-566.17476E-03
-8.60000E-03,-1.19465491E+00,-592.45630E-03
-8.57500E-03,-1.22877554E+00,-626.14990E-03
-8.55000E-03,-1.26385087E+00,-656.61467E-03
-8.52500E-03,-1.29622522E+00,-691.53933E-03
-8.50000E-03,-1.33589867E+00,-728.29825E-03
-8.47500E-03,-1.37373777E+00,-764.19010E-03
-8.45000E-03,-1.41519510E+00,-803.86338E-03
-8.42500E-03,-1.45554695E+00,-841.66499E-03
-8.40000E-03,-1.49753189E+00,-879.99390E-03
-8.37500E-03,-1.53985588E+00,-918.37357E-03
-8.35000E-03,-1.58206714E+00,-957.92127E-03
-8.32500E-03,-1.62248167E+00,-1.00009466E+00
-8.30000E-03,-1.66687854E+00,-1.04062226E+00
-8.27500E-03,-1.70743122E+00,-1.08207951E+00
-8.25000E-03,-1.75128808E+00,-1.12377559E+00
-8.22500E-03,-1.79852417E+00,-1.16465495E+00
-8.20000E-03,-1.84981826E+00,-1.20625051E+00
-8.17500E-03,-1.89395147E+00,-1.25097399E+00
-8.15000E-03,-1.93660212E+00,-1.29342382E+00
-8.12500E-03,-1.98037115E+00,-1.33621294E+00
-8.10000E-03,-2.02435340E+00,-1.38194146E+00
-8.07500E-03,-2.06907704E+00,-1.42279555E+00
-8.05000E-03,-2.10965492E+00,-1.46371260E+00
-8.02500E-03,-2.15138859E+00,-1.50153945E+00
-8.00000E-03,-2.18709203E+00,-1.54079808E+00
-7.97500E-03,-2.22382573E+00,-1.57621268E+00
-7.95000E-03,-2.25400153E+00,-1.60597372E+00
-7.92500E-03,-2.28548376E+00,-1.64049650E+00
-7.90000E-03,-2.32353666E+00,-1.67426547E+00
-7.87500E-03,-2.36083581E+00,-1.70926535E+00
-7.85000E-03,-2.39885089E+00,-1.74465486E+00
-7.82500E-03,-2.43739355E+00,-1.78412722E+00
-7.80000E-03,-2.47980571E+00,-1.82182833E+00
-7.77500E-03,-2.51598669E+00,-1.85716736E+00
-7.75000E-03,-2.54965477E+00,-1.89261974E+00
-7.72500E-03,-2.58427809E+00,-1.92623783E+00
-7.70000E-03,-2.62635094E+00,-1.96528307E+00
-7.67500E-03,-2.66872526E+00,-2.00351181E+00
-7.65000E-03,-2.70544641E+00,-2.04089865E+00
-7.62500E-03,-2.73991862E+00,-2.07440369E+00
-7.60000E-03,-2.77700417E+00,-2.10787110E+00
-7.57500E-03,-2.81145154E+00,-2.14293366E+00
-7.55000E-03,-2.85083584E+00,-2.18049668E+00
-7.52500E-03,-2.88833581E+00,-2.21578537E+00
-7.50000E-03,-2.92195399E+00,-2.24890109E+00
-7.47500E-03,-2.95842358E+00,-2.28171510E+00
-7.45000E-03,-2.99287105E+00,-2.31814745E+00
-7.42500E-03,-3.02602408E+00,-2.34882580E+00
-7.40000E-03,-3.05631319E+00,-2.37911443E+00
-7.37500E-03,-3.08426544E+00,-2.40989344E+00
-7.35000E-03,-3.11676548E+00,-2.43961723E+00
-7.32500E-03,-3.14911471E+00,-2.47450427E+00
-7.30000E-03,-3.17787087E+00,-2.50525774E+00
-7.27500E-03,-3.20112465E+00,-2.52971768E+00
-7.25000E-03,-3.22924027E+00,-2.55989350E+00
-7.22500E-03,-3.25925288E+00,-2.58686578E+00
-7.20000E-03,-3.28465480E+00,-2.61082307E+00
-7.17500E-03,-3.31179047E+00,-2.63756949E+00
-7.15000E-03,-3.33539590E+00,-2.65706669E+00
-7.12500E-03,-3.35656428E+00,-2.67358675E+00
-7.10000E-03,-3.37809696E+00,-2.69591094E+00
-7.07500E-03,-3.39814716E+00,-2.71328542E+00
-7.05000E-03,-3.41984319E+00,-2.73596123E+00
-7.02500E-03,-3.44119996E+00,-2.75509429E+00
-7.00000E-03,-3.46378805E+00,-2.77766987E+00
-6.97500E-03,-3.48407687E+00,-2.79774520E+00
-6.95000E-03,-3.50597391E+00,-2.81895130E+00
-6.92500E-03,-3.52942849E+00,-2.84155183E+00
-6.90000E-03,-3.55643868E+00,-2.86809701E+00
-6.87500E-03,-3.58055931E+00,-2.89148901E+00
-6.85000E-03,-3.60187820E+00,-2.91171493E+00
-6.82500E-03,-3.62356179E+00,-2.93543365E+00
-6.80000E-03,-3.65102408E+00,-2.96509444E+00
-6.77500E-03,-3.67744368E+00,-2.99111206E+00
-6.75000E-03,-3.69601138E+00,-3.00945367E+00
-6.72500E-03,-3.71371261E+00,-3.03200388E+00
-6.70000E-03,-3.74177780E+00,-3.05715479E+00
-6.67500E-03,-3.76456660E+00,-3.08261964E+00
-6.65000E-03,-3.78548374E+00,-3.10253160E+00
-6.62500E-03,-3.80524509E+00,-3.12207930E+00
-6.60000E-03,-3.82792103E+00,-3.14607430E+00
-6.57500E-03,-3.85180284E+00,-3.16858688E+00
-6.55000E-03,-3.87171495E+00,-3.18852388E+00
-6.52500E-03,-3.88864976E+00,-3.20346112E+00
-6.50000E-03,-3.91152660E+00,-3.22540850E+00
-6.47500E-03,-3.92872518E+00,-3.24112464E+00
-6.45000E-03,-3.94666462E+00,-3.25858669E+00
-6.42500E-03,-3.96131293E+00,-3.27315990E+00
-6.40000E-03,-3.98297132E+00,-3.29424014E+00
-6.37500E-03,-3.99858686E+00,-3.30945371E+00
-6.35000E-03,-4.01272017E+00,-3.32175268E+00
-6.32500E-03,-4.02393860E+00,-3.33471749E+00
-6.30000E-03,-4.03725521E+00,-3.34807183E+00
-6.27500E-03,-4.05241852E+00,-3.36241844E+00
-6.25000E-03,-4.06328519E+00,-3.37484291E+00
-6.22500E-03,-4.06810931E+00,-3.37764462E+00
-6.20000E-03,-4.07751879E+00,-3.38970509E+00
-6.17500E-03,-4.08887557E+00,-3.39686563E+00
-6.15000E-03,-4.09450394E+00,-3.40160201E+00
-6.12500E-03,-4.10336048E+00,-3.40957930E+00
-6.10000E-03,-4.11053404E+00,-3.41862448E+00
-6.07500E-03,-4.11988083E+00,-3.42403895E+00
-6.05000E-03,-4.12740578E+00,-3.43431548E+00
-6.02500E-03,-4.13794611E+00,-3.44430289E+00
-6.00000E-03,-4.14663949E+00,-3.45254417E+00
-5.97500E-03,-4.15407684E+00,-3.45988097E+00
-5.95000E-03,-4.16392610E+00,-3.46999386E+00
-5.92500E-03,-4.17282035E+00,-3.47826015E+00
-5.90000E-03,-4.17917709E+00,-3.48357401E+00
-5.87500E-03,-4.18307155E+00,-3.48790818E+00
-5.85000E-03,-4.18738058E+00,-3.49320979E+00
-5.82500E-03,-4.18805902E+00,-3.49642590E+00
-5.80000E-03,-4.19145109E+00,-3.49983048E+00
-5.77500E-03,-4.19608670E+00,-3.50261937E+00
-5.75000E-03,-4.20179016E+00,-3.51083554E+00
-5.72500E-03,-4.20275745E+00,-3.51177760E+00
-5.70000E-03,-4.20450362E+00,-3.50901363E+00
-5.67500E-03,-4.20731787E+00,-3.51278277E+00
-5.65000E-03,-4.21309669E+00,-3.51998122E+00
-5.62500E-03,-4.21560927E+00,-3.52308413E+00
-5.60000E-03,-4.21420226E+00,-3.52378782E+00
-5.57500E-03,-4.21675244E+00,-3.52665200E+00
-5.55000E-03,-4.21975513E+00,-3.52672742E+00
-5.52500E-03,-4.22109910E+00,-3.52705397E+00
-5.50000E-03,-4.22289570E+00,-3.52886298E+00
-5.47500E-03,-4.22199128E+00,-3.52797128E+00
-5.45000E-03,-4.22293321E+00,-3.52967961E+00
-5.42500E-03,-4.22596090E+00,-3.53244328E+00
-5.40000E-03,-4.22808431E+00,-3.53385028E+00
-5.37500E-03,-4.22886299E+00,-3.53746851E+00
-5.35000E-03,-4.23157645E+00,-3.53775755E+00
-5.32500E-03,-4.23465460E+00,-3.54130021E+00
-5.30000E-03,-4.23754395E+00,-3.54221731E+00
-5.27500E-03,-4.24176508E+00,-3.54530777E+00
-5.25000E-03,-4.24393843E+00,-3.54890082E+00
-5.22500E-03,-4.24471725E+00,-3.55023239E+00
-5.20000E-03,-4.24681546E+00,-3.55491849E+00
-5.17500E-03,-4.25207912E+00,-3.55689062E+00
-5.15000E-03,-4.25050870E+00,-3.55667711E+00
-5.12500E-03,-4.25712941E+00,-3.55895087E+00
-5.10000E-03,-4.25647621E+00,-3.56219207E+00
-5.07500E-03,-4.25892590E+00,-3.56592341E+00
-5.05000E-03,-4.26016969E+00,-3.56597370E+00
-5.02500E-03,-4.26229273E+00,-3.56814699E+00
-5.00000E-03,-4.26240572E+00,-3.56799630E+00
-4.97500E-03,-4.26240573E+00,-3.56851121E+00
-4.95000E-03,-4.26427755E+00,-3.56999371E+00
-4.92500E-03,-4.26632532E+00,-3.56895100E+00
-4.90000E-03,-4.26460423E+00,-3.57005643E+00
-4.87500E-03,-4.26648873E+00,-3.56849875E+00
-4.85000E-03,-4.26746859E+00,-3.56965459E+00
-4.82500E-03,-4.26739319E+00,-3.57112421E+00
-4.80000E-03,-4.26666450E+00,-3.57324746E+00
-4.77500E-03,-4.26898851E+00,-3.57315949E+00
-4.75000E-03,-4.26881278E+00,-3.57484288E+00
-4.72500E-03,-4.26783282E+00,-3.57278264E+00
-4.70000E-03,-4.26706651E+00,-3.57410161E+00
-4.67500E-03,-4.26714190E+00,-3.57326006E+00
-4.65000E-03,-4.26947863E+00,-3.57176504E+00
-4.62500E-03,-4.26730509E+00,-3.57207911E+00
-4.60000E-03,-4.26398851E+00,-3.56940310E+00
-4.57500E-03,-4.26390058E+00,-3.56782028E+00
-4.55000E-03,-4.26075997E+00,-3.56788308E+00
-4.52500E-03,-4.25657641E+00,-3.56269464E+00
-4.50000E-03,-4.25562178E+00,-3.56215469E+00
-4.47500E-03,-4.25386294E+00,-3.55981763E+00
-4.45000E-03,-4.24975481E+00,-3.55511931E+00
-4.42500E-03,-4.24587304E+00,-3.55219216E+00
-4.40000E-03,-4.24053381E+00,-3.54906391E+00
-4.37500E-03,-4.23727990E+00,-3.54381271E+00
-4.35000E-03,-4.22799604E+00,-3.53537045E+00
-4.32500E-03,-4.22234305E+00,-3.52967961E+00
-4.30000E-03,-4.21274483E+00,-3.52033267E+00
-4.27500E-03,-4.20165190E+00,-3.50656387E+00
-4.25000E-03,-4.18897594E+00,-3.49299629E+00
-4.22500E-03,-4.17485518E+00,-3.47707892E+00
-4.20000E-03,-4.15390037E+00,-3.45946585E+00
-4.17500E-03,-4.11926450E+00,-3.42489258E+00
-4.15000E-03,-4.09329731E+00,-3.40021949E+00
-4.12500E-03,-4.07584762E+00,-3.38238029E+00
-4.10000E-03,-4.04803357E+00,-3.35636277E+00
-4.07500E-03,-4.02356142E+00,-3.33300852E+00
-4.05000E-03,-4.00493062E+00,-3.31177736E+00
-4.02500E-03,-3.97582245E+00,-3.28735540E+00
-4.00000E-03,-3.95455362E+00,-3.26353601E+00
-3.97500E-03,-3.93558389E+00,-3.24437794E+00
-3.95000E-03,-3.91276993E+00,-3.22441568E+00
-3.92500E-03,-3.89332253E+00,-3.20314672E+00
-3.90000E-03,-3.87439043E+00,-3.18559652E+00
-3.87500E-03,-3.85442802E+00,-3.16692795E+00
-3.85000E-03,-3.83856122E+00,-3.14965408E+00
-3.82500E-03,-3.81599818E+00,-3.13192790E+00
-3.80000E-03,-3.79937763E+00,-3.11133750E+00
-3.77500E-03,-3.78436532E+00,-3.09632526E+00
-3.75000E-03,-3.76994308E+00,-3.08087277E+00
-3.72500E-03,-3.74681494E+00,-3.05906377E+00
-3.70000E-03,-3.72699105E+00,-3.03779500E+00
-3.67500E-03,-3.71289557E+00,-3.02265671E+00
-3.65000E-03,-3.69800852E+00,-3.01014411E+00
-3.62500E-03,-3.67678995E+00,-2.98501863E+00
-3.60000E-03,-3.65794569E+00,-2.96603614E+00
-3.57500E-03,-3.64146326E+00,-2.94917687E+00
-3.55000E-03,-3.62624970E+00,-2.93344813E+00
-3.52500E-03,-3.60680233E+00,-2.91351089E+00
-3.50000E-03,-3.58464167E+00,-2.89205369E+00
-3.47500E-03,-3.57225489E+00,-2.87755627E+00
-3.45000E-03,-3.55219169E+00,-2.85814651E+00
-3.42500E-03,-3.52509368E+00,-2.83354865E+00
-3.40000E-03,-3.50788288E+00,-2.81386277E+00
-3.37500E-03,-3.49073464E+00,-2.79783260E+00
-3.35000E-03,-3.47351109E+00,-2.78148831E+00
-3.32500E-03,-3.45755628E+00,-2.76392548E+00
-3.30000E-03,-3.43234266E+00,-2.74256876E+00
-3.27500E-03,-3.41416445E+00,-2.72274464E+00
-3.25000E-03,-3.39575988E+00,-2.70869980E+00
-3.22500E-03,-3.37922717E+00,-2.69417684E+00
-3.20000E-03,-3.36135001E+00,-2.67464146E+00
-3.17500E-03,-3.33268201E+00,-2.65060922E+00
-3.15000E-03,-3.31319707E+00,-2.63087300E+00
-3.12500E-03,-3.29067182E+00,-2.61133746E+00
-3.10000E-03,-3.26996834E+00,-2.58895069E+00
-3.07500E-03,-3.24686536E+00,-2.56565938E+00
-3.05000E-03,-3.22161397E+00,-2.54323461E+00
-3.02500E-03,-3.19765648E+00,-2.51617417E+00
-3.00000E-03,-3.16366148E+00,-2.48451581E+00
-2.97500E-03,-3.12122419E+00,-2.43719156E+00
-2.95000E-03,-3.07393771E+00,-2.39147554E+00
-2.92500E-03,-3.02073431E+00,-2.33623680E+00
-2.90000E-03,-2.96809597E+00,-2.28353578E+00
-2.87500E-03,-2.91026934E+00,-2.23043268E+00
-2.85000E-03,-2.84695272E+00,-2.16869906E+00
-2.82500E-03,-2.79102322E+00,-2.11516898E+00
-2.80000E-03,-2.73623662E+00,-2.06151308E+00
-2.77500E-03,-2.67304556E+00,-2.00173914E+00
-2.75000E-03,-2.61761846E+00,-1.95021923E+00
-2.72500E-03,-2.57000557E+00,-1.90255601E+00
-2.70000E-03,-2.51976667E+00,-1.85266880E+00
-2.67500E-03,-2.46358602E+00,-1.80088516E+00
-2.65000E-03,-2.41964123E+00,-1.76035738E+00
-2.62500E-03,-2.38263138E+00,-1.72113617E+00
-2.60000E-03,-2.34151322E+00,-1.68627450E+00
-2.57500E-03,-2.30721672E+00,-1.65221675E+00
-2.55000E-03,-2.26764400E+00,-1.61377455E+00
-2.52500E-03,-2.23146316E+00,-1.57890016E+00
-2.50000E-03,-2.20398803E+00,-1.54758112E+00
-2.47500E-03,-2.17003107E+00,-1.51480476E+00
-2.45000E-03,-2.13758106E+00,-1.48123667E+00
-2.42500E-03,-2.11026973E+00,-1.45557119E+00
-2.40000E-03,-2.08406372E+00,-1.42969174E+00
-2.37500E-03,-2.05474207E+00,-1.40147549E+00
-2.35000E-03,-2.02155110E+00,-1.36886260E+00
-2.32500E-03,-1.99602329E+00,-1.34072186E+00
-2.30000E-03,-1.97240553E+00,-1.31781993E+00
-2.27500E-03,-1.94676462E+00,-1.29332239E+00
-2.25000E-03,-1.91730496E+00,-1.26692787E+00
-2.22500E-03,-1.89070930E+00,-1.23892544E+00
-2.20000E-03,-1.85587257E+00,-1.21089779E+00
-2.17500E-03,-1.82079730E+00,-1.17472948E+00
-2.15000E-03,-1.78310870E+00,-1.14082220E+00
-2.12500E-03,-1.74412612E+00,-1.10518151E+00
-2.10000E-03,-1.70407594E+00,-1.06682721E+00
-2.07500E-03,-1.65395021E+00,-1.02171416E+00
-2.05000E-03,-1.60505563E+00,-974.36466E-03
-2.02500E-03,-1.55528197E+00,-923.78686E-03
-2.00000E-03,-1.50442743E+00,-879.23941E-03
-1.97500E-03,-1.44789509E+00,-825.40766E-03
-1.95000E-03,-1.38636245E+00,-771.58853E-03
-1.92500E-03,-1.34015627E+00,-721.31215E-03
-1.90000E-03,-1.28531955E+00,-670.87250E-03
-1.87500E-03,-1.23602327E+00,-620.75960E-03
-1.85000E-03,-1.19511869E+00,-584.59127E-03
-1.82500E-03,-1.14940263E+00,-542.81968E-03
-1.80000E-03,-1.10869893E+00,-507.24206E-03
-1.77500E-03,-1.07039525E+00,-471.95297E-03
-1.75000E-03,-1.03407617E+00,-439.85507E-03
-1.72500E-03,-1.00675205E+00,-417.30491E-03
-1.70000E-03,-968.14636E-03,-387.45570E-03
-1.67500E-03,-938.24710E-03,-353.93802E-03
-1.65000E-03,-910.34518E-03,-333.47340E-03
-1.62500E-03,-875.21935E-03,-305.87277E-03
-1.60000E-03,-842.90770E-03,-275.50839E-03
-1.57500E-03,-806.73953E-03,-245.33260E-03
-1.55000E-03,-771.56357E-03,-215.48330E-03
-1.52500E-03,-733.49821E-03,-189.64163E-03
-1.50000E-03,-690.79719E-03,-151.97808E-03
-1.47500E-03,-647.80729E-03,-123.08390E-03
-1.45000E-03,-609.05103E-03,-95.04359E-03
-1.42500E-03,-567.98290E-03,-71.51355E-03
-1.40000E-03,-526.31223E-03,-49.32763E-03
-1.37500E-03,-483.88762E-03,-36.84038E-03
-1.35000E-03,-445.87254E-03,-31.96612E-03
-1.32500E-03,-412.41775E-03,-28.73744E-03
-1.30000E-03,-378.54835E-03,-26.46344E-03
-1.27500E-03,-346.60108E-03,-25.11940E-03
-1.25000E-03,-312.65656E-03,-24.96859E-03
-1.22500E-03,-284.18931E-03,-25.91080E-03
-1.20000E-03,-253.41038E-03,-23.25990E-03
-1.17500E-03,-220.78470E-03,-25.42080E-03
-1.15000E-03,-188.63633E-03,-25.34539E-03
-1.12500E-03,-157.12864E-03,-26.97850E-03
-1.10000E-03,-119.72931E-03,-25.29524E-03
-1.07500E-03,-83.33484E-03,-22.68205E-03
-1.05000E-03,-46.38745E-03,-24.96859E-03
-1.02500E-03,-9.81730E-03,-25.10677E-03
-1.00000E-03,+27.29319E-03,-26.28756E-03
-975.00E-06,+65.84862E-03,-24.49124E-03
-950.00E-06,+101.64017E-03,-26.32545E-03
-925.00E-06,+140.68527E-03,-27.66969E-03
-900.00E-06,+173.37362E-03,-25.25739E-03
-875.00E-06,+212.34345E-03,-23.52376E-03
-850.00E-06,+252.23064E-03,-24.69217E-03
-825.00E-06,+286.18763E-03,-26.37546E-03
-800.00E-06,+322.64522E-03,-24.13950E-03
-775.00E-06,+368.18523E-03,-26.46368E-03
-750.00E-06,+408.95151E-03,-25.28266E-03
-725.00E-06,+442.15523E-03,-26.07399E-03
-700.00E-06,+481.38890E-03,-26.42575E-03
-675.00E-06,+520.67259E-03,-25.79778E-03
-650.00E-06,+556.97933E-03,-24.96859E-03
-625.00E-06,+597.20531E-03,-25.28266E-03
-600.00E-06,+626.31332E-03,-26.07418E-03
-575.00E-06,+659.37855E-03,-27.60688E-03
-550.00E-06,+686.91643E-03,-26.22487E-03
-525.00E-06,+718.29813E-03,-25.33303E-03
-500.00E-06,+745.19502E-03,-26.22478E-03
-475.00E-06,+772.36842E-03,-28.68711E-03
-450.00E-06,+803.63751E-03,-26.92835E-03
-425.00E-06,+831.35080E-03,-24.88067E-03
-400.00E-06,+859.65487E-03,-25.57174E-03
-375.00E-06,+889.73029E-03,-26.72746E-03
-350.00E-06,+919.35354E-03,-25.54631E-03
-325.00E-06,+947.94639E-03,-29.37791E-03
-300.00E-06,+976.70265E-03,-26.68958E-03
-275.00E-06,+1.00778319E+00,-27.97122E-03
-250.00E-06,+1.03891386E+00,-25.28266E-03
-225.00E-06,+1.07377531E+00,-27.69467E-03
-200.00E-06,+1.10778324E+00,-28.57395E-03
-175.00E-06,+1.14356212E+00,-28.59902E-03
-150.00E-06,+1.18151455E+00,-26.27505E-03
-125.00E-06,+1.21824811E+00,-25.72242E-03
-100.00E-06,+1.25667778E+00,-27.16709E-03
-75.00E-06,+1.29689136E+00,-27.34291E-03
-50.00E-06,+1.33812269E+00,-28.85046E-03
-25.00E-06,+1.38274546E+00,-28.44826E-03
+0.0E+00,+1.42195437E+00,-29.05128E-03
+25.00E-06,+1.46406477E+00,-25.28266E-03
+50.00E-06,+1.50828595E+00,-28.22240E-03
+75.00E-06,+1.55177845E+00,-26.56415E-03
+100.00E-06,+1.59661512E+00,-25.73500E-03
+125.00E-06,+1.64331085E+00,-26.22478E-03
+150.00E-06,+1.69104985E+00,-27.48116E-03
+175.00E-06,+1.73486883E+00,-25.08160E-03
+200.00E-06,+1.78294684E+00,-25.40819E-03
+225.00E-06,+1.83017047E+00,-26.38803E-03
+250.00E-06,+1.87660260E+00,-26.85282E-03
+275.00E-06,+1.91881377E+00,-25.20727E-03
+300.00E-06,+1.96612500E+00,-25.43353E-03
+325.00E-06,+2.00859999E+00,-25.28266E-03
+350.00E-06,+2.04976847E+00,-25.30795E-03
+375.00E-06,+2.08470508E+00,-26.66446E-03
+400.00E-06,+2.11738104E+00,-27.59410E-03
+425.00E-06,+2.14661467E+00,-27.97114E-03
+450.00E-06,+2.18136369E+00,-26.66447E-03
+475.00E-06,+2.21270787E+00,-25.86063E-03
+500.00E-06,+2.24569763E+00,-25.97360E-03
+525.00E-06,+2.28017014E+00,-25.53382E-03
+550.00E-06,+2.32024578E+00,-25.11937E-03
+575.00E-06,+2.35998160E+00,-25.67225E-03
+600.00E-06,+2.39582343E+00,-23.80041E-03
+625.00E-06,+2.43231849E+00,-24.65442E-03
+650.00E-06,+2.46902699E+00,-22.85788E-03
+675.00E-06,+2.51011989E+00,-25.63460E-03
+700.00E-06,+2.54607479E+00,-26.84041E-03
+725.00E-06,+2.58437873E+00,-26.41351E-03
+750.00E-06,+2.62333592E+00,-25.21983E-03
+775.00E-06,+2.65748158E+00,-27.05384E-03
+800.00E-06,+2.69201682E+00,-24.17706E-03
+825.00E-06,+2.72880072E+00,-27.48116E-03
+850.00E-06,+2.76741913E+00,-26.61440E-03
+875.00E-06,+2.80606173E+00,-27.66968E-03
+900.00E-06,+2.83558464E+00,-26.95338E-03
+925.00E-06,+2.86744380E+00,-25.82304E-03
+950.00E-06,+2.89504436E+00,-26.03633E-03
+975.00E-06,+2.92272020E+00,-26.86566E-03
+1.00000E-03,+2.95681610E+00,-27.16709E-03
+1.02500E-03,+2.98655192E+00,-23.82526E-03
+1.05000E-03,+3.01102424E+00,-25.37062E-03
+1.07500E-03,+3.03383845E+00,-27.63199E-03
+1.10000E-03,+3.06612482E+00,-27.79523E-03
+1.12500E-03,+3.10009477E+00,-26.41336E-03
+1.15000E-03,+3.11807200E+00,-27.34305E-03
+1.17500E-03,+3.14091111E+00,-27.24222E-03
+1.20000E-03,+3.16663980E+00,-26.53894E-03
+1.22500E-03,+3.18588607E+00,-26.53894E-03
+1.25000E-03,+3.20744370E+00,-29.36556E-03
+1.27500E-03,+3.23865005E+00,-26.53894E-03
+1.30000E-03,+3.26216742E+00,-27.58164E-03
+1.32500E-03,+3.28574778E+00,-29.35297E-03
+1.35000E-03,+3.30803435E+00,-26.85301E-03
+1.37500E-03,+3.33106240E+00,-28.80017E-03
+1.40000E-03,+3.36466736E+00,-28.37303E-03
+1.42500E-03,+3.38843653E+00,-29.10190E-03
+1.45000E-03,+3.41077298E+00,-29.71725E-03
+1.47500E-03,+3.43689120E+00,-26.16216E-03
+1.50000E-03,+3.46787114E+00,-29.49123E-03
+1.52500E-03,+3.49316008E+00,-29.29018E-03
+1.55000E-03,+3.51599907E+00,-28.90063E-03
+1.57500E-03,+3.53838597E+00,-25.48350E-03
+1.60000E-03,+3.56359972E+00,-28.03394E-03
+1.62500E-03,+3.58426541E+00,-29.61690E-03
+1.65000E-03,+3.60631329E+00,-29.85551E-03
+1.67500E-03,+3.62790860E+00,-28.96355E-03
+1.70000E-03,+3.64347381E+00,-28.22242E-03
+1.72500E-03,+3.66234324E+00,-27.83285E-03
+1.75000E-03,+3.67974296E+00,-28.92602E-03
+1.77500E-03,+3.70009449E+00,-29.45356E-03
+1.80000E-03,+3.72039596E+00,-26.82797E-03
+1.82500E-03,+3.73618737E+00,-26.94104E-03
+1.85000E-03,+3.75197871E+00,-28.57418E-03
+1.87500E-03,+3.76805930E+00,-29.99366E-03
+1.90000E-03,+3.78403905E+00,-29.37826E-03
+1.92500E-03,+3.80074757E+00,-28.07142E-03
+1.95000E-03,+3.81718002E+00,-27.31782E-03
+1.97500E-03,+3.83367504E+00,-29.08903E-03
+2.00000E-03,+3.85625035E+00,-28.86311E-03
+2.02500E-03,+3.87148882E+00,-29.07667E-03
+2.05000E-03,+3.87952904E+00,-31.11206E-03
+2.07500E-03,+3.89380048E+00,-27.01614E-03
+2.10000E-03,+3.90553361E+00,-28.28520E-03
+2.12500E-03,+3.91366189E+00,-28.42316E-03
+2.15000E-03,+3.92287073E+00,-30.09407E-03
+2.17500E-03,+3.93148848E+00,-29.60421E-03
+2.20000E-03,+3.93782044E+00,-28.76254E-03
+2.22500E-03,+3.94692839E+00,-29.37822E-03
+2.25000E-03,+3.95260687E+00,-30.68450E-03
+2.27500E-03,+3.95220479E+00,-29.85551E-03
+2.30000E-03,+3.96020745E+00,-29.08928E-03
+2.32500E-03,+3.97431541E+00,-29.91830E-03
+2.35000E-03,+3.98117481E+00,-29.67965E-03
+2.37500E-03,+3.98640080E+00,-28.98893E-03
+2.40000E-03,+3.99586078E+00,-29.22747E-03
+2.42500E-03,+4.00555932E+00,-28.56162E-03
+2.45000E-03,+4.00925253E+00,-29.99372E-03
+2.47500E-03,+4.01450368E+00,-29.99372E-03
+2.50000E-03,+4.01648884E+00,-29.99376E-03
+2.52500E-03,+4.02273252E+00,-29.99372E-03
+2.55000E-03,+4.02628743E+00,-29.59179E-03
+2.57500E-03,+4.02859927E+00,-26.87823E-03
+2.60000E-03,+4.03607410E+00,-30.13199E-03
+2.62500E-03,+4.04230557E+00,-28.42337E-03
+2.65000E-03,+4.04540829E+00,-26.68995E-03
+2.67500E-03,+4.04853656E+00,-29.99372E-03
+2.70000E-03,+4.05540848E+00,-29.67965E-03
+2.72500E-03,+4.05663917E+00,-29.26514E-03
+2.75000E-03,+4.05782061E+00,-28.73744E-03
+2.77500E-03,+4.06192850E+00,-29.99372E-03
+2.80000E-03,+4.06545848E+00,-28.83803E-03
+2.82500E-03,+4.06611177E+00,-30.18227E-03
+2.85000E-03,+4.06815955E+00,-29.93101E-03
+2.87500E-03,+4.07408945E+00,-29.80525E-03
+2.90000E-03,+4.07581030E+00,-28.27279E-03
+2.92500E-03,+4.07893846E+00,-31.48852E-03
+2.95000E-03,+4.08035806E+00,-30.03143E-03
+2.97500E-03,+4.08339818E+00,-29.69219E-03
+3.00000E-03,+4.08439085E+00,-28.73754E-03
+3.02500E-03,+4.08527006E+00,-29.88067E-03
+3.05000E-03,+4.08622479E+00,-30.54674E-03
+3.07500E-03,+4.08694093E+00,-30.89844E-03
+3.10000E-03,+4.09072277E+00,-29.89317E-03
+3.12500E-03,+4.09406414E+00,-29.99372E-03
+3.15000E-03,+4.09371242E+00,-30.35802E-03
+3.17500E-03,+4.09583534E+00,-29.91849E-03
+3.20000E-03,+4.09908915E+00,-30.00632E-03
+3.22500E-03,+4.10077259E+00,-29.99372E-03
+3.25000E-03,+4.09971740E+00,-29.93088E-03
+3.27500E-03,+4.10293350E+00,-32.83294E-03
+3.30000E-03,+4.10305907E+00,-32.82035E-03
+3.32500E-03,+4.10357405E+00,-32.11701E-03
+3.35000E-03,+4.10726774E+00,-30.58413E-03
+3.37500E-03,+4.10518203E+00,-31.75271E-03
+3.40000E-03,+4.10475489E+00,-33.32264E-03
+3.42500E-03,+4.10513193E+00,-31.63951E-03
+3.45000E-03,+4.10823512E+00,-29.90558E-03
+3.47500E-03,+4.10906405E+00,-32.94631E-03
+3.50000E-03,+4.10618716E+00,-33.26003E-03
+3.52500E-03,+4.10906411E+00,-32.09164E-03
+3.55000E-03,+4.10877515E+00,-30.48371E-03
+3.57500E-03,+4.10926492E+00,-34.23986E-03
+3.60000E-03,+4.10869993E+00,-29.10167E-03
+3.62500E-03,+4.10574742E+00,-30.62186E-03
+3.65000E-03,+4.10709182E+00,-30.10676E-03
+3.67500E-03,+4.10789564E+00,-29.99372E-03
+3.70000E-03,+4.10676485E+00,-31.56407E-03
+3.72500E-03,+4.10490567E+00,-31.33812E-03
+3.75000E-03,+4.10411437E+00,-30.30779E-03
+3.77500E-03,+4.10407674E+00,-32.25514E-03
+3.80000E-03,+4.09883767E+00,-30.42090E-03
+3.82500E-03,+4.09766953E+00,-30.97375E-03
+3.85000E-03,+4.09720473E+00,-30.30779E-03
+3.87500E-03,+4.09494318E+00,-30.74764E-03
+3.90000E-03,+4.09059667E+00,-32.43077E-03
+3.92500E-03,+4.08684041E+00,-32.31795E-03
+3.95000E-03,+4.08269446E+00,-30.57154E-03
+3.97500E-03,+4.07673966E+00,-31.41314E-03
+4.00000E-03,+4.06868687E+00,-30.93582E-03
+4.02500E-03,+4.06332255E+00,-30.84806E-03
+4.05000E-03,+4.05358639E+00,-30.93593E-03
+4.07500E-03,+4.03690266E+00,-33.58684E-03
+4.10000E-03,+4.02460387E+00,-31.42601E-03
+4.12500E-03,+4.00474177E+00,-30.30779E-03
+4.15000E-03,+3.98761890E+00,-30.40836E-03
+4.17500E-03,+3.94784483E+00,-31.16204E-03
+4.20000E-03,+3.92011915E+00,-31.76501E-03
+4.22500E-03,+3.90474174E+00,-30.91085E-03
+4.25000E-03,+3.87930247E+00,-29.80546E-03
+4.27500E-03,+3.84823436E+00,-31.80297E-03
+4.30000E-03,+3.82205350E+00,-31.43833E-03
+4.32500E-03,+3.79975455E+00,-30.09424E-03
+4.35000E-03,+3.77913902E+00,-30.92350E-03
+4.37500E-03,+3.76083489E+00,-32.82019E-03
+4.40000E-03,+3.73709133E+00,-32.88328E-03
+4.42500E-03,+3.71837274E+00,-31.09900E-03
+4.45000E-03,+3.70187785E+00,-32.23004E-03
+4.47500E-03,+3.68461650E+00,-31.58926E-03
+4.50000E-03,+3.66617408E+00,-30.18223E-03
+4.52500E-03,+3.64641310E+00,-30.92334E-03
+4.55000E-03,+3.62805839E+00,-34.47878E-03
+4.57500E-03,+3.61189028E+00,-32.34317E-03
+4.60000E-03,+3.59103596E+00,-33.56169E-03
+4.62500E-03,+3.57220442E+00,-32.31763E-03
+4.65000E-03,+3.55435284E+00,-32.82035E-03
+4.67500E-03,+3.53749336E+00,-30.48383E-03
+4.70000E-03,+3.51631236E+00,-31.94118E-03
+4.72500E-03,+3.49122440E+00,-32.29287E-03
+4.75000E-03,+3.47528224E+00,-32.12958E-03
+4.77500E-03,+3.46332255E+00,-30.13193E-03
+4.80000E-03,+3.44330969E+00,-31.11185E-03
+4.82500E-03,+3.41738032E+00,-30.08152E-03
+4.85000E-03,+3.40334752E+00,-30.89831E-03
+4.87500E-03,+3.38658877E+00,-30.55907E-03
+4.90000E-03,+3.36378696E+00,-31.53901E-03
+4.92500E-03,+3.34451579E+00,-32.69461E-03
+4.95000E-03,+3.32337287E+00,-31.36302E-03
+4.97500E-03,+3.30467927E+00,-31.38840E-03
+5.00000E-03,+3.29129973E+00,-30.62202E-03
+5.02500E-03,+3.26580971E+00,-31.99130E-03
+5.05000E-03,+3.24591044E+00,-31.79029E-03
+5.07500E-03,+3.23121191E+00,-32.74470E-03
+5.10000E-03,+3.21832223E+00,-33.19712E-03
+5.12500E-03,+3.19406350E+00,-33.44838E-03
+5.15000E-03,+3.16770695E+00,-30.30779E-03
+5.17500E-03,+3.15104868E+00,-31.04892E-03
+5.20000E-03,+3.13337257E+00,-32.19221E-03
+5.22500E-03,+3.10560859E+00,-32.16725E-03
+5.25000E-03,+3.07829729E+00,-30.68474E-03
+5.27500E-03,+3.05122461E+00,-32.44335E-03
+5.30000E-03,+3.02459133E+00,-33.77484E-03
+5.32500E-03,+2.99286975E+00,-31.22490E-03
+5.35000E-03,+2.94744264E+00,-31.01128E-03
+5.37500E-03,+2.89695264E+00,-32.00386E-03
+5.40000E-03,+2.84700242E+00,-32.48099E-03
+5.42500E-03,+2.79546992E+00,-31.46371E-03
+5.45000E-03,+2.73671327E+00,-33.90045E-03
+5.47500E-03,+2.67759304E+00,-30.98609E-03
+5.50000E-03,+2.61422604E+00,-33.26000E-03
+5.52500E-03,+2.55740462E+00,-34.36565E-03
+5.55000E-03,+2.49967847E+00,-33.91334E-03
+5.57500E-03,+2.44342211E+00,-33.44849E-03
+5.60000E-03,+2.39195238E+00,-32.87063E-03
+5.62500E-03,+2.34280684E+00,-31.56412E-03
+5.65000E-03,+2.29709088E+00,-30.50870E-03
+5.67500E-03,+2.25759363E+00,-33.22227E-03
+5.70000E-03,+2.22310854E+00,-32.65701E-03
+5.72500E-03,+2.18327174E+00,-32.74476E-03
+5.75000E-03,+2.14670172E+00,-33.32282E-03
+5.77500E-03,+2.11369885E+00,-33.44849E-03
+5.80000E-03,+2.08092292E+00,-32.00389E-03
+5.82500E-03,+2.05671454E+00,-32.54387E-03
+5.85000E-03,+2.02188997E+00,-32.70714E-03
+5.87500E-03,+1.99010652E+00,-32.82071E-03
+5.90000E-03,+1.95735498E+00,-32.92069E-03
+5.92500E-03,+1.93192770E+00,-34.40298E-03
+5.95000E-03,+1.89792009E+00,-34.84313E-03
+5.97500E-03,+1.86803347E+00,-30.45849E-03
+6.00000E-03,+1.84086001E+00,-32.25483E-03
+6.02500E-03,+1.81309636E+00,-31.67699E-03
+6.05000E-03,+1.78411380E+00,-32.09185E-03
+6.07500E-03,+1.75689037E+00,-33.69951E-03
+6.10000E-03,+1.73161373E+00,-30.34541E-03
+6.12500E-03,+1.69852318E+00,-30.43337E-03
+6.15000E-03,+1.65706572E+00,-32.11705E-03
+6.17500E-03,+1.61917596E+00,-31.09922E-03
+6.20000E-03,+1.58447776E+00,-31.62712E-03
+6.22500E-03,+1.54303263E+00,-31.38841E-03
+6.25000E-03,+1.49450272E+00,-32.50623E-03
+6.27500E-03,+1.44440197E+00,-32.99645E-03
+6.30000E-03,+1.39530686E+00,-32.48101E-03
+6.32500E-03,+1.34186435E+00,-31.53885E-03
+6.35000E-03,+1.28378654E+00,-33.64947E-03
+6.37500E-03,+1.23011815E+00,-31.68987E-03
+6.40000E-03,+1.17371084E+00,-33.44849E-03
+6.42500E-03,+1.12073392E+00,-32.46862E-03
+6.45000E-03,+1.07102294E+00,-30.30779E-03
+6.47500E-03,+1.02609826E+00,-31.35043E-03
+6.50000E-03,+983.63598E-03,-31.94115E-03
+6.52500E-03,+940.11851E-03,-34.78017E-03
+6.55000E-03,+906.08560E-03,-33.76256E-03
+6.57500E-03,+869.69171E-03,-34.91844E-03
+6.60000E-03,+832.98298E-03,-34.26532E-03
+6.62500E-03,+803.17144E-03,-35.08171E-03
+6.65000E-03,+773.20942E-03,-33.80020E-03
+6.67500E-03,+748.97571E-03,-33.41071E-03
+6.70000E-03,+710.23177E-03,-32.17984E-03
+6.72500E-03,+680.93556E-03,-34.62954E-03
+6.75000E-03,+651.60087E-03,-34.51628E-03
+6.77500E-03,+609.98022E-03,-34.00148E-03
+6.80000E-03,+570.59577E-03,-32.58198E-03
+6.82500E-03,+530.67120E-03,-31.43856E-03
+6.85000E-03,+491.76465E-03,-33.38580E-03
+6.87500E-03,+455.24408E-03,-32.50648E-03
+6.90000E-03,+414.30205E-03,-34.61703E-03
+6.92500E-03,+375.24426E-03,-33.78784E-03
+6.95000E-03,+333.98797E-03,-33.41066E-03
+6.97500E-03,+294.59092E-03,-31.63967E-03
+7.00000E-03,+256.31177E-03,-33.38553E-03
+7.02500E-03,+219.00051E-03,-32.59439E-03
+7.05000E-03,+184.30187E-03,-31.95347E-03
+7.07500E-03,+153.09594E-03,-32.28013E-03
+7.10000E-03,+122.05345E-03,-33.43571E-03
+7.12500E-03,+88.78714E-03,-32.82048E-03
+7.15000E-03,+57.76963E-03,-30.52153E-03
+7.17500E-03,+25.40779E-03,-33.58651E-03
+7.20000E-03,-6.17519E-03,-34.70477E-03
+7.22500E-03,-38.56225E-03,-32.73234E-03
+7.25000E-03,-73.90145E-03,-33.88841E-03
+7.27500E-03,-110.64810E-03,-33.39851E-03
+7.30000E-03,-150.27090E-03,-31.84035E-03
+7.32500E-03,-186.31359E-03,-29.62957E-03
+7.35000E-03,-225.28341E-03,-34.60447E-03
+7.37500E-03,-265.61027E-03,-32.94593E-03
+7.40000E-03,-297.40630E-03,-35.04389E-03
+7.42500E-03,-333.36127E-03,-33.10940E-03
+7.45000E-03,-369.16535E-03,-33.20997E-03
+7.47500E-03,-408.98974E-03,-35.81023E-03
+7.50000E-03,-446.45175E-03,-38.47377E-03
+7.52500E-03,-481.21298E-03,-46.77804E-03
+7.55000E-03,-530.67303E-03,-64.40369E-03
+7.57500E-03,-578.13540E-03,-89.19030E-03
+7.60000E-03,-613.36190E-03,-109.56724E-03
+7.62500E-03,-652.73326E-03,-137.97158E-03
+7.65000E-03,-693.29897E-03,-167.26827E-03
+7.67500E-03,-733.57512E-03,-194.62977E-03
+7.70000E-03,-771.37620E-03,-226.46415E-03
+7.72500E-03,-803.70057E-03,-251.79070E-03
+7.75000E-03,-833.44906E-03,-276.35116E-03
+7.77500E-03,-862.99678E-03,-302.04221E-03
+7.80000E-03,-892.55728E-03,-327.46927E-03
+7.82500E-03,-921.30090E-03,-350.47161E-03
+7.85000E-03,-945.67279E-03,-373.39862E-03
+7.87500E-03,-972.70781E-03,-395.88605E-03
+7.90000E-03,-999.94417E-03,-419.90621E-03
+7.92500E-03,-1.02707974E+00,-442.21756E-03
+7.95000E-03,-1.05272055E+00,-466.32586E-03
+7.97500E-03,-1.08406459E+00,-489.56704E-03
+8.00000E-03,-1.11246901E+00,-518.75061E-03
+8.02500E-03,-1.14191643E+00,-545.32086E-03
+8.05000E-03,-1.17076042E+00,-570.08211E-03
+8.07500E-03,-1.20189135E+00,-600.06950E-03
+8.10000E-03,-1.23361249E+00,-631.28824E-03
+8.12500E-03,-1.27182834E+00,-664.73056E-03
+8.15000E-03,-1.30601196E+00,-700.17026E-03
+8.17500E-03,-1.34378854E+00,-737.13039E-03
+8.20000E-03,-1.38398947E+00,-774.54227E-03
+8.22500E-03,-1.42371319E+00,-812.13034E-03
+8.25000E-03,-1.46466784E+00,-851.85362E-03
+8.27500E-03,-1.50809754E+00,-892.65749E-03
+8.30000E-03,-1.54915264E+00,-930.06955E-03
+8.32500E-03,-1.59089915E+00,-968.31106E-03
+8.35000E-03,-1.63562241E+00,-1.01108744E+00
+8.37500E-03,-1.67905249E+00,-1.05172810E+00
+8.40000E-03,-1.72050981E+00,-1.09082368E+00
+8.42500E-03,-1.76788426E+00,-1.13490675E+00
+8.45000E-03,-1.81469333E+00,-1.17794659E+00
+8.47500E-03,-1.86285890E+00,-1.22231876E+00
+8.50000E-03,-1.90731857E+00,-1.26190387E+00
+8.52500E-03,-1.95244427E+00,-1.30725553E+00
+8.55000E-03,-1.99857493E+00,-1.35260781E+00
+8.57500E-03,-2.04018310E+00,-1.39300961E+00
+8.60000E-03,-2.08416554E+00,-1.43901489E+00
+8.62500E-03,-2.12547212E+00,-1.47949181E+00
+8.65000E-03,-2.16770809E+00,-1.52123828E+00
+8.67500E-03,-2.20592443E+00,-1.55861294E+00
+8.70000E-03,-2.23975524E+00,-1.59414026E+00
+8.72500E-03,-2.26915271E+00,-1.62522035E+00
+8.75000E-03,-2.30260741E+00,-1.65687880E+00
+8.77500E-03,-2.33811008E+00,-1.68916508E+00
+8.80000E-03,-2.37454216E+00,-1.72474325E+00
+8.82500E-03,-2.41273322E+00,-1.76037126E+00
+8.85000E-03,-2.45132619E+00,-1.79921533E+00
+8.87500E-03,-2.49023322E+00,-1.83778343E+00
+8.90000E-03,-2.52552183E+00,-1.87107475E+00
+8.92500E-03,-2.56015787E+00,-1.90284629E+00
+8.95000E-03,-2.59681616E+00,-1.93645172E+00
+8.97500E-03,-2.63386401E+00,-1.97086150E+00
+9.00000E-03,-2.67666559E+00,-2.01341178E+00
+9.02500E-03,-2.71716782E+00,-2.05442890E+00
+9.05000E-03,-2.74963013E+00,-2.08513273E+00
+9.07500E-03,-2.78395176E+00,-2.11767018E+00
+9.10000E-03,-2.82027070E+00,-2.15037132E+00
+9.12500E-03,-2.85430394E+00,-2.18150200E+00
+9.15000E-03,-2.89171579E+00,-2.21877595E+00
+9.17500E-03,-2.93118795E+00,-2.25373820E+00
+9.20000E-03,-2.95974338E+00,-2.28633884E+00
+9.22500E-03,-3.00006991E+00,-2.32063479E+00
+9.25000E-03,-3.03131342E+00,-2.35323553E+00
+9.27500E-03,-3.06174050E+00,-2.38484376E+00
+9.30000E-03,-3.09655224E+00,-2.42189160E+00
+9.32500E-03,-3.13062236E+00,-2.45831075E+00
+9.35000E-03,-3.15877560E+00,-2.48681588E+00
+9.37500E-03,-3.18922780E+00,-2.51366267E+00
+9.40000E-03,-3.21519541E+00,-2.54148906E+00
+9.42500E-03,-3.23955446E+00,-2.56823575E+00
+9.45000E-03,-3.27131326E+00,-2.59848692E+00
+9.47500E-03,-3.30146422E+00,-2.62681591E+00
+9.50000E-03,-3.32038334E+00,-2.64381311E+00
+9.52500E-03,-3.33800924E+00,-2.65961729E+00
+9.55000E-03,-3.36045891E+00,-2.68175288E+00
+9.57500E-03,-3.38076060E+00,-2.70087346E+00
+9.60000E-03,-3.40567237E+00,-2.72321030E+00
+9.62500E-03,-3.42861252E+00,-2.74557214E+00
+9.65000E-03,-3.44643918E+00,-2.76117505E+00
+9.67500E-03,-3.46579824E+00,-2.77934106E+00
+9.70000E-03,-3.49069757E+00,-2.80632607E+00
+9.72500E-03,-3.51831107E+00,-2.82922805E+00
+9.75000E-03,-3.54437859E+00,-2.85643906E+00
+9.77500E-03,-3.57153923E+00,-2.88515730E+00
+9.80000E-03,-3.58724312E+00,-2.90398893E+00
+9.82500E-03,-3.61495656E+00,-2.92803464E+00
+9.85000E-03,-3.64622545E+00,-2.95714257E+00
+9.87500E-03,-3.66510739E+00,-2.97911469E+00
+9.90000E-03,-3.68407700E+00,-2.99814736E+00
+9.92500E-03,-3.70934103E+00,-3.02589894E+00
+9.95000E-03,-3.73162752E+00,-3.04763223E+00
+9.97500E-03,-3.75391344E+00,-3.07019537E+00
+10.00000E-03,-3.77245618E+00,-3.09186592E+00
+10.02500E-03,-3.79465521E+00,-3.11084839E+00
+10.05000E-03,-3.81503183E+00,-3.13402684E+00
+10.07500E-03,-3.84054685E+00,-3.15749431E+00
+10.10000E-03,-3.85460480E+00,-3.17387605E+00
+10.12500E-03,-3.87176560E+00,-3.18822284E+00
+10.15000E-03,-3.89689080E+00,-3.20963001E+00
+10.17500E-03,-3.91310974E+00,-3.23009484E+00
+10.20000E-03,-3.92691619E+00,-3.24318505E+00
+10.22500E-03,-3.94516975E+00,-3.25784566E+00
+10.25000E-03,-3.96366262E+00,-3.27773298E+00
+10.27500E-03,-3.98126296E+00,-3.29392623E+00
+10.30000E-03,-3.99582323E+00,-3.30989359E+00
+10.32500E-03,-4.01868782E+00,-3.32706693E+00
+10.35000E-03,-4.02895145E+00,-3.34126275E+00
+10.37500E-03,-4.04211695E+00,-3.35223027E+00
+10.40000E-03,-4.05393829E+00,-3.36418985E+00
+10.42500E-03,-4.06089833E+00,-3.36871271E+00
+10.45000E-03,-4.06706700E+00,-3.37705445E+00
+10.47500E-03,-4.08195386E+00,-3.39158963E+00
+10.50000E-03,-4.09079775E+00,-3.39915219E+00
+10.52500E-03,-4.09799600E+00,-3.40626283E+00
+10.55000E-03,-4.10592365E+00,-3.41369941E+00
+10.57500E-03,-4.11424010E+00,-3.42158949E+00
+10.60000E-03,-4.12751872E+00,-3.43288327E+00
+10.62500E-03,-4.13489331E+00,-3.43797134E+00
+10.65000E-03,-4.14313468E+00,-3.45018232E+00
+10.67500E-03,-4.15058404E+00,-3.46053424E+00
+10.70000E-03,-4.15655141E+00,-3.46726794E+00
+10.72500E-03,-4.16569727E+00,-3.47544627E+00
+10.75000E-03,-4.17408899E+00,-3.48118723E+00
+10.77500E-03,-4.17887561E+00,-3.48725493E+00
+10.80000E-03,-4.17979245E+00,-3.48873748E+00
+10.82500E-03,-4.18137558E+00,-3.48744318E+00
+10.85000E-03,-4.18385040E+00,-3.49077263E+00
+10.87500E-03,-4.18916486E+00,-3.49751892E+00
+10.90000E-03,-4.19706665E+00,-3.50915158E+00
+10.92500E-03,-4.20155155E+00,-3.50792107E+00
+10.95000E-03,-4.20411414E+00,-3.51522017E+00
+10.97500E-03,-4.20651389E+00,-3.51162690E+00
+11.00000E-03,-4.20637547E+00,-3.51598598E+00
+11.02500E-03,-4.20825973E+00,-3.51648866E+00
+11.05000E-03,-4.21238058E+00,-3.51979293E+00
+11.07500E-03,-4.21185344E+00,-3.52016973E+00
+11.10000E-03,-4.21462944E+00,-3.52367467E+00
+11.12500E-03,-4.21711682E+00,-3.52446585E+00
+11.15000E-03,-4.21820981E+00,-3.52667699E+00
+11.17500E-03,-4.22045858E+00,-3.52729282E+00
+11.20000E-03,-4.22273234E+00,-3.52864935E+00
+11.22500E-03,-4.22397620E+00,-3.53261920E+00
+11.25000E-03,-4.22722963E+00,-3.53344854E+00
+11.27500E-03,-4.22496841E+00,-3.53297098E+00
+11.30000E-03,-4.22967988E+00,-3.53557177E+00
+11.32500E-03,-4.23211687E+00,-3.53896361E+00
+11.35000E-03,-4.23486768E+00,-3.54201624E+00
+11.37500E-03,-4.23753133E+00,-3.54349899E+00
+11.40000E-03,-4.24015710E+00,-3.54814681E+00
+11.42500E-03,-4.24005629E+00,-3.54852383E+00
+11.45000E-03,-4.24510705E+00,-3.55175245E+00
+11.47500E-03,-4.24843566E+00,-3.55518198E+00
+11.50000E-03,-4.24915230E+00,-3.55637559E+00
+11.52500E-03,-4.24980557E+00,-3.55731780E+00
+11.55000E-03,-4.25236771E+00,-3.55925253E+00
+11.57500E-03,-4.25474256E+00,-3.56039541E+00
+11.60000E-03,-4.25960445E+00,-3.56376258E+00
+11.62500E-03,-4.25983016E+00,-3.56567196E+00
+11.65000E-03,-4.26098591E+00,-3.56636289E+00
+11.67500E-03,-4.25974267E+00,-3.56841060E+00
+11.70000E-03,-4.26220481E+00,-3.56838570E+00
+11.72500E-03,-4.26304641E+00,-3.57011948E+00
+11.75000E-03,-4.26372466E+00,-3.57201661E+00
+11.77500E-03,-4.26353610E+00,-3.57165200E+00
+11.80000E-03,-4.26537064E+00,-3.57160175E+00
+11.82500E-03,-4.26640059E+00,-3.56965460E+00
+11.85000E-03,-4.26650104E+00,-3.57175264E+00
+11.87500E-03,-4.26743074E+00,-3.57145102E+00
+11.90000E-03,-4.26851172E+00,-3.57573477E+00
+11.92500E-03,-4.26680272E+00,-3.57280772E+00
+11.95000E-03,-4.26619982E+00,-3.57447880E+00
+11.97500E-03,-4.26735523E+00,-3.57333539E+00
+12.00000E-03,-4.26824738E+00,-3.57289563E+00
+12.02500E-03,-4.26490570E+00,-3.57265688E+00
+12.05000E-03,-4.26279512E+00,-3.57063453E+00
+12.07500E-03,-4.26131251E+00,-3.56991819E+00
+12.10000E-03,-4.26032048E+00,-3.56729256E+00
+12.12500E-03,-4.25945359E+00,-3.56743095E+00
+12.15000E-03,-4.25952859E+00,-3.56382542E+00
+12.17500E-03,-4.25614948E+00,-3.56086026E+00
+12.20000E-03,-4.25209161E+00,-3.55812162E+00
+12.22500E-03,-4.24754372E+00,-3.55510663E+00
+12.25000E-03,-4.24462904E+00,-3.54990557E+00
+12.27500E-03,-4.24270687E+00,-3.54932782E+00
+12.30000E-03,-4.23648839E+00,-3.54261902E+00
+12.32500E-03,-4.22896341E+00,-3.53545836E+00
+12.35000E-03,-4.22082239E+00,-3.52632511E+00
+12.37500E-03,-4.21209126E+00,-3.52076007E+00
+12.40000E-03,-4.20087298E+00,-3.50727974E+00
+12.42500E-03,-4.18744296E+00,-3.49146307E+00
+12.45000E-03,-4.17067152E+00,-3.47372446E+00
+12.47500E-03,-4.15108566E+00,-3.45410088E+00
+12.50000E-03,-4.11573413E+00,-3.41944008E+00
+12.52500E-03,-4.09067149E+00,-3.39525678E+00
+12.55000E-03,-4.06768139E+00,-3.37716647E+00
+12.57500E-03,-4.03873644E+00,-3.34690256E+00
+12.60000E-03,-4.01719170E+00,-3.32531994E+00
+12.62500E-03,-3.99651311E+00,-3.30254347E+00
+12.65000E-03,-3.97438991E+00,-3.28109886E+00
+12.67500E-03,-3.95128706E+00,-3.26069682E+00
+12.70000E-03,-3.92569679E+00,-3.23646266E+00
+12.72500E-03,-3.91060847E+00,-3.22172686E+00
+12.75000E-03,-3.89004323E+00,-3.19927717E+00
+12.77500E-03,-3.86962892E+00,-3.18023206E+00
+12.80000E-03,-3.85253099E+00,-3.16379987E+00
+12.82500E-03,-3.83320923E+00,-3.14585982E+00
+12.85000E-03,-3.81756873E+00,-3.13141305E+00
+12.87500E-03,-3.80273220E+00,-3.11717935E+00
+12.90000E-03,-3.78594798E+00,-3.09739289E+00
+12.92500E-03,-3.76449081E+00,-3.07840995E+00
+12.95000E-03,-3.75000612E+00,-3.06148848E+00
+12.97500E-03,-3.73773205E+00,-3.04897578E+00
+13.00000E-03,-3.71617403E+00,-3.02364861E+00
+13.02500E-03,-3.68966661E+00,-2.99959109E+00
+13.05000E-03,-3.67690285E+00,-2.98611137E+00
+13.07500E-03,-3.66059631E+00,-2.96714146E+00
+13.10000E-03,-3.63849806E+00,-2.94493017E+00
+13.12500E-03,-3.61510624E+00,-2.92477932E+00
+13.15000E-03,-3.59987997E+00,-2.90784506E+00
+13.17500E-03,-3.58389992E+00,-2.88872455E+00
+13.20000E-03,-3.55686489E+00,-2.86543271E+00
+13.22500E-03,-3.53692770E+00,-2.84371178E+00
+13.25000E-03,-3.52509409E+00,-2.83281991E+00
+13.27500E-03,-3.50764358E+00,-2.81416366E+00
+13.30000E-03,-3.47675162E+00,-2.78113625E+00
+13.32500E-03,-3.46341077E+00,-2.77271973E+00
+13.35000E-03,-3.45145044E+00,-2.75897589E+00
+13.37500E-03,-3.42528186E+00,-2.73395056E+00
+13.40000E-03,-3.40519427E+00,-2.71569712E+00
+13.42500E-03,-3.38756888E+00,-2.70136253E+00
+13.45000E-03,-3.37178969E+00,-2.68259387E+00
+13.47500E-03,-3.35219182E+00,-2.66761917E+00
+13.50000E-03,-3.33263116E+00,-2.64726694E+00
+13.52500E-03,-3.30647544E+00,-2.62591033E+00
+13.55000E-03,-3.28641322E+00,-2.60480495E+00
+13.57500E-03,-3.26633704E+00,-2.58715375E+00
+13.60000E-03,-3.23641236E+00,-2.55886235E+00
+13.62500E-03,-3.21052076E+00,-2.53062124E+00
+13.65000E-03,-3.18606087E+00,-2.50509339E+00
+13.67500E-03,-3.14597242E+00,-2.46523119E+00
+13.70000E-03,-3.09828416E+00,-2.41788156E+00
+13.72500E-03,-3.05398761E+00,-2.36975365E+00
+13.75000E-03,-3.00235346E+00,-2.31768034E+00
+13.77500E-03,-2.93618560E+00,-2.25324600E+00
+13.80000E-03,-2.87871075E+00,-2.19938924E+00
+13.82500E-03,-2.82599719E+00,-2.14979110E+00
+13.85000E-03,-2.76606000E+00,-2.09146211E+00
+13.87500E-03,-2.70825861E+00,-2.03482894E+00
+13.90000E-03,-2.65662550E+00,-1.98843417E+00
+13.92500E-03,-2.60118524E+00,-1.93163771E+00
+13.95000E-03,-2.54445220E+00,-1.87673864E+00
+13.97500E-03,-2.50161336E+00,-1.83400021E+00
+14.00000E-03,-2.45737903E+00,-1.79469075E+00
+14.02500E-03,-2.40790742E+00,-1.74856027E+00
+14.05000E-03,-2.36480414E+00,-1.70737943E+00
+14.07500E-03,-2.32744266E+00,-1.67009342E+00
+14.10000E-03,-2.29530704E+00,-1.63930211E+00
+14.12500E-03,-2.26202775E+00,-1.60920125E+00
+14.15000E-03,-2.22663861E+00,-1.57229185E+00
+14.17500E-03,-2.19003069E+00,-1.53432742E+00
+14.20000E-03,-2.16438965E+00,-1.50667630E+00
+14.22500E-03,-2.13475458E+00,-1.47749307E+00
+14.25000E-03,-2.10084727E+00,-1.44663858E+00
+14.27500E-03,-2.07158829E+00,-1.42013129E+00
+14.30000E-03,-2.04420188E+00,-1.39054571E+00
+14.32500E-03,-2.01524410E+00,-1.36195284E+00
+14.35000E-03,-1.98967899E+00,-1.33768133E+00
+14.37500E-03,-1.96121180E+00,-1.30700333E+00
+14.40000E-03,-1.93319630E+00,-1.28024405E+00
+14.42500E-03,-1.90750550E+00,-1.25722955E+00
+14.45000E-03,-1.88043233E+00,-1.22632479E+00
+14.47500E-03,-1.84285744E+00,-1.19701571E+00
+14.50000E-03,-1.81165120E+00,-1.16359884E+00
+14.52500E-03,-1.77114859E+00,-1.13163840E+00
+14.55000E-03,-1.72995482E+00,-1.08952772E+00
+14.57500E-03,-1.68687708E+00,-1.05038196E+00
+14.60000E-03,-1.64180122E+00,-1.00807068E+00
+14.62500E-03,-1.59230453E+00,-960.26902E-03
+14.65000E-03,-1.54269336E+00,-913.67342E-03
+14.67500E-03,-1.48655060E+00,-861.58796E-03
+14.70000E-03,-1.43128663E+00,-808.78627E-03
+14.72500E-03,-1.37698993E+00,-758.10797E-03
+14.75000E-03,-1.32459077E+00,-707.50526E-03
+14.77500E-03,-1.27342203E+00,-657.15304E-03
+14.80000E-03,-1.22830946E+00,-616.55058E-03
+14.82500E-03,-1.18254260E+00,-570.15623E-03
+14.85000E-03,-1.14031936E+00,-534.25131E-03
+14.87500E-03,-1.10191489E+00,-497.51767E-03
+14.90000E-03,-1.05844740E+00,-464.60334E-03
+14.92500E-03,-1.03086014E+00,-435.25698E-03
+14.95000E-03,-994.72899E-03,-405.03035E-03
+14.97500E-03,-959.22654E-03,-373.57353E-03
+15.00000E-03,-930.74686E-03,-350.03082E-03
+15.02500E-03,-894.07542E-03,-317.30435E-03
+15.05000E-03,-864.60364E-03,-293.39750E-03
+15.07500E-03,-828.04570E-03,-261.96546E-03
+15.10000E-03,-793.44752E-03,-233.39743E-03
+15.12500E-03,-756.31166E-03,-204.99282E-03
+15.15000E-03,-715.82183E-03,-172.93273E-03
+15.17500E-03,-676.68864E-03,-142.70654E-03
+15.20000E-03,-632.99523E-03,-113.81216E-03
+15.22500E-03,-593.03273E-03,-86.80192E-03
+15.25000E-03,-549.15076E-03,-60.83490E-03
+15.27500E-03,-507.46772E-03,-42.65682E-03
+15.30000E-03,-468.57312E-03,-32.20440E-03
+15.32500E-03,-432.07827E-03,-27.89560E-03
+15.35000E-03,-395.40745E-03,-26.38825E-03
+15.37500E-03,-362.21696E-03,-25.09419E-03
+15.40000E-03,-331.16106E-03,-24.57927E-03
+15.42500E-03,-303.32211E-03,-25.28266E-03
+15.45000E-03,-273.77387E-03,-25.00631E-03
+15.47500E-03,-241.99042E-03,-24.91847E-03
+15.50000E-03,-208.57356E-03,-24.71762E-03
+15.52500E-03,-175.73370E-03,-24.17735E-03
+15.55000E-03,-143.08326E-03,-25.42095E-03
+15.57500E-03,-107.48025E-03,-25.73467E-03
+15.60000E-03,-71.97780E-03,-27.65675E-03
+15.62500E-03,-39.41439E-03,-27.79494E-03
+15.65000E-03,+245.51E-06,-25.68442E-03
+15.67500E-03,+34.61774E-03,-24.96859E-03
+15.70000E-03,+72.58260E-03,-27.14183E-03
+15.72500E-03,+110.19554E-03,-26.17443E-03
+15.75000E-03,+145.88646E-03,-25.84827E-03
+15.77500E-03,+181.50157E-03,-27.48116E-03
+15.80000E-03,+218.85173E-03,-25.09438E-03
+15.82500E-03,+258.00958E-03,-24.42836E-03
+15.85000E-03,+289.06479E-03,-25.63448E-03
+15.87500E-03,+328.99011E-03,-24.15173E-03
+15.90000E-03,+376.45220E-03,-25.88593E-03
+15.92500E-03,+415.64774E-03,-25.86049E-03
+15.95000E-03,+445.94912E-03,-24.32751E-03
+15.97500E-03,+489.55477E-03,-25.96077E-03
+16.00000E-03,+526.54005E-03,-25.53386E-03
+16.02500E-03,+563.80123E-03,-26.51360E-03
+16.05000E-03,+601.41426E-03,-25.58439E-03
+16.07500E-03,+636.47666E-03,-24.45361E-03
+16.10000E-03,+668.70082E-03,-25.78549E-03
+16.12500E-03,+701.97965E-03,-25.28266E-03
+16.15000E-03,+730.77346E-03,-24.96859E-03
+16.17500E-03,+757.73301E-03,-25.78502E-03
+16.20000E-03,+786.60245E-03,-25.38320E-03
+16.22500E-03,+816.85367E-03,-25.48380E-03
+16.25000E-03,+844.06467E-03,-25.28289E-03
+16.27500E-03,+870.84852E-03,-25.18222E-03
+16.30000E-03,+899.20279E-03,-25.28266E-03
+16.32500E-03,+929.80606E-03,-23.81253E-03
+16.35000E-03,+959.07726E-03,-26.89045E-03
+16.37500E-03,+985.58489E-03,-25.34551E-03
+16.40000E-03,+1.01804724E+00,-27.84560E-03
+16.42500E-03,+1.04755761E+00,-25.58391E-03
+16.45000E-03,+1.08556019E+00,-26.65163E-03
+16.47500E-03,+1.12403970E+00,-27.79523E-03
+16.50000E-03,+1.15970572E+00,-26.53926E-03
+16.52500E-03,+1.19587419E+00,-25.03157E-03
+16.55000E-03,+1.23573575E+00,-27.90803E-03
+16.57500E-03,+1.27696713E+00,-25.48341E-03
+16.60000E-03,+1.31710557E+00,-25.28266E-03
+16.62500E-03,+1.35819835E+00,-26.78998E-03
+16.65000E-03,+1.39764574E+00,-25.83556E-03
+16.67500E-03,+1.43696719E+00,-26.73956E-03
+16.70000E-03,+1.48032137E+00,-27.79523E-03
+16.72500E-03,+1.52020820E+00,-25.98599E-03
+16.75000E-03,+1.56297206E+00,-27.23019E-03
+16.77500E-03,+1.60973124E+00,-25.08163E-03
+16.80000E-03,+1.65523359E+00,-27.97101E-03
+16.82500E-03,+1.70092438E+00,-27.94562E-03
+16.85000E-03,+1.74646481E+00,-25.68493E-03
+16.87500E-03,+1.79318611E+00,-26.22478E-03
+16.90000E-03,+1.84201783E+00,-25.38310E-03
+16.92500E-03,+1.88640187E+00,-27.73274E-03
+16.95000E-03,+1.93196748E+00,-26.80250E-03
+16.97500E-03,+1.97476857E+00,-26.04912E-03
+17.00000E-03,+2.01969319E+00,-26.47610E-03
+17.02500E-03,+2.06023343E+00,-27.38039E-03
+17.05000E-03,+2.09400156E+00,-27.17991E-03
+17.07500E-03,+2.12853748E+00,-27.09197E-03
+17.10000E-03,+2.15803481E+00,-24.96859E-03
+17.12500E-03,+2.19142667E+00,-27.85797E-03
+17.15000E-03,+2.23006975E+00,-27.49359E-03
+17.17500E-03,+2.26269548E+00,-24.96859E-03
+17.20000E-03,+2.29958020E+00,-25.25757E-03
+17.22500E-03,+2.33893982E+00,-27.38042E-03
+17.25000E-03,+2.37409018E+00,-26.72758E-03
+17.27500E-03,+2.41329856E+00,-26.32547E-03
+17.30000E-03,+2.44877608E+00,-26.85301E-03
+17.32500E-03,+2.48881357E+00,-27.29255E-03
+17.35000E-03,+2.52986921E+00,-29.29040E-03
+17.37500E-03,+2.56893956E+00,-26.16160E-03
+17.40000E-03,+2.60038422E+00,-26.22487E-03
+17.42500E-03,+2.63641437E+00,-28.23509E-03
+17.45000E-03,+2.67287159E+00,-25.78534E-03
+17.47500E-03,+2.70414034E+00,-28.91302E-03
+17.50000E-03,+2.73602499E+00,-26.22507E-03
+17.52500E-03,+2.77414037E+00,-26.73982E-03
+17.55000E-03,+2.81073624E+00,-28.64963E-03
+17.57500E-03,+2.84047200E+00,-27.39276E-03
+17.60000E-03,+2.86790898E+00,-26.18745E-03
+17.62500E-03,+2.89375050E+00,-27.79523E-03
+17.65000E-03,+2.92360024E+00,-25.35824E-03
+17.67500E-03,+2.95803474E+00,-27.77040E-03
+17.70000E-03,+2.98143907E+00,-25.98592E-03
+17.72500E-03,+3.00716778E+00,-26.51405E-03
+17.75000E-03,+3.03941646E+00,-28.42353E-03
+17.77500E-03,+3.06720563E+00,-28.80042E-03
+17.80000E-03,+3.09679086E+00,-29.03851E-03
+17.82500E-03,+3.12829853E+00,-25.74729E-03
+17.85000E-03,+3.14563505E+00,-25.65938E-03
+17.87500E-03,+3.16856209E+00,-25.78504E-03
+17.90000E-03,+3.19621297E+00,-29.20200E-03
+17.92500E-03,+3.21831093E+00,-29.13948E-03
+17.95000E-03,+3.24231837E+00,-26.84072E-03
+17.97500E-03,+3.26897699E+00,-28.95127E-03
+18.00000E-03,+3.29268289E+00,-28.04635E-03
+18.02500E-03,+3.31509448E+00,-29.27757E-03
+18.05000E-03,+3.34363750E+00,-29.07650E-03
+18.07500E-03,+3.37308480E+00,-27.87084E-03
+18.10000E-03,+3.39803468E+00,-29.15208E-03
+18.12500E-03,+3.42289629E+00,-27.79529E-03
+18.15000E-03,+3.44685354E+00,-28.25995E-03
+18.17500E-03,+3.47730584E+00,-28.44869E-03
+18.20000E-03,+3.50172818E+00,-26.07415E-03
+18.22500E-03,+3.52675291E+00,-27.15489E-03
+18.25000E-03,+3.54638885E+00,-28.17214E-03
+18.27500E-03,+3.56995619E+00,-28.04632E-03
+18.30000E-03,+3.59028319E+00,-28.46102E-03
+18.32500E-03,+3.61160246E+00,-29.46628E-03
+18.35000E-03,+3.63333569E+00,-28.42337E-03
+18.37500E-03,+3.64996872E+00,-27.66923E-03
+18.40000E-03,+3.66844899E+00,-28.49878E-03
+18.42500E-03,+3.68568577E+00,-28.15961E-03
+18.45000E-03,+3.70667770E+00,-28.49864E-03
+18.47500E-03,+3.71805917E+00,-30.16980E-03
+18.50000E-03,+3.73859944E+00,-26.97878E-03
+18.52500E-03,+3.75734299E+00,-27.33067E-03
+18.55000E-03,+3.76758216E+00,-29.99372E-03
+18.57500E-03,+3.78519512E+00,-28.66199E-03
+18.60000E-03,+3.80738129E+00,-26.06115E-03
+18.62500E-03,+3.82038302E+00,-29.86816E-03
+18.65000E-03,+3.83597412E+00,-28.73744E-03
+18.67500E-03,+3.85299713E+00,-29.02652E-03
+18.70000E-03,+3.87063455E+00,-29.84334E-03
+18.72500E-03,+3.88038326E+00,-29.99372E-03
+18.75000E-03,+3.89462959E+00,-29.99352E-03
+18.77500E-03,+3.90576055E+00,-29.84307E-03
+18.80000E-03,+3.91608661E+00,-29.15198E-03
+18.82500E-03,+3.92211683E+00,-29.99372E-03
+18.85000E-03,+3.92994356E+00,-29.76752E-03
+18.87500E-03,+3.93803425E+00,-28.10930E-03
+18.90000E-03,+3.95021981E+00,-28.18488E-03
+18.92500E-03,+3.95437803E+00,-28.61164E-03
+18.95000E-03,+3.96049622E+00,-29.02675E-03
+18.97500E-03,+3.95969254E+00,-28.33583E-03
+19.00000E-03,+3.96724269E+00,-27.98380E-03
+19.02500E-03,+3.97741881E+00,-28.96367E-03
+19.05000E-03,+3.98917753E+00,-25.98628E-03
+19.07500E-03,+3.99773268E+00,-29.99372E-03
+19.10000E-03,+4.00395123E+00,-29.99372E-03
+19.12500E-03,+4.00869977E+00,-29.80524E-03
+19.15000E-03,+4.01554644E+00,-28.76280E-03
+19.17500E-03,+4.01711679E+00,-29.67965E-03
+19.20000E-03,+4.01843623E+00,-28.57426E-03
+19.22500E-03,+4.02493096E+00,-29.64206E-03
+19.25000E-03,+4.02949127E+00,-29.67965E-03
+19.27500E-03,+4.03416460E+00,-30.10675E-03
+19.30000E-03,+4.04027054E+00,-28.73744E-03
+19.32500E-03,+4.04358678E+00,-29.99372E-03
+19.35000E-03,+4.04794597E+00,-27.16709E-03
+19.37500E-03,+4.04915227E+00,-28.73744E-03
+19.40000E-03,+4.05381280E+00,-27.41817E-03
+19.42500E-03,+4.05826001E+00,-28.18443E-03
+19.45000E-03,+4.06130052E+00,-29.99372E-03
+19.47500E-03,+4.06427780E+00,-28.63652E-03
+19.50000E-03,+4.06648868E+00,-28.73744E-03
+19.52500E-03,+4.06741844E+00,-29.06410E-03
+19.55000E-03,+4.07191565E+00,-30.03137E-03
+19.57500E-03,+4.07215420E+00,-30.04407E-03
+19.60000E-03,+4.07729301E+00,-28.91335E-03
+19.62500E-03,+4.08049626E+00,-29.49107E-03
+19.65000E-03,+4.08140095E+00,-28.33553E-03
+19.67500E-03,+4.08381249E+00,-30.01888E-03
+19.70000E-03,+4.08483053E+00,-28.57391E-03
+19.72500E-03,+4.08681501E+00,-28.73744E-03
+19.75000E-03,+4.08803415E+00,-30.43355E-03
+19.77500E-03,+4.09049639E+00,-28.15917E-03
+19.80000E-03,+4.09383793E+00,-29.22746E-03
+19.82500E-03,+4.09572211E+00,-29.80510E-03
+19.85000E-03,+4.09896387E+00,-28.47348E-03
+19.87500E-03,+4.09739341E+00,-29.42853E-03
+19.90000E-03,+4.09939114E+00,-26.87804E-03
+19.92500E-03,+4.10172752E+00,-29.51637E-03
+19.95000E-03,+4.10411428E+00,-29.24012E-03
+19.97500E-03,+4.10326028E+00,-29.94343E-03
+20.00000E-03,+4.10568466E+00,-29.05161E-03
+20.02500E-03,+4.10784568E+00,-29.99372E-03
+20.05000E-03,+4.10578510E+00,-29.70498E-03
+20.07500E-03,+4.10647612E+00,-31.37545E-03
+20.10000E-03,+4.10787094E+00,-30.50876E-03
+20.12500E-03,+4.10964219E+00,-30.24494E-03
+20.15000E-03,+4.10913940E+00,-29.07670E-03
+20.17500E-03,+4.11112482E+00,-29.71730E-03
+20.20000E-03,+4.11025742E+00,-29.81791E-03
+20.22500E-03,+4.11094831E+00,-28.32297E-03
+20.25000E-03,+4.11171506E+00,-30.11938E-03
+20.27500E-03,+4.11039568E+00,-30.39562E-03
+20.30000E-03,+4.11200334E+00,-28.86324E-03
+20.32500E-03,+4.10934013E+00,-30.35797E-03
+20.35000E-03,+4.10983018E+00,-29.11415E-03
+20.37500E-03,+4.11070975E+00,-30.11931E-03
+20.40000E-03,+4.10700390E+00,-30.13194E-03
+20.42500E-03,+4.10582275E+00,-29.40341E-03
+20.45000E-03,+4.10400111E+00,-29.16468E-03
+20.47500E-03,+4.10410175E+00,-30.70955E-03
+20.50000E-03,+4.10197856E+00,-29.99372E-03
+20.52500E-03,+4.09974231E+00,-31.12402E-03
+20.55000E-03,+4.09581015E+00,-30.77265E-03
+20.57500E-03,+4.09207907E+00,-30.42078E-03
+20.60000E-03,+4.08784526E+00,-29.46615E-03
+20.62500E-03,+4.08338535E+00,-30.93579E-03
+20.65000E-03,+4.07508105E+00,-30.78528E-03
+20.67500E-03,+4.06965434E+00,-29.99372E-03
+20.70000E-03,+4.05993054E+00,-30.96120E-03
+20.72500E-03,+4.04885007E+00,-30.70973E-03
+20.75000E-03,+4.03853589E+00,-29.86784E-03
+20.77500E-03,+4.01533227E+00,-29.98112E-03
+20.80000E-03,+3.99632480E+00,-30.28298E-03
+20.82500E-03,+3.97096038E+00,-28.53601E-03
+20.85000E-03,+3.93514355E+00,-29.24030E-03
+20.87500E-03,+3.91089774E+00,-29.05186E-03
+20.90000E-03,+3.89004340E+00,-31.17459E-03
+20.92500E-03,+3.86766874E+00,-30.29565E-03
+20.95000E-03,+3.83991795E+00,-33.19759E-03
+20.97500E-03,+3.81421464E+00,-30.00642E-03
+21.00000E-03,+3.79280714E+00,-31.94120E-03
+21.02500E-03,+3.77270707E+00,-31.28762E-03
+21.05000E-03,+3.75411410E+00,-31.01159E-03
+21.07500E-03,+3.73432714E+00,-31.01138E-03
+21.10000E-03,+3.71330966E+00,-31.81550E-03
+21.12500E-03,+3.69933984E+00,-31.56425E-03
+21.15000E-03,+3.68271899E+00,-31.25000E-03
+21.17500E-03,+3.66530714E+00,-31.20003E-03
+21.20000E-03,+3.64626199E+00,-30.30779E-03
+21.22500E-03,+3.63237972E+00,-30.30779E-03
+21.25000E-03,+3.61322164E+00,-30.30779E-03
+21.27500E-03,+3.58987979E+00,-30.52143E-03
+21.30000E-03,+3.56830937E+00,-30.09419E-03
+21.32500E-03,+3.54603564E+00,-31.46389E-03
+21.35000E-03,+3.52740542E+00,-30.10682E-03
+21.37500E-03,+3.51083467E+00,-30.49652E-03
+21.40000E-03,+3.49074659E+00,-31.19961E-03
+21.42500E-03,+3.46765625E+00,-30.89828E-03
+21.45000E-03,+3.44677696E+00,-30.92312E-03
+21.47500E-03,+3.43156350E+00,-29.89332E-03
+21.50000E-03,+3.41548331E+00,-31.43823E-03
+21.52500E-03,+3.39745510E+00,-28.78801E-03
+21.55000E-03,+3.37789512E+00,-30.30779E-03
+21.57500E-03,+3.35587236E+00,-31.53898E-03
+21.60000E-03,+3.33716629E+00,-30.30779E-03
+21.62500E-03,+3.31975467E+00,-30.30779E-03
+21.65000E-03,+3.30505542E+00,-31.41360E-03
+21.67500E-03,+3.28510588E+00,-32.82035E-03
+21.70000E-03,+3.26191533E+00,-32.66945E-03
+21.72500E-03,+3.24314634E+00,-33.72498E-03
+21.75000E-03,+3.22653859E+00,-30.37057E-03
+21.77500E-03,+3.20662631E+00,-31.91612E-03
+21.80000E-03,+3.18803352E+00,-32.41794E-03
+21.82500E-03,+3.16781985E+00,-30.30779E-03
+21.85000E-03,+3.14942774E+00,-31.36292E-03
+21.87500E-03,+3.12672627E+00,-34.39023E-03
+21.90000E-03,+3.09330900E+00,-31.36321E-03
+21.92500E-03,+3.07055854E+00,-29.23977E-03
+21.95000E-03,+3.04918898E+00,-32.00359E-03
+21.97500E-03,+3.02206532E+00,-32.02864E-03
+22.00000E-03,+2.97446554E+00,-30.49652E-03
+22.02500E-03,+2.93008061E+00,-32.55668E-03
+22.05000E-03,+2.88609805E+00,-32.44383E-03
+22.07500E-03,+2.83202774E+00,-33.04652E-03
+22.10000E-03,+2.77382375E+00,-33.72480E-03
+22.12500E-03,+2.71818312E+00,-30.62186E-03
+22.15000E-03,+2.65863563E+00,-34.18930E-03
+22.17500E-03,+2.59837159E+00,-32.87068E-03
+22.20000E-03,+2.53957752E+00,-33.19760E-03
+22.22500E-03,+2.47883653E+00,-32.63154E-03
+22.25000E-03,+2.42452748E+00,-32.69476E-03
+22.27500E-03,+2.37976654E+00,-31.69006E-03
+22.30000E-03,+2.33271877E+00,-31.23769E-03
+22.32500E-03,+2.28759274E+00,-32.51855E-03
+22.35000E-03,+2.24653757E+00,-32.54386E-03
+22.37500E-03,+2.20851066E+00,-30.81037E-03
+22.40000E-03,+2.16622335E+00,-31.66413E-03
+22.42500E-03,+2.13759310E+00,-33.44849E-03
+22.45000E-03,+2.10623624E+00,-32.41819E-03
+22.47500E-03,+2.07171385E+00,-32.25484E-03
+22.50000E-03,+2.03784443E+00,-32.82017E-03
+22.52500E-03,+2.00842235E+00,-32.71992E-03
+22.55000E-03,+1.97633652E+00,-33.88837E-03
+22.57500E-03,+1.94520642E+00,-32.26803E-03
+22.60000E-03,+1.91706579E+00,-33.04656E-03
+22.62500E-03,+1.88514276E+00,-30.93630E-03
+22.65000E-03,+1.85188969E+00,-32.87075E-03
+22.67500E-03,+1.82540717E+00,-34.08949E-03
+22.70000E-03,+1.80293274E+00,-30.48359E-03
+22.72500E-03,+1.77220365E+00,-32.95851E-03
+22.75000E-03,+1.74356043E+00,-32.82017E-03
+22.77500E-03,+1.71317121E+00,-34.70477E-03
+22.80000E-03,+1.67936445E+00,-34.44103E-03
+22.82500E-03,+1.64265576E+00,-31.76478E-03
+22.85000E-03,+1.60510551E+00,-32.58162E-03
+22.87500E-03,+1.56460285E+00,-33.00846E-03
+22.90000E-03,+1.52264316E+00,-33.27265E-03
+22.92500E-03,+1.47820808E+00,-35.74727E-03
+22.95000E-03,+1.43109742E+00,-34.08890E-03
+22.97500E-03,+1.38158781E+00,-34.55446E-03
+23.00000E-03,+1.33061996E+00,-33.63701E-03
+23.02500E-03,+1.27192701E+00,-33.98862E-03
+23.05000E-03,+1.21280577E+00,-34.52901E-03
+23.07500E-03,+1.16185159E+00,-33.07124E-03
+23.10000E-03,+1.10887473E+00,-33.64965E-03
+23.12500E-03,+1.06108519E+00,-32.82013E-03
+23.15000E-03,+1.01471655E+00,-34.49113E-03
+23.17500E-03,+972.10337E-03,-32.92082E-03
+23.20000E-03,+932.11563E-03,-31.70215E-03
+23.22500E-03,+896.73908E-03,-32.97084E-03
+23.25000E-03,+862.53043E-03,-33.95112E-03
+23.27500E-03,+827.20413E-03,-35.00624E-03
+23.30000E-03,+795.74681E-03,-30.75960E-03
+23.32500E-03,+766.48775E-03,-32.79564E-03
+23.35000E-03,+731.28701E-03,-33.20995E-03
+23.37500E-03,+699.40255E-03,-32.44317E-03
+23.40000E-03,+668.77370E-03,-34.70477E-03
+23.42500E-03,+627.05263E-03,-33.56126E-03
+23.45000E-03,+589.47752E-03,-34.79305E-03
+23.47500E-03,+556.67604E-03,-33.74985E-03
+23.50000E-03,+513.84922E-03,-33.88797E-03
+23.52500E-03,+471.37446E-03,-34.88062E-03
+23.55000E-03,+437.71853E-03,-33.73702E-03
+23.57500E-03,+398.37184E-03,-33.14668E-03
+23.60000E-03,+355.62017E-03,-32.80783E-03
+23.62500E-03,+317.05289E-03,-33.95146E-03
+23.65000E-03,+279.15062E-03,-35.01884E-03
+23.67500E-03,+242.60592E-03,-33.34765E-03
+23.70000E-03,+206.96472E-03,-34.31506E-03
+23.72500E-03,+171.98959E-03,-32.90859E-03
+23.75000E-03,+137.40480E-03,-32.50628E-03
+23.77500E-03,+105.57052E-03,-32.35564E-03
+23.80000E-03,+70.48250E-03,-34.80524E-03
+23.82500E-03,+41.28667E-03,-33.48641E-03
+23.85000E-03,+6.90206E-03,-33.00917E-03
+23.87500E-03,-22.83408E-03,-32.88339E-03
+23.90000E-03,-56.77885E-03,-32.43068E-03
+23.92500E-03,-89.81863E-03,-31.16183E-03
+23.95000E-03,-125.25871E-03,-32.63172E-03
+23.97500E-03,-162.92195E-03,-31.28776E-03
+24.00000E-03,-198.58770E-03,-31.62700E-03
+24.02500E-03,-236.16323E-03,-31.71490E-03
+24.05000E-03,-269.56791E-03,-32.48112E-03
+24.07500E-03,-307.53250E-03,-30.91084E-03
+24.10000E-03,-343.46230E-03,-32.19221E-03
+24.12500E-03,-375.97498E-03,-34.39108E-03
+24.15000E-03,-416.87950E-03,-35.00662E-03
+24.17500E-03,-451.43923E-03,-38.73755E-03
+24.20000E-03,-487.00570E-03,-47.29305E-03
+24.22500E-03,-538.32426E-03,-64.37863E-03
+24.25000E-03,-580.87425E-03,-89.66765E-03
+24.27500E-03,-616.74108E-03,-110.15764E-03
+24.30000E-03,-659.05260E-03,-140.72320E-03
+24.32500E-03,-701.61591E-03,-174.46703E-03
+24.35000E-03,-739.50521E-03,-201.87844E-03
+24.37500E-03,-780.62258E-03,-230.37167E-03
+24.40000E-03,-811.97963E-03,-258.80132E-03
+24.42500E-03,-841.69095E-03,-283.57526E-03
+24.45000E-03,-875.05687E-03,-310.40894E-03
+24.47500E-03,-902.77093E-03,-335.63560E-03
+24.50000E-03,-928.04750E-03,-359.07697E-03
+24.52500E-03,-956.43920E-03,-382.02973E-03
+24.55000E-03,-982.48187E-03,-407.01682E-03
+24.57500E-03,-1.01145168E+00,-430.15783E-03
+24.60000E-03,-1.03916533E+00,-453.07229E-03
+24.62500E-03,-1.06893901E+00,-478.61242E-03
+24.65000E-03,-1.10005717E+00,-505.00651E-03
+24.67500E-03,-1.12932849E+00,-534.14002E-03
+24.70000E-03,-1.15748214E+00,-556.79100E-03
+24.72500E-03,-1.18666587E+00,-584.01477E-03
+24.75000E-03,-1.21925369E+00,-615.17044E-03
+24.77500E-03,-1.25451736E+00,-647.34415E-03
+24.80000E-03,-1.28823618E+00,-681.31415E-03
+24.82500E-03,-1.32588666E+00,-717.70878E-03
+24.85000E-03,-1.36245740E+00,-755.63591E-03
+24.87500E-03,-1.40103769E+00,-791.30159E-03
+24.90000E-03,-1.44141480E+00,-831.11311E-03
+24.92500E-03,-1.48235682E+00,-866.79142E-03
+24.95000E-03,-1.52249528E+00,-902.16900E-03
+24.97500E-03,-1.56466861E+00,-943.34921E-03
