Segundos(s),Canal 1(V),Canal 2(V)
-25.00000E-03,+2.30920228E+00,+1.61667712E+00
-24.97500E-03,+2.12684518E+00,+1.61569565E+00
-24.95000E-03,+1.96215454E+00,+1.63654207E+00
-24.92500E-03,+1.76546798E+00,+1.60701946E+00
-24.90000E-03,+1.59076634E+00,+1.61259420E+00
-24.87500E-03,+1.41763506E+00,+1.64282347E+00
-24.85000E-03,+1.23861496E+00,+1.59053076E+00
-24.82500E-03,+1.06921326E+00,+1.67081499E+00
-24.80000E-03,+883.32287E-03,+1.60788315E+00
-24.77500E-03,+711.76194E-03,+1.62017115E+00
-24.75000E-03,+531.56407E-03,+1.62923993E+00
-24.72500E-03,+356.07726E-03,+1.63312655E+00
-24.70000E-03,+175.09422E-03,+1.63128139E+00
-24.67500E-03,-0.0E+00,+1.63567837E+00
-24.65000E-03,-171.16834E-03,+1.60819722E+00
-24.62500E-03,-349.20698E-03,+1.68620444E+00
-24.60000E-03,-539.41583E-03,+1.56328516E+00
-24.57500E-03,-704.10648E-03,+1.67372015E+00
-24.55000E-03,-894.70792E-03,+1.61856154E+00
-24.52500E-03,-1.08275755E+00,+1.63846575E+00
-24.50000E-03,-1.25549624E+00,+1.64494345E+00
-24.47500E-03,-1.45002357E+00,+1.63418654E+00
-24.45000E-03,-1.64298054E+00,+1.62649182E+00
-24.42500E-03,-1.81238224E+00,+1.66260991E+00
-24.40000E-03,-2.01240579E+00,+1.59814697E+00
-24.37500E-03,-2.18985554E+00,+1.66590765E+00
-24.35000E-03,-2.36848306E+00,+1.61173051E+00
-24.32500E-03,-2.54495134E+00,+1.64824119E+00
-24.30000E-03,-2.73476761E+00,+1.62201631E+00
-24.27500E-03,-2.91594694E+00,+1.63528579E+00
-24.25000E-03,-3.11440015E+00,+1.63402951E+00
-24.22500E-03,-3.30755342E+00,+1.60980683E+00
-24.20000E-03,-3.49795857E+00,+1.66001883E+00
-24.17500E-03,-3.67737126E+00,+1.63799464E+00
-24.15000E-03,-3.86816900E+00,+1.59681217E+00
-24.12500E-03,-4.04071140E+00,+1.65381594E+00
-24.10000E-03,-4.23209802E+00,+1.62201631E+00
-24.07500E-03,-4.41798841E+00,+1.61416456E+00
-24.05000E-03,-4.59759740E+00,+1.65420852E+00
-24.02500E-03,-4.79663948E+00,+1.60054175E+00
-24.00000E-03,-4.98822240E+00,+1.67478013E+00
-23.97500E-03,-5.18294602E+00,+1.58228642E+00
-23.95000E-03,-5.36981788E+00,+1.64612121E+00
-23.92500E-03,-5.55688604E+00,+1.60988535E+00
-23.90000E-03,-5.74042090E+00,+1.64038943E+00
-23.87500E-03,-5.93691116E+00,+1.60301506E+00
-23.85000E-03,-6.11259427E+00,+1.65766330E+00
-23.82500E-03,-6.29907354E+00,+1.58232567E+00
-23.80000E-03,-6.47848623E+00,+1.65593591E+00
-23.77500E-03,-6.66849880E+00,+1.60572391E+00
-23.75000E-03,-6.84045231E+00,+1.63481468E+00
-23.72500E-03,-7.02614641E+00,+1.61659860E+00
-23.70000E-03,-7.21184051E+00,+1.61997486E+00
-23.67500E-03,-7.39812349E+00,+1.61463566E+00
-23.65000E-03,-7.57576953E+00,+1.65522925E+00
-23.62500E-03,-7.77225980E+00,+1.56253924E+00
-23.60000E-03,-7.95304654E+00,+1.68263189E+00
-23.57500E-03,-8.14678869E+00,+1.57647611E+00
-23.55000E-03,-8.33032356E+00,+1.63826945E+00
-23.52500E-03,-8.51287695E+00,+1.61074904E+00
-23.50000E-03,-8.70053399E+00,+1.62013189E+00
-23.47500E-03,-8.88014297E+00,+1.61279050E+00
-23.45000E-03,-9.05661125E+00,+1.61251569E+00
-23.42500E-03,-9.24053870E+00,+1.63033918E+00
-23.40000E-03,-9.43074756E+00,+1.62013189E+00
-23.37500E-03,-9.62566747E+00,+1.57313912E+00
-23.35000E-03,-9.80174317E+00,+1.63167398E+00
-23.32500E-03,-9.98861503E+00,+1.58715451E+00
-23.30000E-03,-10.16567219E+00,+1.61070978E+00
-23.27500E-03,-10.34449600E+00,+1.60961054E+00
-23.25000E-03,-10.52763827E+00,+1.57325689E+00
-23.22500E-03,-10.70018067E+00,+1.62617775E+00
-23.20000E-03,-10.88175260E+00,+1.58024496E+00
-23.17500E-03,-11.09119827E+00,+1.59787216E+00
-23.15000E-03,-11.27355536E+00,+1.59516330E+00
-23.12500E-03,-11.46454940E+00,+1.58409232E+00
-23.10000E-03,-11.65358049E+00,+1.57883164E+00
-23.07500E-03,-11.82553401E+00,+1.58951003E+00
-23.05000E-03,-12.01672434E+00,+1.56823177E+00
-23.02500E-03,-12.18848157E+00,+1.58483824E+00
-23.00000E-03,-12.37044608E+00,+1.52873742E+00
-22.97500E-03,-12.54455883E+00,+1.61298679E+00
-22.95000E-03,-12.73908615E+00,+1.52017900E+00
-22.92500E-03,-12.90907673E+00,+1.56815325E+00
-22.90000E-03,-13.08966719E+00,+1.54271355E+00
-22.87500E-03,-13.27241688E+00,+1.55233196E+00
-22.85000E-03,-13.45595174E+00,+1.50910802E+00
-22.82500E-03,-13.62005350E+00,+1.57101914E+00
-22.80000E-03,-13.79318478E+00,+1.47157662E+00
-22.77500E-03,-13.95100513E+00,+1.53384106E+00
-22.75000E-03,-14.11903277E+00,+1.48547423E+00
-22.72500E-03,-14.28588265E+00,+1.48759421E+00
-22.70000E-03,-14.44880665E+00,+1.47204772E+00
-22.67500E-03,-14.61703058E+00,+1.44503767E+00
-22.65000E-03,-14.78525451E+00,+1.43985551E+00
-22.62500E-03,-14.95347845E+00,+1.44209326E+00
-22.60000E-03,-15.12641343E+00,+1.35065953E+00
-22.57500E-03,-15.28285973E+00,+1.37464666E+00
-22.55000E-03,-15.43459497E+00,+1.32160803E+00
-22.52500E-03,-15.58652650E+00,+1.28886619E+00
-22.50000E-03,-15.73021369E+00,+1.25549622E+00
-22.47500E-03,-15.87704158E+00,+1.17650753E+00
-22.45000E-03,-16.00738078E+00,+1.16056845E+00
-22.42500E-03,-16.13084969E+00,+1.03317367E+00
-22.40000E-03,-16.25078530E+00,+981.62687E-03
-22.37500E-03,-16.34853970E+00,+893.84421E-03
-22.35000E-03,-16.45021998E+00,+727.07286E-03
-22.32500E-03,-16.52579316E+00,+688.08887E-03
-22.30000E-03,-16.58605541E+00,+536.27512E-03
-22.27500E-03,-16.64356954E+00,+391.60647E-03
-22.25000E-03,-16.68577274E+00,+276.85301E-03
-22.22500E-03,-16.70756137E+00,+110.67054E-03
-22.20000E-03,-16.71560943E+00,+139.60427E-03
-22.17500E-03,-16.73209812E+00,-116.87343E-03
-22.15000E-03,-16.70932802E+00,-125.31407E-03
-22.12500E-03,-16.68596904E+00,-250.31407E-03
-22.10000E-03,-16.65279536E+00,-345.79145E-03
-22.07500E-03,-16.60352557E+00,-431.33636E-03
-22.05000E-03,-16.55150767E+00,-525.28266E-03
-22.02500E-03,-16.49968606E+00,-634.34359E-03
-22.00000E-03,-16.40939083E+00,-643.68718E-03
-21.97500E-03,-16.33205101E+00,-788.74842E-03
-21.95000E-03,-16.24293354E+00,-798.52386E-03
-21.92500E-03,-16.14576803E+00,-911.51067E-03
-21.90000E-03,-16.04428405E+00,-953.51758E-03
-21.87500E-03,-15.93769642E+00,-1.01374057E+00
-21.85000E-03,-15.80441281E+00,-1.05221418E+00
-21.82500E-03,-15.68310314E+00,-1.14301977E+00
-21.80000E-03,-15.54883806E+00,-1.12861180E+00
-21.77500E-03,-15.41025452E+00,-1.19597989E+00
-21.75000E-03,-15.27206356E+00,-1.23249056E+00
-21.72500E-03,-15.13328372E+00,-1.27076789E+00
-21.70000E-03,-14.97801519E+00,-1.29522612E+00
-21.67500E-03,-14.82510219E+00,-1.30755338E+00
-21.65000E-03,-14.67336695E+00,-1.37947549E+00
-21.62500E-03,-14.50808743E+00,-1.33146198E+00
-21.60000E-03,-14.35694107E+00,-1.42320978E+00
-21.57500E-03,-14.19107266E+00,-1.41021512E+00
-21.55000E-03,-14.03580413E+00,-1.42211054E+00
-21.52500E-03,-13.87739489E+00,-1.44845319E+00
-21.50000E-03,-13.71859307E+00,-1.45838566E+00
-21.47500E-03,-13.56136160E+00,-1.47271512E+00
-21.45000E-03,-13.39078214E+00,-1.51923679E+00
-21.42500E-03,-13.20606951E+00,-1.43852071E+00
-21.40000E-03,-13.03627523E+00,-1.55637561E+00
-21.37500E-03,-12.86412541E+00,-1.52791299E+00
-21.35000E-03,-12.68216090E+00,-1.51264132E+00
-21.32500E-03,-12.50687039E+00,-1.54263503E+00
-21.30000E-03,-12.32961693E+00,-1.54915199E+00
-21.27500E-03,-12.14804501E+00,-1.54636462E+00
-21.25000E-03,-11.98453213E+00,-1.57993089E+00
-21.22500E-03,-11.79098627E+00,-1.55048679E+00
-21.20000E-03,-11.61353652E+00,-1.60599873E+00
-21.17500E-03,-11.42587949E+00,-1.51389760E+00
-21.15000E-03,-11.24489644E+00,-1.63143842E+00
-21.12500E-03,-11.03957295E+00,-1.56242147E+00
-21.10000E-03,-10.85662697E+00,-1.59704772E+00
-21.07500E-03,-10.67211064E+00,-1.59351443E+00
-21.05000E-03,-10.49112759E+00,-1.58519157E+00
-21.02500E-03,-10.32251107E+00,-1.63559986E+00
-21.00000E-03,-10.13583551E+00,-1.56579772E+00
-20.97500E-03,-9.94857106E+00,-1.59575218E+00
-20.95000E-03,-9.77818789E+00,-1.63347988E+00
-20.92500E-03,-9.58856791E+00,-1.60140545E+00
-20.90000E-03,-9.40091088E+00,-1.61228013E+00
-20.87500E-03,-9.21364643E+00,-1.61765859E+00
-20.85000E-03,-9.02441904E+00,-1.60858981E+00
-20.82500E-03,-8.83872494E+00,-1.62060300E+00
-20.80000E-03,-8.67226766E+00,-1.61918968E+00
-20.77500E-03,-8.47675886E+00,-1.64038943E+00
-20.75000E-03,-8.29263512E+00,-1.60309358E+00
-20.72500E-03,-8.10929655E+00,-1.63430432E+00
-20.70000E-03,-7.91300257E+00,-1.61620601E+00
-20.67500E-03,-7.73044918E+00,-1.64498271E+00
-20.65000E-03,-7.54514767E+00,-1.60505652E+00
-20.62500E-03,-7.35376105E+00,-1.62692366E+00
-20.60000E-03,-7.17258171E+00,-1.66284546E+00
-20.57500E-03,-6.98296174E+00,-1.62806217E+00
-20.55000E-03,-6.79569729E+00,-1.62609923E+00
-20.52500E-03,-6.61314390E+00,-1.63952574E+00
-20.50000E-03,-6.43216085E+00,-1.63222360E+00
-20.47500E-03,-6.24941117E+00,-1.64003610E+00
-20.45000E-03,-6.06195042E+00,-1.61989634E+00
-20.42500E-03,-5.88410809E+00,-1.65848773E+00
-20.40000E-03,-5.68702894E+00,-1.59280777E+00
-20.37500E-03,-5.50035337E+00,-1.67293497E+00
-20.35000E-03,-5.30975193E+00,-1.62476443E+00
-20.32500E-03,-5.11934677E+00,-1.62727699E+00
-20.30000E-03,-4.93090456E+00,-1.63819094E+00
-20.27500E-03,-4.73951794E+00,-1.63194879E+00
-20.25000E-03,-4.54263509E+00,-1.65373742E+00
-20.22500E-03,-4.36282981E+00,-1.66162844E+00
-20.20000E-03,-4.15593596E+00,-1.58464194E+00
-20.17500E-03,-3.98516021E+00,-1.67081499E+00
-20.15000E-03,-3.79475505E+00,-1.61604898E+00
-20.12500E-03,-3.61200537E+00,-1.63862278E+00
-20.10000E-03,-3.42964827E+00,-1.64384420E+00
-20.07500E-03,-3.23080248E+00,-1.63622800E+00
-20.05000E-03,-3.03548997E+00,-1.62711996E+00
-20.02500E-03,-2.84645888E+00,-1.63450061E+00
-20.00000E-03,-2.65939072E+00,-1.66975501E+00
-19.97500E-03,-2.47055592E+00,-1.61632379E+00
-19.95000E-03,-2.29075065E+00,-1.62892586E+00
-19.92500E-03,-2.10898243E+00,-1.65271669E+00
-19.90000E-03,-1.93231785E+00,-1.62939697E+00
-19.87500E-03,-1.74642746E+00,-1.63579615E+00
-19.85000E-03,-1.55975190E+00,-1.64086054E+00
-19.82500E-03,-1.36385051E+00,-1.60800092E+00
-19.80000E-03,-1.19739323E+00,-1.68577260E+00
-19.77500E-03,-997.17337E-03,-1.61864006E+00
-19.75000E-03,-822.07915E-03,-1.64722046E+00
-19.72500E-03,-645.80717E-03,-1.63960425E+00
-19.70000E-03,-454.61684E-03,-1.64431531E+00
-19.67500E-03,-273.63380E-03,-1.62229113E+00
-19.65000E-03,-98.53957E-03,-1.67580086E+00
-19.62500E-03,+75.57318E-03,-1.62511776E+00
-19.60000E-03,+261.46357E-03,-1.61385049E+00
-19.57500E-03,+424.19127E-03,-1.68349558E+00
-19.55000E-03,+612.82978E-03,-1.62751255E+00
-19.52500E-03,+796.16835E-03,-1.63548208E+00
-19.50000E-03,+971.26257E-03,-1.64321606E+00
-19.47500E-03,+1.15185302E+00,-1.63905463E+00
-19.45000E-03,+1.32576948E+00,-1.64761305E+00
-19.42500E-03,+1.51067840E+00,-1.61467492E+00
-19.40000E-03,+1.68891333E+00,-1.67854898E+00
-19.37500E-03,+1.87814072E+00,-1.59308258E+00
-19.35000E-03,+2.04656095E+00,-1.65389445E+00
-19.32500E-03,+2.23971421E+00,-1.62201631E+00
-19.30000E-03,+2.43090454E+00,-1.62123114E+00
-19.27500E-03,+2.61463570E+00,-1.64101757E+00
-19.25000E-03,+2.80425568E+00,-1.62288001E+00
-19.22500E-03,+2.99642747E+00,-1.61404678E+00
-19.20000E-03,+3.18231786E+00,-1.62390074E+00
-19.17500E-03,+3.36349720E+00,-1.63736650E+00
-19.15000E-03,+3.56116523E+00,-1.61000312E+00
-19.12500E-03,+3.73056693E+00,-1.62590293E+00
-19.10000E-03,+3.92195355E+00,-1.62248742E+00
-19.07500E-03,+4.11628458E+00,-1.60741204E+00
-19.05000E-03,+4.30433420E+00,-1.63732724E+00
-19.02500E-03,+4.49729118E+00,-1.61840451E+00
-19.00000E-03,+4.69456662E+00,-1.59186556E+00
-18.97500E-03,+4.86750161E+00,-1.63375469E+00
-18.95000E-03,+5.05378459E+00,-1.62225187E+00
-18.92500E-03,+5.25164891E+00,-1.59920696E+00
-18.90000E-03,+5.42870607E+00,-1.61918968E+00
-18.87500E-03,+5.61498905E+00,-1.61797266E+00
-18.85000E-03,+5.80951638E+00,-1.58566267E+00
-18.82500E-03,+5.97185149E+00,-1.65016487E+00
-18.80000E-03,+6.17383799E+00,-1.56077260E+00
-18.77500E-03,+6.35953208E+00,-1.60894314E+00
-18.75000E-03,+6.55190018E+00,-1.60175878E+00
-18.72500E-03,+6.74721268E+00,-1.61188755E+00
-18.70000E-03,+6.92760684E+00,-1.59500626E+00
-18.67500E-03,+7.10171959E+00,-1.61341864E+00
-18.65000E-03,+7.28329151E+00,-1.56477699E+00
-18.62500E-03,+7.44994510E+00,-1.62586368E+00
-18.60000E-03,+7.63112443E+00,-1.59406405E+00
-18.57500E-03,+7.81878147E+00,-1.59638032E+00
-18.55000E-03,+8.00408298E+00,-1.59037373E+00
-18.52500E-03,+8.18133643E+00,-1.61051349E+00
-18.50000E-03,+8.37154529E+00,-1.58903893E+00
-18.47500E-03,+8.54173216E+00,-1.59991361E+00
-18.45000E-03,+8.72291150E+00,-1.60466393E+00
-18.42500E-03,+8.90095013E+00,-1.56414885E+00
-18.40000E-03,+9.07113701E+00,-1.58746858E+00
-18.37500E-03,+9.24642752E+00,-1.61129866E+00
-18.35000E-03,+9.42996239E+00,-1.57019471E+00
-18.32500E-03,+9.59700855E+00,-1.58617304E+00
-18.30000E-03,+9.77386942E+00,-1.58762561E+00
-18.27500E-03,+9.95387099E+00,-1.55676820E+00
-18.25000E-03,+10.11895422E+00,-1.62782662E+00
-18.22500E-03,+10.31034085E+00,-1.55437341E+00
-18.20000E-03,+10.49858677E+00,-1.54632536E+00
-18.17500E-03,+10.66288482E+00,-1.59272925E+00
-18.15000E-03,+10.85898250E+00,-1.57655463E+00
-18.12500E-03,+11.05292094E+00,-1.55606154E+00
-18.10000E-03,+11.23351139E+00,-1.58197234E+00
-18.07500E-03,+11.41527961E+00,-1.55790670E+00
-18.05000E-03,+11.59272936E+00,-1.56870287E+00
-18.02500E-03,+11.76821617E+00,-1.55590451E+00
-18.00000E-03,+11.95430286E+00,-1.59877511E+00
-17.97500E-03,+12.14117472E+00,-1.51295539E+00
-17.95000E-03,+12.30684683E+00,-1.58197234E+00
-17.92500E-03,+12.48822246E+00,-1.54652165E+00
-17.90000E-03,+12.66802774E+00,-1.54287059E+00
-17.87500E-03,+12.84057014E+00,-1.55598302E+00
-17.85000E-03,+13.02803088E+00,-1.53148554E+00
-17.82500E-03,+13.20037699E+00,-1.53957285E+00
-17.80000E-03,+13.35976769E+00,-1.58778265E+00
-17.77500E-03,+13.56195048E+00,-1.47530620E+00
-17.75000E-03,+13.71113390E+00,-1.54946606E+00
-17.72500E-03,+13.88053560E+00,-1.51982567E+00
-17.70000E-03,+14.06721117E+00,-1.50895099E+00
-17.67500E-03,+14.23857580E+00,-1.51876569E+00
-17.65000E-03,+14.41425891E+00,-1.50950061E+00
-17.62500E-03,+14.60270112E+00,-1.45151537E+00
-17.60000E-03,+14.76052147E+00,-1.50518214E+00
-17.57500E-03,+14.92776394E+00,-1.50463252E+00
-17.55000E-03,+15.10756921E+00,-1.43993403E+00
-17.52500E-03,+15.27736350E+00,-1.43153265E+00
-17.50000E-03,+15.43655791E+00,-1.39557159E+00
-17.47500E-03,+15.59339679E+00,-1.33519157E+00
-17.45000E-03,+15.72825075E+00,-1.23979270E+00
-17.42500E-03,+15.86624541E+00,-1.13752354E+00
-17.40000E-03,+15.99324761E+00,-933.57411E-03
-17.37500E-03,+16.07569108E+00,-923.60238E-03
-17.35000E-03,+16.16598631E+00,-718.43592E-03
-17.32500E-03,+16.24254096E+00,-515.15389E-03
-17.30000E-03,+16.28533304E+00,-366.99120E-03
-17.27500E-03,+16.32105854E+00,-220.43813E-03
-17.25000E-03,+16.33990277E+00,-58.96671E-03
-17.22500E-03,+16.32576960E+00,-22.92714E-03
-17.20000E-03,+16.34186571E+00,+293.49874E-03
-17.17500E-03,+16.29455886E+00,+339.82412E-03
-17.15000E-03,+16.23586696E+00,+490.89195E-03
-17.12500E-03,+16.17776395E+00,+622.36965E-03
-17.10000E-03,+16.10238706E+00,+742.14823E-03
-17.07500E-03,+16.02033618E+00,+853.01507E-03
-17.05000E-03,+15.92415213E+00,+952.10426E-03
-17.02500E-03,+15.80716093E+00,+997.17336E-03
-17.00000E-03,+15.69488078E+00,+1.07176506E+00
-16.97500E-03,+15.57612292E+00,+1.15452260E+00
-16.95000E-03,+15.43538015E+00,+1.20972046E+00
-16.92500E-03,+15.29188925E+00,+1.23017430E+00
-16.90000E-03,+15.14682801E+00,+1.29569722E+00
-16.87500E-03,+14.98861507E+00,+1.31811399E+00
-16.85000E-03,+14.84689082E+00,+1.35018843E+00
-16.82500E-03,+14.68730382E+00,+1.42069722E+00
-16.80000E-03,+14.50612449E+00,+1.34249370E+00
-16.77500E-03,+14.35694107E+00,+1.43121858E+00
-16.75000E-03,+14.18616531E+00,+1.45508792E+00
-16.72500E-03,+14.01597844E+00,+1.45116204E+00
-16.70000E-03,+13.84893227E+00,+1.48068466E+00
-16.67500E-03,+13.67933428E+00,+1.49685928E+00
-16.65000E-03,+13.50188453E+00,+1.46081971E+00
-16.62500E-03,+13.35230852E+00,+1.56513032E+00
-16.60000E-03,+13.17603654E+00,+1.47408918E+00
-16.57500E-03,+12.99623126E+00,+1.53796324E+00
-16.55000E-03,+12.82859621E+00,+1.51209169E+00
-16.52500E-03,+12.65193163E+00,+1.54640388E+00
-16.50000E-03,+12.47251894E+00,+1.53439069E+00
-16.47500E-03,+12.30233207E+00,+1.55119345E+00
-16.45000E-03,+12.12193791E+00,+1.53855212E+00
-16.42500E-03,+11.94252522E+00,+1.55798522E+00
-16.40000E-03,+11.76114959E+00,+1.52622486E+00
-16.37500E-03,+11.59645895E+00,+1.61758007E+00
-16.35000E-03,+11.39996868E+00,+1.52025752E+00
-16.32500E-03,+11.23174475E+00,+1.58366047E+00
-16.30000E-03,+11.04428401E+00,+1.56846732E+00
-16.27500E-03,+10.84936409E+00,+1.56925250E+00
-16.25000E-03,+10.66582923E+00,+1.56878139E+00
-16.22500E-03,+10.48013513E+00,+1.60097360E+00
-16.20000E-03,+10.29287068E+00,+1.55637561E+00
-16.17500E-03,+10.12288010E+00,+1.59166927E+00
-16.15000E-03,+9.94268224E+00,+1.57765388E+00
-16.12500E-03,+9.75875479E+00,+1.58350344E+00
-16.10000E-03,+9.59877520E+00,+1.58951003E+00
-16.07500E-03,+9.42211063E+00,+1.58071606E+00
-16.05000E-03,+9.23955723E+00,+1.59422109E+00
-16.02500E-03,+9.06819260E+00,+1.57914571E+00
-16.00000E-03,+8.88269479E+00,+1.59374998E+00
-15.97500E-03,+8.71211533E+00,+1.59406405E+00
-15.95000E-03,+8.53878776E+00,+1.59123742E+00
-15.92500E-03,+8.36251577E+00,+1.59673365E+00
-15.90000E-03,+8.17211062E+00,+1.59374998E+00
-15.87500E-03,+7.99367940E+00,+1.57624056E+00
-15.85000E-03,+7.82192217E+00,+1.65122486E+00
-15.82500E-03,+7.62072085E+00,+1.52233824E+00
-15.80000E-03,+7.45210433E+00,+1.65342335E+00
-15.77500E-03,+7.26915835E+00,+1.58962781E+00
-15.75000E-03,+7.09563448E+00,+1.60160174E+00
-15.72500E-03,+6.92446613E+00,+1.60022768E+00
-15.70000E-03,+6.74309051E+00,+1.60615576E+00
-15.67500E-03,+6.54463730E+00,+1.59594848E+00
-15.65000E-03,+6.36149502E+00,+1.60560614E+00
-15.62500E-03,+6.15813447E+00,+1.59747957E+00
-15.60000E-03,+5.98539578E+00,+1.64996858E+00
-15.57500E-03,+5.80048685E+00,+1.56320664E+00
-15.55000E-03,+5.62107416E+00,+1.63512875E+00
-15.52500E-03,+5.43008013E+00,+1.59374998E+00
-15.50000E-03,+5.24418974E+00,+1.61259420E+00
-15.47500E-03,+5.06183264E+00,+1.62225187E+00
-15.45000E-03,+4.87358672E+00,+1.59304332E+00
-15.42500E-03,+4.68907039E+00,+1.61577417E+00
-15.40000E-03,+4.50769476E+00,+1.64054646E+00
-15.37500E-03,+4.30080091E+00,+1.55354898E+00
-15.35000E-03,+4.13159551E+00,+1.66551506E+00
-15.32500E-03,+3.93039419E+00,+1.59532033E+00
-15.30000E-03,+3.73900757E+00,+1.61165199E+00
-15.27500E-03,+3.56312817E+00,+1.61679489E+00
-15.25000E-03,+3.37704148E+00,+1.60340765E+00
-15.22500E-03,+3.19625474E+00,+1.64423679E+00
-15.20000E-03,+3.00643847E+00,+1.58778265E+00
-15.17500E-03,+2.81583702E+00,+1.62087781E+00
-15.15000E-03,+2.63151698E+00,+1.61644157E+00
-15.12500E-03,+2.44444883E+00,+1.61487121E+00
-15.10000E-03,+2.25581032E+00,+1.61809043E+00
-15.07500E-03,+2.07129399E+00,+1.63183101E+00
-15.05000E-03,+1.89305906E+00,+1.58636933E+00
-15.02500E-03,+1.72012407E+00,+1.64239163E+00
-15.00000E-03,+1.54444097E+00,+1.63143842E+00
-14.97500E-03,+1.35344693E+00,+1.61506751E+00
-14.95000E-03,+1.18011936E+00,+1.61118089E+00
-14.92500E-03,+1.00502513E+00,+1.63088880E+00
-14.90000E-03,+830.71609E-03,+1.61777636E+00
-14.87500E-03,+657.58480E-03,+1.64643528E+00
-14.85000E-03,+470.32036E-03,+1.60105212E+00
-14.82500E-03,+301.31125E-03,+1.66873428E+00
-14.80000E-03,+112.28015E-03,+1.57145099E+00
-14.77500E-03,-44.95132E-03,+1.66582913E+00
-14.75000E-03,-231.23430E-03,+1.61322234E+00
-14.72500E-03,-405.34705E-03,+1.64003610E+00
-14.70000E-03,-590.45227E-03,+1.63944722E+00
-14.67500E-03,-773.98713E-03,+1.61593120E+00
-14.65000E-03,-950.84800E-03,+1.65970476E+00
-14.62500E-03,-1.14086056E+00,+1.64227385E+00
-14.60000E-03,-1.33558418E+00,+1.58118717E+00
-14.57500E-03,-1.50400441E+00,+1.67332756E+00
-14.55000E-03,-1.69676509E+00,+1.62484295E+00
-14.52500E-03,-1.89247018E+00,+1.63544282E+00
-14.50000E-03,-2.06422740E+00,+1.63787687E+00
-14.47500E-03,-2.25051038E+00,+1.61950375E+00
-14.45000E-03,-2.43168972E+00,+1.63159546E+00
-14.42500E-03,-2.60325065E+00,+1.63120287E+00
-14.40000E-03,-2.80229274E+00,+1.64054646E+00
-14.37500E-03,-2.99053865E+00,+1.61852228E+00
-14.35000E-03,-3.17446611E+00,+1.62044596E+00
-14.32500E-03,-3.36526385E+00,+1.64561085E+00
-14.30000E-03,-3.56077264E+00,+1.61714822E+00
-14.27500E-03,-3.74038162E+00,+1.63897611E+00
-14.25000E-03,-3.92744978E+00,+1.62390074E+00
-14.22500E-03,-4.11922899E+00,+1.58334640E+00
-14.20000E-03,-4.27999375E+00,+1.69959169E+00
-14.17500E-03,-4.47648402E+00,+1.60077731E+00
-14.15000E-03,-4.67650757E+00,+1.62829772E+00
-14.12500E-03,-4.86102391E+00,+1.63336211E+00
-14.10000E-03,-5.05496235E+00,+1.62829772E+00
-14.07500E-03,-5.23947868E+00,+1.60964979E+00
-14.05000E-03,-5.41771361E+00,+1.65334483E+00
-14.02500E-03,-5.62284081E+00,+1.59449590E+00
-14.00000E-03,-5.80480532E+00,+1.64557159E+00
-13.97500E-03,-5.99010683E+00,+1.62499998E+00
-13.95000E-03,-6.17305281E+00,+1.64392272E+00
-13.92500E-03,-6.36169132E+00,+1.59763660E+00
-13.90000E-03,-6.53187819E+00,+1.63583541E+00
-13.87500E-03,-6.71835746E+00,+1.62244816E+00
-13.85000E-03,-6.90248121E+00,+1.63230212E+00
-13.82500E-03,-7.08856789E+00,+1.59005966E+00
-13.80000E-03,-7.26994352E+00,+1.66535802E+00
-13.77500E-03,-7.45897462E+00,+1.59005966E+00
-13.75000E-03,-7.64486501E+00,+1.62335111E+00
-13.72500E-03,-7.83114799E+00,+1.62150595E+00
-13.70000E-03,-8.02214202E+00,+1.61023868E+00
-13.67500E-03,-8.20685465E+00,+1.63226286E+00
-13.65000E-03,-8.39353022E+00,+1.59579144E+00
-13.62500E-03,-8.57726137E+00,+1.64298051E+00
-13.60000E-03,-8.76491841E+00,+1.58652636E+00
-13.57500E-03,-8.93314234E+00,+1.60246544E+00
-13.55000E-03,-9.11746238E+00,+1.63371543E+00
-13.52500E-03,-9.30531571E+00,+1.60018843E+00
-13.50000E-03,-9.49670234E+00,+1.61730526E+00
-13.47500E-03,-9.67670391E+00,+1.60705871E+00
-13.45000E-03,-9.86769794E+00,+1.59320036E+00
-13.42500E-03,-10.03160341E+00,+1.66606468E+00
-13.40000E-03,-10.23947872E+00,+1.52528265E+00
-13.37500E-03,-10.40240272E+00,+1.63351914E+00
-13.35000E-03,-10.57396365E+00,+1.59382850E+00
-13.32500E-03,-10.76535027E+00,+1.59198334E+00
-13.30000E-03,-10.94613702E+00,+1.59689069E+00
-13.27500E-03,-11.14046805E+00,+1.59959954E+00
-13.25000E-03,-11.33990273E+00,+1.57129395E+00
-13.22500E-03,-11.52402647E+00,+1.58491675E+00
-13.20000E-03,-11.71246868E+00,+1.58275752E+00
-13.17500E-03,-11.89619984E+00,+1.59202260E+00
-13.15000E-03,-12.06933112E+00,+1.55127197E+00
-13.12500E-03,-12.24364017E+00,+1.59269000E+00
-13.10000E-03,-12.43090462E+00,+1.55307787E+00
-13.07500E-03,-12.60678402E+00,+1.57412059E+00
-13.05000E-03,-12.79090776E+00,+1.54263503E+00
-13.02500E-03,-12.97130192E+00,+1.56057630E+00
-13.00000E-03,-13.15248126E+00,+1.53062184E+00
-12.97500E-03,-13.32286443E+00,+1.57149025E+00
-12.95000E-03,-13.51641028E+00,+1.49097046E+00
-12.92500E-03,-13.67344546E+00,+1.53537216E+00
-12.90000E-03,-13.83951016E+00,+1.51931531E+00
-12.87500E-03,-14.00636003E+00,+1.48519942E+00
-12.85000E-03,-14.16457298E+00,+1.52661745E+00
-12.82500E-03,-14.34261161E+00,+1.44868874E+00
-12.80000E-03,-14.50455413E+00,+1.46435300E+00
-12.77500E-03,-14.67356324E+00,+1.44067995E+00
-12.75000E-03,-14.84296494E+00,+1.44519471E+00
-12.72500E-03,-15.01099258E+00,+1.39415828E+00
-12.70000E-03,-15.17430916E+00,+1.38913315E+00
-12.67500E-03,-15.33330728E+00,+1.32847831E+00
-12.65000E-03,-15.47620929E+00,+1.36165200E+00
-12.62500E-03,-15.63932958E+00,+1.23696607E+00
-12.60000E-03,-15.77653907E+00,+1.25266958E+00
-12.57500E-03,-15.91669296E+00,+1.17489791E+00
-12.55000E-03,-16.05174322E+00,+1.10262248E+00
-12.52500E-03,-16.16637890E+00,+1.03293812E+00
-12.50000E-03,-16.28219234E+00,+937.65703E-03
-12.47500E-03,-16.38897626E+00,+827.14352E-03
-12.45000E-03,-16.47259749E+00,+753.37625E-03
-12.42500E-03,-16.54875955E+00,+589.35301E-03
-12.40000E-03,-16.60725516E+00,+564.54145E-03
-12.37500E-03,-16.66555446E+00,+279.56187E-03
-12.35000E-03,-16.68812827E+00,+265.86055E-03
-12.32500E-03,-16.71560943E+00,+107.96168E-03
-12.30000E-03,-16.72660189E+00,+7.53769E-03
-12.27500E-03,-16.72032048E+00,-74.90578E-03
-12.25000E-03,-16.70815026E+00,-208.62123E-03
-12.22500E-03,-16.68008022E+00,-286.51068E-03
-12.20000E-03,-16.61667727E+00,-310.77261E-03
-12.17500E-03,-16.59410346E+00,-508.63693E-03
-12.15000E-03,-16.52677463E+00,-540.59359E-03
-12.12500E-03,-16.45866062E+00,-633.36212E-03
-12.10000E-03,-16.39054661E+00,-714.98115E-03
-12.07500E-03,-16.30790685E+00,-791.92838E-03
-12.05000E-03,-16.20838581E+00,-834.32788E-03
-12.02500E-03,-16.11553876E+00,-942.25030E-03
-12.00000E-03,-16.00738078E+00,-982.25501E-03
-11.97500E-03,-15.88253781E+00,-1.00981469E+00
-11.95000E-03,-15.76162073E+00,-1.07883165E+00
-11.92500E-03,-15.64502211E+00,-1.14152794E+00
-11.90000E-03,-15.49701645E+00,-1.16551506E+00
-11.87500E-03,-15.36687355E+00,-1.20571607E+00
-11.85000E-03,-15.22456042E+00,-1.25494659E+00
-11.82500E-03,-15.07164742E+00,-1.25753767E+00
-11.80000E-03,-14.93483052E+00,-1.33558416E+00
-11.77500E-03,-14.76974729E+00,-1.33558416E+00
-11.75000E-03,-14.60623441E+00,-1.35293654E+00
-11.72500E-03,-14.45548064E+00,-1.37708070E+00
-11.70000E-03,-14.29805288E+00,-1.41300250E+00
-11.67500E-03,-14.13669923E+00,-1.40185300E+00
-11.65000E-03,-13.98790840E+00,-1.46513818E+00
-11.62500E-03,-13.82184370E+00,-1.41842021E+00
-11.60000E-03,-13.66598629E+00,-1.50518214E+00
-11.57500E-03,-13.49717347E+00,-1.47004552E+00
-11.55000E-03,-13.33032360E+00,-1.50141330E+00
-11.52500E-03,-13.14561097E+00,-1.49293340E+00
-11.50000E-03,-12.97424633E+00,-1.50973616E+00
-11.47500E-03,-12.80013358E+00,-1.53411588E+00
-11.45000E-03,-12.61738389E+00,-1.53085740E+00
-11.42500E-03,-12.43895267E+00,-1.52351600E+00
-11.40000E-03,-12.26837321E+00,-1.58369973E+00
-11.37500E-03,-12.09092346E+00,-1.53812027E+00
-11.35000E-03,-11.90994042E+00,-1.56878139E+00
-11.32500E-03,-11.73543508E+00,-1.56760363E+00
-11.30000E-03,-11.55700386E+00,-1.57836054E+00
-11.27500E-03,-11.36286912E+00,-1.57431688E+00
-11.25000E-03,-11.17776391E+00,-1.59068780E+00
-11.22500E-03,-10.97754406E+00,-1.59378924E+00
-11.20000E-03,-10.78439079E+00,-1.57804647E+00
-11.17500E-03,-10.60497810E+00,-1.57949904E+00
-11.15000E-03,-10.43577269E+00,-1.62311556E+00
-11.12500E-03,-10.25204154E+00,-1.59214037E+00
-11.10000E-03,-10.07223626E+00,-1.60537059E+00
-11.07500E-03,-9.88929028E+00,-1.61098459E+00
-11.05000E-03,-9.70438136E+00,-1.59508478E+00
-11.02500E-03,-9.52163167E+00,-1.62185928E+00
-11.00000E-03,-9.33495610E+00,-1.59971732E+00
-10.97500E-03,-9.14671018E+00,-1.62547109E+00
-10.95000E-03,-8.95767909E+00,-1.61667712E+00
-10.92500E-03,-8.78219228E+00,-1.62570664E+00
-10.90000E-03,-8.59689077E+00,-1.61573491E+00
-10.87500E-03,-8.41217814E+00,-1.61565639E+00
-10.85000E-03,-8.23570986E+00,-1.63489320E+00
-10.82500E-03,-8.04530471E+00,-1.63552134E+00
-10.80000E-03,-7.84626262E+00,-1.60380023E+00
-10.77500E-03,-7.66449441E+00,-1.63269471E+00
-10.75000E-03,-7.48037066E+00,-1.64148868E+00
-10.72500E-03,-7.28231004E+00,-1.62390074E+00
-10.70000E-03,-7.10034553E+00,-1.63724873E+00
-10.67500E-03,-6.91229591E+00,-1.63304804E+00
-10.65000E-03,-6.72542405E+00,-1.60568466E+00
-10.62500E-03,-6.55798529E+00,-1.67006908E+00
-10.60000E-03,-6.37013196E+00,-1.62264445E+00
-10.57500E-03,-6.17776387E+00,-1.63846575E+00
-10.55000E-03,-6.00895105E+00,-1.62931845E+00
-10.52500E-03,-5.81304967E+00,-1.65032190E+00
-10.50000E-03,-5.61871864E+00,-1.62013189E+00
-10.47500E-03,-5.43459489E+00,-1.65369816E+00
-10.45000E-03,-5.24458233E+00,-1.64243089E+00
-10.42500E-03,-5.05280312E+00,-1.59897140E+00
-10.40000E-03,-4.87515707E+00,-1.67792084E+00
-10.37500E-03,-4.67532981E+00,-1.65330557E+00
-10.35000E-03,-4.46686561E+00,-1.60419282E+00
-10.32500E-03,-4.28745292E+00,-1.65401223E+00
-10.30000E-03,-4.10018847E+00,-1.63866204E+00
-10.27500E-03,-3.91312032E+00,-1.61840451E+00
-10.25000E-03,-3.74293345E+00,-1.68396669E+00
-10.22500E-03,-3.53388037E+00,-1.60022768E+00
-10.20000E-03,-3.34563445E+00,-1.61385049E+00
-10.17500E-03,-3.17289575E+00,-1.65672109E+00
-10.15000E-03,-2.96757226E+00,-1.63151694E+00
-10.12500E-03,-2.77579305E+00,-1.63300878E+00
-10.10000E-03,-2.59186560E+00,-1.64431531E+00
-10.07500E-03,-2.40106786E+00,-1.61926820E+00
-10.05000E-03,-2.22872175E+00,-1.63669910E+00
-10.02500E-03,-2.05303865E+00,-1.65911587E+00
-10.00000E-03,-1.86793343E+00,-1.65782033E+00
-9.97500E-03,-1.66751729E+00,-1.56874213E+00
-9.95000E-03,-1.50047112E+00,-1.68459483E+00
-9.92500E-03,-1.30299938E+00,-1.63399025E+00
-9.90000E-03,-1.12358669E+00,-1.63442209E+00
-9.87500E-03,-935.73336E-03,-1.64148868E+00
-9.85000E-03,-754.94661E-03,-1.62876883E+00
-9.82500E-03,-569.64510E-03,-1.63807316E+00
-9.80000E-03,-409.07664E-03,-1.69393842E+00
-9.77500E-03,-209.44567E-03,-1.60957128E+00
-9.75000E-03,-35.72550E-03,-1.64902636E+00
-9.72500E-03,+135.24655E-03,-1.63701317E+00
-9.70000E-03,+319.56659E-03,-1.63819094E+00
-9.67500E-03,+496.62375E-03,-1.64741675E+00
-9.65000E-03,+681.92526E-03,-1.65130337E+00
-9.62500E-03,+857.21577E-03,-1.61271198E+00
-9.60000E-03,+1.03878770E+00,-1.65624998E+00
-9.57500E-03,+1.21290045E+00,-1.64247015E+00
-9.55000E-03,+1.39996860E+00,-1.62743403E+00
-9.52500E-03,+1.57879241E+00,-1.63807316E+00
-9.50000E-03,+1.75879398E+00,-1.63081028E+00
-9.47500E-03,+1.94095479E+00,-1.64321606E+00
-9.45000E-03,+2.11408607E+00,-1.61526380E+00
-9.42500E-03,+2.30233199E+00,-1.63469690E+00
-9.40000E-03,+2.49450379E+00,-1.61070978E+00
-9.37500E-03,+2.67941271E+00,-1.64474716E+00
-9.35000E-03,+2.87570668E+00,-1.63238064E+00
-9.32500E-03,+3.06513036E+00,-1.61875783E+00
-9.30000E-03,+3.24748746E+00,-1.62939697E+00
-9.27500E-03,+3.44103332E+00,-1.61188755E+00
-9.25000E-03,+3.61063131E+00,-1.62782662E+00
-9.22500E-03,+3.80201793E+00,-1.66877354E+00
-9.20000E-03,+4.00989325E+00,-1.53344848E+00
-9.17500E-03,+4.17536907E+00,-1.64447234E+00
-9.15000E-03,+4.37264451E+00,-1.62664885E+00
-9.12500E-03,+4.56834960E+00,-1.60917869E+00
-9.10000E-03,+4.75031411E+00,-1.61699119E+00
-9.07500E-03,+4.93561562E+00,-1.61695193E+00
-9.05000E-03,+5.13505029E+00,-1.59210111E+00
-9.02500E-03,+5.30405940E+00,-1.64769157E+00
-9.00000E-03,+5.49387567E+00,-1.60222988E+00
-8.97500E-03,+5.69095482E+00,-1.60105212E+00
-8.95000E-03,+5.86761939E+00,-1.59641958E+00
-8.92500E-03,+6.04428397E+00,-1.63948648E+00
-8.90000E-03,+6.24293347E+00,-1.58809672E+00
-8.87500E-03,+6.42116839E+00,-1.62511776E+00
-8.85000E-03,+6.62452895E+00,-1.60215136E+00
-8.82500E-03,+6.81827110E+00,-1.57333541E+00
-8.80000E-03,+6.98256915E+00,-1.64525752E+00
-8.77500E-03,+7.16296331E+00,-1.60250469E+00
-8.75000E-03,+7.34335747E+00,-1.57309986E+00
-8.72500E-03,+7.50824441E+00,-1.61911116E+00
-8.70000E-03,+7.69629403E+00,-1.59861807E+00
-8.67500E-03,+7.88493254E+00,-1.58185457E+00
-8.65000E-03,+8.05708235E+00,-1.61714822E+00
-8.62500E-03,+8.25102079E+00,-1.57686870E+00
-8.60000E-03,+8.43514454E+00,-1.59563441E+00
-8.57500E-03,+8.60493882E+00,-1.57898868E+00
-8.55000E-03,+8.78101452E+00,-1.60332913E+00
-8.52500E-03,+8.96023091E+00,-1.57306060E+00
-8.50000E-03,+9.13787696E+00,-1.59924621E+00
-8.47500E-03,+9.31336377E+00,-1.57380652E+00
-8.45000E-03,+9.49081352E+00,-1.59681217E+00
-8.42500E-03,+9.65903745E+00,-1.58951003E+00
-8.40000E-03,+9.82804656E+00,-1.57302134E+00
-8.37500E-03,+10.01668507E+00,-1.55331343E+00
-8.35000E-03,+10.17980536E+00,-1.60301506E+00
-8.32500E-03,+10.37138827E+00,-1.57294282E+00
-8.30000E-03,+10.55119355E+00,-1.57302134E+00
-8.27500E-03,+10.74140241E+00,-1.58138346E+00
-8.25000E-03,+10.92297433E+00,-1.57576946E+00
-8.22500E-03,+11.12397936E+00,-1.56481625E+00
-8.20000E-03,+11.29789582E+00,-1.57741832E+00
-8.17500E-03,+11.48712321E+00,-1.54675721E+00
-8.15000E-03,+11.66103966E+00,-1.56681845E+00
-8.12500E-03,+11.83888200E+00,-1.55983039E+00
-8.10000E-03,+12.01633175E+00,-1.55826003E+00
-8.07500E-03,+12.20104438E+00,-1.55818152E+00
-8.05000E-03,+12.37476454E+00,-1.54522611E+00
-8.02500E-03,+12.54691436E+00,-1.55527637E+00
-8.00000E-03,+12.73319734E+00,-1.56202888E+00
-7.97500E-03,+12.91241373E+00,-1.50938284E+00
-7.95000E-03,+13.07749696E+00,-1.56383478E+00
-7.92500E-03,+13.25965777E+00,-1.53395884E+00
-7.90000E-03,+13.42886317E+00,-1.53046481E+00
-7.87500E-03,+13.60062040E+00,-1.54263503E+00
-7.85000E-03,+13.77591091E+00,-1.49309044E+00
-7.82500E-03,+13.94315338E+00,-1.56120444E+00
-7.80000E-03,+14.11824760E+00,-1.49010677E+00
-7.77500E-03,+14.31041940E+00,-1.49595633E+00
-7.75000E-03,+14.48296180E+00,-1.50588880E+00
-7.72500E-03,+14.65236349E+00,-1.49418968E+00
-7.70000E-03,+14.82726142E+00,-1.47864320E+00
-7.67500E-03,+14.99666312E+00,-1.46313598E+00
-7.65000E-03,+15.16488705E+00,-1.45822863E+00
-7.62500E-03,+15.33114805E+00,-1.42623271E+00
-7.60000E-03,+15.50015716E+00,-1.35128767E+00
-7.57500E-03,+15.64109623E+00,-1.34614477E+00
-7.55000E-03,+15.77967977E+00,-1.15444408E+00
-7.52500E-03,+15.90511162E+00,-1.09618403E+00
-7.50000E-03,+16.01680289E+00,-955.24496E-03
-7.47500E-03,+16.11809058E+00,-842.96482E-03
-7.45000E-03,+16.19660817E+00,-623.74371E-03
-7.42500E-03,+16.25333712E+00,-477.81878E-03
-7.40000E-03,+16.31045867E+00,-312.65703E-03
-7.37500E-03,+16.33381765E+00,-179.53046E-03
-7.35000E-03,+16.34186571E+00,-18.13756E-03
-7.32500E-03,+16.33951018E+00,+96.14479E-03
-7.30000E-03,+16.31674008E+00,+267.90201E-03
-7.27500E-03,+16.27198505E+00,+399.81155E-03
-7.25000E-03,+16.21466721E+00,+548.13128E-03
-7.22500E-03,+16.14871244E+00,+646.71011E-03
-7.20000E-03,+16.07019485E+00,+784.39070E-03
-7.17500E-03,+15.98637732E+00,+880.33919E-03
-7.15000E-03,+15.88489334E+00,+960.03454E-03
-7.12500E-03,+15.76535031E+00,+1.04707128E+00
-7.10000E-03,+15.64855540E+00,+1.10238692E+00
-7.07500E-03,+15.52783461E+00,+1.18632222E+00
-7.05000E-03,+15.37884748E+00,+1.18742147E+00
-7.02500E-03,+15.24340464E+00,+1.28466550E+00
-7.00000E-03,+15.09186570E+00,+1.29287059E+00
-6.97500E-03,+14.94091563E+00,+1.34210112E+00
-6.95000E-03,+14.78682486E+00,+1.35380024E+00
-6.92500E-03,+14.62841563E+00,+1.40055746E+00
-6.90000E-03,+14.46136946E+00,+1.40436556E+00
-6.87500E-03,+14.29510847E+00,+1.44464509E+00
-6.85000E-03,+14.12295865E+00,+1.42902009E+00
-6.82500E-03,+13.95512731E+00,+1.49685928E+00
-6.80000E-03,+13.78847373E+00,+1.43263189E+00
-6.77500E-03,+13.62456826E+00,+1.52218120E+00
-6.75000E-03,+13.45202586E+00,+1.49505338E+00
-6.72500E-03,+13.28301675E+00,+1.50581029E+00
-6.70000E-03,+13.11322246E+00,+1.52151380E+00
-6.67500E-03,+12.93891342E+00,+1.52591079E+00
-6.65000E-03,+12.76146367E+00,+1.52771669E+00
-6.62500E-03,+12.59245456E+00,+1.56493403E+00
-6.60000E-03,+12.40499382E+00,+1.49827260E+00
-6.57500E-03,+12.24403276E+00,+1.59119816E+00
-6.55000E-03,+12.05794607E+00,+1.53030777E+00
-6.52500E-03,+11.87833709E+00,+1.56756437E+00
-6.50000E-03,+11.69676517E+00,+1.55857410E+00
-6.47500E-03,+11.52638200E+00,+1.56587624E+00
-6.45000E-03,+11.33715461E+00,+1.56556217E+00
-6.42500E-03,+11.16755662E+00,+1.56819251E+00
-6.40000E-03,+10.96812195E+00,+1.57019471E+00
-6.37500E-03,+10.78144638E+00,+1.56520884E+00
-6.35000E-03,+10.59005976E+00,+1.56249998E+00
-6.32500E-03,+10.41496553E+00,+1.59119816E+00
-6.30000E-03,+10.23005661E+00,+1.57537687E+00
-6.27500E-03,+10.05084022E+00,+1.58189383E+00
-6.25000E-03,+9.87476452E+00,+1.57576946E+00
-6.22500E-03,+9.69967030E+00,+1.59068780E+00
-6.20000E-03,+9.53282043E+00,+1.59155149E+00
-6.17500E-03,+9.35831509E+00,+1.57706500E+00
-6.15000E-03,+9.18145422E+00,+1.60325061E+00
-6.12500E-03,+9.00263041E+00,+1.58876412E+00
-6.10000E-03,+8.83087318E+00,+1.59846104E+00
-6.07500E-03,+8.65833078E+00,+1.57934201E+00
-6.05000E-03,+8.47832921E+00,+1.63065325E+00
-6.02500E-03,+8.29616841E+00,+1.55680746E+00
-6.00000E-03,+8.11165207E+00,+1.62672737E+00
-5.97500E-03,+7.93420232E+00,+1.59155149E+00
-5.95000E-03,+7.75204152E+00,+1.60395727E+00
-5.92500E-03,+7.56575854E+00,+1.59630180E+00
-5.90000E-03,+7.38222368E+00,+1.59484923E+00
-5.87500E-03,+7.21458862E+00,+1.59457442E+00
-5.85000E-03,+7.04420546E+00,+1.62743403E+00
-5.82500E-03,+6.85458548E+00,+1.56677919E+00
-5.80000E-03,+6.67635055E+00,+1.63646355E+00
-5.77500E-03,+6.47750476E+00,+1.58723302E+00
-5.75000E-03,+6.28690332E+00,+1.60749056E+00
-5.72500E-03,+6.10415363E+00,+1.60317209E+00
-5.70000E-03,+5.92179653E+00,+1.60646983E+00
-5.67500E-03,+5.73708390E+00,+1.61031719E+00
-5.65000E-03,+5.55394163E+00,+1.59060928E+00
-5.62500E-03,+5.36392906E+00,+1.62248742E+00
-5.60000E-03,+5.18294602E+00,+1.63395099E+00
-5.57500E-03,+4.98782981E+00,+1.56528736E+00
-5.55000E-03,+4.81744665E+00,+1.64847674E+00
-5.52500E-03,+4.62056379E+00,+1.58986336E+00
-5.50000E-03,+4.44016963E+00,+1.61903265E+00
-5.47500E-03,+4.24839042E+00,+1.61561713E+00
-5.45000E-03,+4.04915204E+00,+1.60089508E+00
-5.42500E-03,+3.87032823E+00,+1.65389445E+00
-5.40000E-03,+3.67854902E+00,+1.57050878E+00
-5.37500E-03,+3.49795857E+00,+1.63155620E+00
-5.35000E-03,+3.31344224E+00,+1.61377197E+00
-5.32500E-03,+3.13226290E+00,+1.61388974E+00
-5.30000E-03,+2.93891334E+00,+1.61196606E+00
-5.27500E-03,+2.75891177E+00,+1.62464665E+00
-5.25000E-03,+2.56634738E+00,+1.61000312E+00
-5.22500E-03,+2.38340140E+00,+1.64148868E+00
-5.20000E-03,+2.17886308E+00,+1.59594848E+00
-5.17500E-03,+2.00612439E+00,+1.62967178E+00
-5.15000E-03,+1.82553393E+00,+1.59492775E+00
-5.12500E-03,+1.65299153E+00,+1.63241989E+00
-5.10000E-03,+1.47848619E+00,+1.61840451E+00
-5.07500E-03,+1.29436245E+00,+1.62531405E+00
-5.05000E-03,+1.11455717E+00,+1.58998114E+00
-5.02500E-03,+948.68876E-03,+1.66213880E+00
-5.00000E-03,+771.82790E-03,+1.60568466E+00
-4.97500E-03,+591.23744E-03,+1.65538629E+00
-4.95000E-03,+411.43216E-03,+1.60309358E+00
-4.92500E-03,+237.71200E-03,+1.63842649E+00
-4.90000E-03,+56.53266E-03,+1.62923993E+00
-4.87500E-03,-107.96168E-03,+1.62955400E+00
-4.85000E-03,-291.69284E-03,+1.65852699E+00
-4.82500E-03,-474.83512E-03,+1.62158447E+00
-4.80000E-03,-663.47362E-03,+1.57961682E+00
-4.77500E-03,-822.07915E-03,+1.69543026E+00
-4.75000E-03,-1.02308418E+00,+1.60474245E+00
-4.72500E-03,-1.20308575E+00,+1.64580714E+00
-4.70000E-03,-1.38662061E+00,+1.64368717E+00
-4.67500E-03,-1.58291459E+00,+1.61224087E+00
-4.65000E-03,-1.75800881E+00,+1.66826317E+00
-4.62500E-03,-1.95292872E+00,+1.60203359E+00
-4.60000E-03,-2.13489323E+00,+1.65279521E+00
-4.57500E-03,-2.30782822E+00,+1.62013189E+00
-4.55000E-03,-2.48429650E+00,+1.65224559E+00
-4.52500E-03,-2.67686089E+00,+1.62107410E+00
-4.50000E-03,-2.86589198E+00,+1.62358667E+00
-4.47500E-03,-3.05178237E+00,+1.63430432E+00
-4.45000E-03,-3.24788005E+00,+1.61534232E+00
-4.42500E-03,-3.43965926E+00,+1.63057473E+00
-4.40000E-03,-3.61102390E+00,+1.67917712E+00
-4.37500E-03,-3.81006598E+00,+1.56807473E+00
-4.35000E-03,-3.98673056E+00,+1.65491518E+00
-4.32500E-03,-4.16575066E+00,+1.62751255E+00
-4.30000E-03,-4.36008169E+00,+1.62060300E+00
-4.27500E-03,-4.53949438E+00,+1.63139917E+00
-4.25000E-03,-4.73382541E+00,+1.64015388E+00
-4.22500E-03,-4.93365268E+00,+1.60643057E+00
-4.20000E-03,-5.11228019E+00,+1.66881280E+00
-4.17500E-03,-5.30818157E+00,+1.58358196E+00
-4.15000E-03,-5.48720168E+00,+1.66284546E+00
-4.12500E-03,-5.68290677E+00,+1.60368246E+00
-4.10000E-03,-5.86997492E+00,+1.63662059E+00
-4.07500E-03,-6.05527643E+00,+1.62515702E+00
-4.05000E-03,-6.23782982E+00,+1.62492147E+00
-4.02500E-03,-6.41783139E+00,+1.62778736E+00
-4.00000E-03,-6.60725508E+00,+1.60128767E+00
-3.97500E-03,-6.77979748E+00,+1.65346261E+00
-3.95000E-03,-6.95901387E+00,+1.60254395E+00
-3.92500E-03,-7.14824126E+00,+1.62331185E+00
-3.90000E-03,-7.33197242E+00,+1.61604898E+00
-3.87500E-03,-7.52080722E+00,+1.63340136E+00
-3.85000E-03,-7.70846426E+00,+1.60372172E+00
-3.82500E-03,-7.90102864E+00,+1.61440011E+00
-3.80000E-03,-8.07867469E+00,+1.63049621E+00
-3.77500E-03,-8.26888354E+00,+1.61161273E+00
-3.75000E-03,-8.45398876E+00,+1.61691267E+00
-3.72500E-03,-8.63889768E+00,+1.60898239E+00
-3.70000E-03,-8.81988072E+00,+1.61981782E+00
-3.67500E-03,-8.99850824E+00,+1.61510677E+00
-3.65000E-03,-9.18223939E+00,+1.58558415E+00
-3.62500E-03,-9.36695202E+00,+1.67183572E+00
-3.60000E-03,-9.56893852E+00,+1.53847360E+00
-3.57500E-03,-9.73971427E+00,+1.61793340E+00
-3.55000E-03,-9.92383802E+00,+1.62382222E+00
-3.52500E-03,-10.10815806E+00,+1.59759734E+00
-3.50000E-03,-10.28344857E+00,+1.60772611E+00
-3.47500E-03,-10.46423532E+00,+1.59143371E+00
-3.45000E-03,-10.65051830E+00,+1.58739006E+00
-3.42500E-03,-10.81992000E+00,+1.62335111E+00
-3.40000E-03,-11.01680285E+00,+1.56422737E+00
-3.37500E-03,-11.21545235E+00,+1.60368246E+00
-3.35000E-03,-11.40625009E+00,+1.55378453E+00
-3.32500E-03,-11.58801831E+00,+1.60843277E+00
-3.30000E-03,-11.77685311E+00,+1.57050878E+00
-3.27500E-03,-11.95312509E+00,+1.58275752E+00
-3.25000E-03,-12.13018226E+00,+1.57843905E+00
-3.22500E-03,-12.31155789E+00,+1.53654992E+00
-3.20000E-03,-12.48665211E+00,+1.60160174E+00
-3.17500E-03,-12.66822403E+00,+1.56564069E+00
-3.15000E-03,-12.86392912E+00,+1.51688127E+00
-3.12500E-03,-13.02842347E+00,+1.56132222E+00
-3.10000E-03,-13.20430287E+00,+1.54569722E+00
-3.07500E-03,-13.39254879E+00,+1.52579301E+00
-3.05000E-03,-13.56195048E+00,+1.52025752E+00
-3.02500E-03,-13.72723001E+00,+1.54852385E+00
-3.00000E-03,-13.90310941E+00,+1.47722988E+00
-2.97500E-03,-14.06151864E+00,+1.50054961E+00
-2.95000E-03,-14.21992788E+00,+1.49937184E+00
-2.92500E-03,-14.39973315E+00,+1.46027008E+00
-2.90000E-03,-14.56030162E+00,+1.46686556E+00
-2.87500E-03,-14.73029220E+00,+1.42964823E+00
-2.85000E-03,-14.89753466E+00,+1.43946292E+00
-2.82500E-03,-15.06281419E+00,+1.37786588E+00
-2.80000E-03,-15.21906419E+00,+1.39023240E+00
-2.77500E-03,-15.37884748E+00,+1.33028422E+00
-2.75000E-03,-15.53077902E+00,+1.31980212E+00
-2.72500E-03,-15.67917726E+00,+1.25859766E+00
-2.70000E-03,-15.82443480E+00,+1.20901381E+00
-2.67500E-03,-15.96772940E+00,+1.15055746E+00
-2.65000E-03,-16.08982425E+00,+1.09194408E+00
-2.62500E-03,-16.21113392E+00,+961.25156E-03
-2.60000E-03,-16.31202902E+00,+935.45853E-03
-2.57500E-03,-16.40723160E+00,+827.18278E-03
-2.55000E-03,-16.50164900E+00,+676.11494E-03
-2.52500E-03,-16.56838895E+00,+578.71388E-03
-2.50000E-03,-16.62217350E+00,+441.58291E-03
-2.47500E-03,-16.67379881E+00,+305.08008E-03
-2.45000E-03,-16.70069109E+00,+202.57537E-03
-2.42500E-03,-16.71600202E+00,+75.45540E-03
-2.40000E-03,-16.72346119E+00,-30.93593E-03
-2.37500E-03,-16.71580572E+00,-137.71985E-03
-2.35000E-03,-16.68734310E+00,-185.30151E-03
-2.32500E-03,-16.67085440E+00,-331.18718E-03
-2.30000E-03,-16.62295867E+00,-407.82035E-03
-2.27500E-03,-16.56917412E+00,-483.04020E-03
-2.25000E-03,-16.51617475E+00,-622.09484E-03
-2.22500E-03,-16.43824605E+00,-601.16991E-03
-2.20000E-03,-16.36699133E+00,-761.77763E-03
-2.17500E-03,-16.28317381E+00,-816.19032E-03
-2.15000E-03,-16.18129724E+00,-876.49182E-03
-2.12500E-03,-16.07627996E+00,-934.39855E-03
-2.10000E-03,-15.97047751E+00,-999.37185E-03
-2.07500E-03,-15.84367161E+00,-1.03144628E+00
-2.05000E-03,-15.72275452E+00,-1.11589195E+00
-2.02500E-03,-15.59163015E+00,-1.12971104E+00
-2.00000E-03,-15.45304660E+00,-1.18074747E+00
-1.97500E-03,-15.31583712E+00,-1.20665828E+00
-1.95000E-03,-15.18019798E+00,-1.27779521E+00
-1.92500E-03,-15.02473316E+00,-1.27708855E+00
-1.90000E-03,-14.87515715E+00,-1.32082285E+00
-1.87500E-03,-14.71871086E+00,-1.33157976E+00
-1.85000E-03,-14.55559057E+00,-1.36455715E+00
-1.82500E-03,-14.42073661E+00,-1.40240262E+00
-1.80000E-03,-14.24387574E+00,-1.43859923E+00
-1.77500E-03,-14.07584810E+00,-1.38355840E+00
-1.75000E-03,-13.93294609E+00,-1.46922109E+00
-1.72500E-03,-13.76884433E+00,-1.44829615E+00
-1.70000E-03,-13.61494986E+00,-1.47094848E+00
-1.67500E-03,-13.44338892E+00,-1.49937184E+00
-1.65000E-03,-13.26711694E+00,-1.48940011E+00
-1.62500E-03,-13.09202272E+00,-1.47793654E+00
-1.60000E-03,-12.92163955E+00,-1.56736807E+00
-1.57500E-03,-12.74124539E+00,-1.53156405E+00
-1.55000E-03,-12.55928088E+00,-1.50526066E+00
-1.52500E-03,-12.39027177E+00,-1.56128296E+00
-1.50000E-03,-12.20477396E+00,-1.54051506E+00
-1.47500E-03,-12.03615744E+00,-1.57341393E+00
-1.45000E-03,-11.85851140E+00,-1.56885991E+00
-1.42500E-03,-11.66202113E+00,-1.54597203E+00
-1.40000E-03,-11.48790838E+00,-1.57521983E+00
-1.37500E-03,-11.31732892E+00,-1.60109138E+00
-1.35000E-03,-11.10513514E+00,-1.58519157E+00
-1.32500E-03,-10.91080411E+00,-1.57887090E+00
-1.30000E-03,-10.73256918E+00,-1.60081657E+00
-1.27500E-03,-10.54608991E+00,-1.58169753E+00
-1.25000E-03,-10.37374380E+00,-1.61094533E+00
-1.22500E-03,-10.20237916E+00,-1.64298051E+00
-1.20000E-03,-10.00706666E+00,-1.54444094E+00
-1.17500E-03,-9.82863544E+00,-1.62130966E+00
-1.15000E-03,-9.65413010E+00,-1.62374370E+00
-1.12500E-03,-9.45685466E+00,-1.60380023E+00
-1.10000E-03,-9.27135686E+00,-1.61526380E+00
-1.07500E-03,-9.08428870E+00,-1.62060300E+00
-1.05000E-03,-8.90271678E+00,-1.60882536E+00
-1.02500E-03,-8.73076326E+00,-1.64517900E+00
-1.00000E-03,-8.53407670E+00,-1.61542084E+00
-975.00E-06,-8.35152331E+00,-1.61620601E+00
-950.00E-06,-8.17132544E+00,-1.62021041E+00
-925.00E-06,-7.98386470E+00,-1.64337310E+00
-900.00E-06,-7.78580408E+00,-1.61903265E+00
-875.00E-06,-7.60325069E+00,-1.63234138E+00
-850.00E-06,-7.40656413E+00,-1.60380023E+00
-825.00E-06,-7.23264767E+00,-1.64867304E+00
-800.00E-06,-7.04381287E+00,-1.65248114E+00
-775.00E-06,-6.85870765E+00,-1.62295853E+00
-750.00E-06,-6.66928397E+00,-1.61754081E+00
-725.00E-06,-6.48888981E+00,-1.64447234E+00
-700.00E-06,-6.30574754E+00,-1.63253767E+00
-675.00E-06,-6.12476450E+00,-1.63775909E+00
-650.00E-06,-5.93710746E+00,-1.64227385E+00
-625.00E-06,-5.73983202E+00,-1.60513503E+00
-600.00E-06,-5.56611185E+00,-1.64368717E+00
-575.00E-06,-5.36824753E+00,-1.67682159E+00
-550.00E-06,-5.17273873E+00,-1.60560614E+00
-525.00E-06,-4.99548528E+00,-1.64164571E+00
-500.00E-06,-4.79820984E+00,-1.63505023E+00
-475.00E-06,-4.60054181E+00,-1.61950375E+00
-450.00E-06,-4.42564388E+00,-1.68498742E+00
-425.00E-06,-4.22130185E+00,-1.60866832E+00
-400.00E-06,-4.03658923E+00,-1.62484295E+00
-375.00E-06,-3.86267277E+00,-1.66508321E+00
-350.00E-06,-3.66166774E+00,-1.62955400E+00
-325.00E-06,-3.48127358E+00,-1.62672737E+00
-300.00E-06,-3.29538319E+00,-1.64588566E+00
-275.00E-06,-3.09732257E+00,-1.62613849E+00
-250.00E-06,-2.90946924E+00,-1.63638503E+00
-225.00E-06,-2.72593438E+00,-1.65051820E+00
-200.00E-06,-2.52277012E+00,-1.64368717E+00
-175.00E-06,-2.34826478E+00,-1.59198334E+00
-150.00E-06,-2.17572238E+00,-1.67061870E+00
-125.00E-06,-1.98669128E+00,-1.62629552E+00
-100.00E-06,-1.80354901E+00,-1.63457913E+00
-75.00E-06,-1.62374373E+00,-1.64431531E+00
-50.00E-06,-1.42509423E+00,-1.61973930E+00
-25.00E-06,-1.24548525E+00,-1.63736650E+00
+0.0E+00,-1.07804649E+00,-1.67697863E+00
+25.00E-06,-873.70447E-03,-1.61129866E+00
+50.00E-06,-700.37689E-03,-1.64894785E+00
+75.00E-06,-518.60867E-03,-1.64470790E+00
+100.00E-06,-334.48493E-03,-1.63693466E+00
+125.00E-06,-154.48336E-03,-1.64396198E+00
+150.00E-06,+13.74058E-03,-1.64455086E+00
+175.00E-06,+196.68656E-03,-1.65146041E+00
+200.00E-06,+372.95855E-03,-1.61856154E+00
+225.00E-06,+544.12689E-03,-1.66567209E+00
+250.00E-06,+732.56910E-03,-1.63128139E+00
+275.00E-06,+909.62626E-03,-1.63948648E+00
+300.00E-06,+1.09217966E+00,-1.64478641E+00
+325.00E-06,+1.27002199E+00,-1.64050721E+00
+350.00E-06,+1.45453833E+00,-1.63159546E+00
+375.00E-06,+1.62236967E+00,-1.65444408E+00
+400.00E-06,+1.82396358E+00,-1.61793340E+00
+425.00E-06,+1.99709486E+00,-1.63139917E+00
+450.00E-06,+2.16904838E+00,-1.62554961E+00
+475.00E-06,+2.36416459E+00,-1.63029992E+00
+500.00E-06,+2.55574751E+00,-1.61950375E+00
+525.00E-06,+2.74144160E+00,-1.63764131E+00
+550.00E-06,+2.93459487E+00,-1.60780463E+00
+575.00E-06,+3.11989638E+00,-1.63289100E+00
+600.00E-06,+3.30166460E+00,-1.63332285E+00
+625.00E-06,+3.49560304E+00,-1.61396826E+00
+650.00E-06,+3.67462314E+00,-1.60929647E+00
+675.00E-06,+3.85207289E+00,-1.63033918E+00
+700.00E-06,+4.05621862E+00,-1.62060300E+00
+725.00E-06,+4.24583860E+00,-1.60937498E+00
+750.00E-06,+4.43192529E+00,-1.61267272E+00
+775.00E-06,+4.62370450E+00,-1.64651380E+00
+800.00E-06,+4.82333546E+00,-1.54538315E+00
+825.00E-06,+4.98645576E+00,-1.65915513E+00
+850.00E-06,+5.18647931E+00,-1.59916770E+00
+875.00E-06,+5.37236970E+00,-1.60894314E+00
+900.00E-06,+5.55511939E+00,-1.62358667E+00
+925.00E-06,+5.74238384E+00,-1.59586996E+00
+950.00E-06,+5.92611500E+00,-1.61494973E+00
+975.00E-06,+6.09590928E+00,-1.61039571E+00
+1.00000E-03,+6.29318472E+00,-1.60317209E+00
+1.02500E-03,+6.49006758E+00,-1.60988535E+00
+1.05000E-03,+6.67713573E+00,-1.60238692E+00
+1.07500E-03,+6.86459647E+00,-1.60768685E+00
+1.10000E-03,+7.04773875E+00,-1.59327888E+00
+1.12500E-03,+7.21596268E+00,-1.60870758E+00
+1.15000E-03,+7.39400131E+00,-1.59272925E+00
+1.17500E-03,+7.57635841E+00,-1.57702574E+00
+1.20000E-03,+7.74733046E+00,-1.64839822E+00
+1.22500E-03,+7.94205408E+00,-1.56807473E+00
+1.25000E-03,+8.12460748E+00,-1.59689069E+00
+1.27500E-03,+8.30480534E+00,-1.60281876E+00
+1.30000E-03,+8.48696615E+00,-1.59516330E+00
+1.32500E-03,+8.66578995E+00,-1.58205086E+00
+1.35000E-03,+8.83676200E+00,-1.60105212E+00
+1.37500E-03,+9.01224881E+00,-1.58354270E+00
+1.40000E-03,+9.18891339E+00,-1.60851129E+00
+1.42500E-03,+9.36871867E+00,-1.56081186E+00
+1.45000E-03,+9.54263512E+00,-1.60584169E+00
+1.47500E-03,+9.71242941E+00,-1.57467021E+00
+1.50000E-03,+9.88536440E+00,-1.58605526E+00
+1.52500E-03,+10.06320674E+00,-1.57792869E+00
+1.55000E-03,+10.23947872E+00,-1.58660488E+00
+1.57500E-03,+10.42576170E+00,-1.55303861E+00
+1.60000E-03,+10.59751893E+00,-1.60254395E+00
+1.62500E-03,+10.80814236E+00,-1.54601129E+00
+1.65000E-03,+10.98500323E+00,-1.58448491E+00
+1.67500E-03,+11.17580097E+00,-1.56827103E+00
+1.70000E-03,+11.36149506E+00,-1.55841707E+00
+1.72500E-03,+11.53933740E+00,-1.57329615E+00
+1.75000E-03,+11.71089833E+00,-1.56595476E+00
+1.77500E-03,+11.90326642E+00,-1.55990890E+00
+1.80000E-03,+12.07207924E+00,-1.53627511E+00
+1.82500E-03,+12.25482893E+00,-1.57117618E+00
+1.85000E-03,+12.43326015E+00,-1.54930903E+00
+1.87500E-03,+12.60482108E+00,-1.54640388E+00
+1.90000E-03,+12.78030789E+00,-1.54946606E+00
+1.92500E-03,+12.96580569E+00,-1.54801349E+00
+1.95000E-03,+13.13559998E+00,-1.51845162E+00
+1.97500E-03,+13.30559056E+00,-1.58405306E+00
+2.00000E-03,+13.49952900E+00,-1.48885049E+00
+2.02500E-03,+13.66147153E+00,-1.50918654E+00
+2.05000E-03,+13.81516971E+00,-1.56187184E+00
+2.07500E-03,+14.01224885E+00,-1.49784075E+00
+2.10000E-03,+14.17870614E+00,-1.51554647E+00
+2.12500E-03,+14.35792254E+00,-1.51990419E+00
+2.15000E-03,+14.54027964E+00,-1.46568780E+00
+2.17500E-03,+14.69515558E+00,-1.52999370E+00
+2.20000E-03,+14.87358680E+00,-1.46403893E+00
+2.22500E-03,+15.04966249E+00,-1.46635520E+00
+2.25000E-03,+15.21788643E+00,-1.42305275E+00
+2.27500E-03,+15.37531419E+00,-1.42925564E+00
+2.30000E-03,+15.54334183E+00,-1.35113064E+00
+2.32500E-03,+15.68231796E+00,-1.28199590E+00
+2.35000E-03,+15.81697563E+00,-1.17336682E+00
+2.37500E-03,+15.95104441E+00,-1.01079616E+00
+2.40000E-03,+16.04978028E+00,-902.79522E-03
+2.42500E-03,+16.13124227E+00,-850.34547E-03
+2.45000E-03,+16.22526709E+00,-534.54773E-03
+2.47500E-03,+16.27807017E+00,-429.02010E-03
+2.50000E-03,+16.31202902E+00,-266.95980E-03
+2.52500E-03,+16.33636947E+00,-127.74811E-03
+2.55000E-03,+16.34108053E+00,+2.74812E-03
+2.57500E-03,+16.33636947E+00,+166.69284E-03
+2.60000E-03,+16.31674008E+00,+334.64196E-03
+2.62500E-03,+16.24980383E+00,+426.07569E-03
+2.65000E-03,+16.19974887E+00,+588.48932E-03
+2.67500E-03,+16.12810157E+00,+703.32129E-03
+2.70000E-03,+16.04820992E+00,+813.91331E-03
+2.72500E-03,+15.95124070E+00,+920.18686E-03
+2.75000E-03,+15.84641972E+00,+973.61808E-03
+2.77500E-03,+15.73198034E+00,+1.06442367E+00
+2.80000E-03,+15.61636319E+00,+1.13834798E+00
+2.82500E-03,+15.48523881E+00,+1.18651852E+00
+2.85000E-03,+15.34076645E+00,+1.22840765E+00
+2.87500E-03,+15.19138674E+00,+1.27355526E+00
+2.90000E-03,+15.04004409E+00,+1.31218592E+00
+2.92500E-03,+14.89203843E+00,+1.35372172E+00
+2.95000E-03,+14.73264773E+00,+1.35160174E+00
+2.97500E-03,+14.57129408E+00,+1.41720319E+00
+3.00000E-03,+14.41190338E+00,+1.39996858E+00
+3.02500E-03,+14.24014615E+00,+1.44857096E+00
+3.05000E-03,+14.06760375E+00,+1.44024810E+00
+3.07500E-03,+13.90880193E+00,+1.48264760E+00
+3.10000E-03,+13.73194106E+00,+1.48099873E+00
+3.12500E-03,+13.56882077E+00,+1.49057787E+00
+3.15000E-03,+13.39981166E+00,+1.51499684E+00
+3.17500E-03,+13.23217661E+00,+1.50455400E+00
+3.20000E-03,+13.06140086E+00,+1.50957913E+00
+3.22500E-03,+12.89180286E+00,+1.56147925E+00
+3.25000E-03,+12.70336065E+00,+1.50777323E+00
+3.27500E-03,+12.53101455E+00,+1.54542241E+00
+3.30000E-03,+12.35945361E+00,+1.55182159E+00
+3.32500E-03,+12.17886316E+00,+1.53843434E+00
+3.35000E-03,+12.00416153E+00,+1.57443466E+00
+3.37500E-03,+11.81787855E+00,+1.52540042E+00
+3.40000E-03,+11.63552145E+00,+1.57396355E+00
+3.42500E-03,+11.47063451E+00,+1.57788943E+00
+3.45000E-03,+11.28454783E+00,+1.55676820E+00
+3.47500E-03,+11.10474255E+00,+1.57765388E+00
+3.50000E-03,+10.91158928E+00,+1.57160802E+00
+3.52500E-03,+10.72511001E+00,+1.56615105E+00
+3.55000E-03,+10.53902332E+00,+1.58110865E+00
+3.57500E-03,+10.35509587E+00,+1.58275752E+00
+3.60000E-03,+10.17195360E+00,+1.59217963E+00
+3.62500E-03,+9.99548532E+00,+1.54734609E+00
+3.65000E-03,+9.82097998E+00,+1.60804018E+00
+3.67500E-03,+9.64863387E+00,+1.57675093E+00
+3.70000E-03,+9.47393223E+00,+1.58966707E+00
+3.72500E-03,+9.29766025E+00,+1.58801820E+00
+3.75000E-03,+9.11589203E+00,+1.58275752E+00
+3.77500E-03,+8.94295704E+00,+1.58424935E+00
+3.80000E-03,+8.77748122E+00,+1.60191581E+00
+3.82500E-03,+8.59080566E+00,+1.58644785E+00
+3.85000E-03,+8.41865584E+00,+1.59995287E+00
+3.87500E-03,+8.23885057E+00,+1.59029521E+00
+3.90000E-03,+8.05511941E+00,+1.59767586E+00
+3.92500E-03,+7.86687349E+00,+1.60171952E+00
+3.95000E-03,+7.68883486E+00,+1.61479270E+00
+3.97500E-03,+7.50176670E+00,+1.56002668E+00
+4.00000E-03,+7.32804654E+00,+1.64148868E+00
+4.02500E-03,+7.16374849E+00,+1.59606625E+00
+4.05000E-03,+6.98021362E+00,+1.59539885E+00
+4.07500E-03,+6.79962317E+00,+1.60513503E+00
+4.10000E-03,+6.60804025E+00,+1.59579144E+00
+4.12500E-03,+6.41213887E+00,+1.61455714E+00
+4.15000E-03,+6.22408924E+00,+1.58668340E+00
+4.17500E-03,+6.04094697E+00,+1.63351914E+00
+4.20000E-03,+5.85662693E+00,+1.58746858E+00
+4.22500E-03,+5.67505501E+00,+1.60929647E+00
+4.25000E-03,+5.49034238E+00,+1.61487121E+00
+4.27500E-03,+5.30032982E+00,+1.60372172E+00
+4.30000E-03,+5.12170230E+00,+1.61149496E+00
+4.32500E-03,+4.93070827E+00,+1.60537059E+00
+4.35000E-03,+4.74599564E+00,+1.59374998E+00
+4.37500E-03,+4.56383483E+00,+1.65518999E+00
+4.40000E-03,+4.37107415E+00,+1.56642586E+00
+4.42500E-03,+4.18263194E+00,+1.63014288E+00
+4.45000E-03,+3.99890079E+00,+1.63088880E+00
+4.47500E-03,+3.79966240E+00,+1.60434986E+00
+4.50000E-03,+3.62280154E+00,+1.61981782E+00
+4.52500E-03,+3.44240738E+00,+1.62213409E+00
+4.55000E-03,+3.24709487E+00,+1.59492775E+00
+4.57500E-03,+3.07023401E+00,+1.64203830E+00
+4.60000E-03,+2.88709173E+00,+1.59406405E+00
+4.62500E-03,+2.69707917E+00,+1.64396198E+00
+4.65000E-03,+2.50196296E+00,+1.59045224E+00
+4.67500E-03,+2.31921327E+00,+1.63434358E+00
+4.70000E-03,+2.12861183E+00,+1.61196606E+00
+4.72500E-03,+1.95273243E+00,+1.62645256E+00
+4.75000E-03,+1.77528268E+00,+1.61777636E+00
+4.77500E-03,+1.59174781E+00,+1.59359295E+00
+4.80000E-03,+1.42509423E+00,+1.67635048E+00
+4.82500E-03,+1.23606314E+00,+1.60344690E+00
+4.85000E-03,+1.05920227E+00,+1.60992461E+00
+4.87500E-03,+880.77105E-03,+1.62943623E+00
+4.90000E-03,+710.58418E-03,+1.62845476E+00
+4.92500E-03,+530.77890E-03,+1.62233038E+00
+4.95000E-03,+352.54397E-03,+1.63646355E+00
+4.97500E-03,+178.23493E-03,+1.64066424E+00
+5.00000E-03,-785.18E-06,+1.61353641E+00
+5.02500E-03,-176.07569E-03,+1.62908290E+00
+5.05000E-03,-351.75880E-03,+1.63976129E+00
+5.07500E-03,-524.49749E-03,+1.63135991E+00
+5.10000E-03,-715.29523E-03,+1.64086054E+00
+5.12500E-03,-894.31533E-03,+1.61985708E+00
+5.15000E-03,-1.06980214E+00,+1.67171795E+00
+5.17500E-03,-1.26432947E+00,+1.61915042E+00
+5.20000E-03,-1.44550881E+00,+1.62358667E+00
+5.22500E-03,-1.63159549E+00,+1.65530777E+00
+5.25000E-03,-1.82160805E+00,+1.62641330E+00
+5.27500E-03,-2.00376886E+00,+1.63556060E+00
+5.30000E-03,-2.18043343E+00,+1.64023239E+00
+5.32500E-03,-2.36985712E+00,+1.63261619E+00
+5.35000E-03,-2.54868092E+00,+1.62688440E+00
+5.37500E-03,-2.72436403E+00,+1.61412530E+00
+5.40000E-03,-2.90907666E+00,+1.68043340E+00
+5.42500E-03,-3.11518533E+00,+1.60336839E+00
+5.45000E-03,-3.30637565E+00,+1.63261619E+00
+5.47500E-03,-3.49795857E+00,+1.62668811E+00
+5.50000E-03,-3.68326008E+00,+1.62264445E+00
+5.52500E-03,-3.86424312E+00,+1.63351914E+00
+5.55000E-03,-4.04718910E+00,+1.61832599E+00
+5.57500E-03,-4.23268690E+00,+1.64125312E+00
+5.60000E-03,-4.42132541E+00,+1.61887561E+00
+5.62500E-03,-4.60603804E+00,+1.61899339E+00
+5.65000E-03,-4.80252830E+00,+1.64023239E+00
+5.67500E-03,-4.98881128E+00,+1.62138817E+00
+5.70000E-03,-5.17587944E+00,+1.63002511E+00
+5.72500E-03,-5.36608830E+00,+1.62028893E+00
+5.75000E-03,-5.54726763E+00,+1.62248742E+00
+5.77500E-03,-5.74159866E+00,+1.63057473E+00
+5.80000E-03,-5.93043346E+00,+1.62861179E+00
+5.82500E-03,-6.11220168E+00,+1.61129866E+00
+5.85000E-03,-6.29082919E+00,+1.64604270E+00
+5.87500E-03,-6.47750476E+00,+1.61675564E+00
+5.90000E-03,-6.65750633E+00,+1.62248742E+00
+5.92500E-03,-6.84437819E+00,+1.62637404E+00
+5.95000E-03,-7.02928712E+00,+1.60380023E+00
+5.97500E-03,-7.20752204E+00,+1.64298051E+00
+6.00000E-03,-7.38614956E+00,+1.62547109E+00
+6.02500E-03,-7.58715458E+00,+1.62920067E+00
+6.05000E-03,-7.76853021E+00,+1.59445664E+00
+6.07500E-03,-7.94931696E+00,+1.63885834E+00
+6.10000E-03,-8.14305911E+00,+1.60741204E+00
+6.12500E-03,-8.32914579E+00,+1.62704144E+00
+6.15000E-03,-8.51287695E+00,+1.61848302E+00
+6.17500E-03,-8.70818945E+00,+1.56399182E+00
+6.20000E-03,-8.87013198E+00,+1.65593591E+00
+6.22500E-03,-9.05111502E+00,+1.62704144E+00
+6.25000E-03,-9.25172746E+00,+1.59265074E+00
+6.27500E-03,-9.43683267E+00,+1.61722674E+00
+6.30000E-03,-9.62154530E+00,+1.61008164E+00
+6.32500E-03,-9.80665052E+00,+1.59524182E+00
+6.35000E-03,-9.97880033E+00,+1.62688440E+00
+6.37500E-03,-10.15880190E+00,+1.60858981E+00
+6.40000E-03,-10.35882546E+00,+1.54601129E+00
+6.42500E-03,-10.51232734E+00,+1.64082128E+00
+6.45000E-03,-10.69841403E+00,+1.60427134E+00
+6.47500E-03,-10.89137100E+00,+1.58103013E+00
+6.50000E-03,-11.07333551E+00,+1.60081657E+00
+6.52500E-03,-11.27296648E+00,+1.57753610E+00
+6.55000E-03,-11.46670863E+00,+1.59979584E+00
+6.57500E-03,-11.64062509E+00,+1.58126569E+00
+6.60000E-03,-11.83338577E+00,+1.58746858E+00
+6.62500E-03,-12.02182798E+00,+1.54883792E+00
+6.65000E-03,-12.18239645E+00,+1.57569094E+00
+6.67500E-03,-12.37221272E+00,+1.58236493E+00
+6.70000E-03,-12.55103653E+00,+1.55778893E+00
+6.72500E-03,-12.73260845E+00,+1.57054804E+00
+6.75000E-03,-12.91221744E+00,+1.52881594E+00
+6.77500E-03,-13.08691907E+00,+1.54514760E+00
+6.80000E-03,-13.26868729E+00,+1.58244345E+00
+6.82500E-03,-13.45771838E+00,+1.49921481E+00
+6.85000E-03,-13.62829785E+00,+1.51523240E+00
+6.87500E-03,-13.78003309E+00,+1.52916927E+00
+6.90000E-03,-13.95571619E+00,+1.50031405E+00
+6.92500E-03,-14.11628466E+00,+1.49466079E+00
+6.95000E-03,-14.27646054E+00,+1.49560300E+00
+6.97500E-03,-14.45822876E+00,+1.43781405E+00
+7.00000E-03,-14.61447876E+00,+1.46686556E+00
+7.02500E-03,-14.78073975E+00,+1.45414571E+00
+7.05000E-03,-14.95445992E+00,+1.41056845E+00
+7.07500E-03,-15.11502838E+00,+1.39172423E+00
+7.10000E-03,-15.27795238E+00,+1.36165200E+00
+7.12500E-03,-15.42929503E+00,+1.32007693E+00
+7.15000E-03,-15.57592663E+00,+1.33825375E+00
+7.17500E-03,-15.74061727E+00,+1.21553077E+00
+7.20000E-03,-15.88018229E+00,+1.17980526E+00
+7.22500E-03,-16.00836225E+00,+1.14965451E+00
+7.25000E-03,-16.13536445E+00,+1.05032976E+00
+7.27500E-03,-16.24371872E+00,+971.69440E-03
+7.30000E-03,-16.35207299E+00,+883.00878E-03
+7.32500E-03,-16.45002368E+00,+754.55401E-03
+7.35000E-03,-16.52441910E+00,+648.08416E-03
+7.37500E-03,-16.58801835E+00,+580.48052E-03
+7.40000E-03,-16.65436571E+00,+382.38065E-03
+7.42500E-03,-16.68852086E+00,+229.19284E-03
+7.45000E-03,-16.70265403E+00,+191.97550E-03
+7.47500E-03,-16.72444266E+00,+37.45289E-03
+7.50000E-03,-16.72346119E+00,-53.23492E-03
+7.52500E-03,-16.70972061E+00,-141.92054E-03
+7.55000E-03,-16.69951332E+00,-287.06030E-03
+7.57500E-03,-16.65142130E+00,-306.84673E-03
+7.60000E-03,-16.60097375E+00,-413.78768E-03
+7.62500E-03,-16.56465936E+00,-537.92399E-03
+7.65000E-03,-16.49536759E+00,-616.04899E-03
+7.67500E-03,-16.42175735E+00,-678.15640E-03
+7.70000E-03,-16.34265088E+00,-766.80276E-03
+7.72500E-03,-16.24960754E+00,-826.90797E-03
+7.75000E-03,-16.14714209E+00,-892.66645E-03
+7.77500E-03,-16.06195050E+00,-989.12530E-03
+7.80000E-03,-15.93514460E+00,-1.00832285E+00
+7.82500E-03,-15.80362764E+00,-1.01503611E+00
+7.85000E-03,-15.69056231E+00,-1.14706343E+00
+7.87500E-03,-15.55845647E+00,-1.15986180E+00
+7.90000E-03,-15.41064711E+00,-1.19315325E+00
+7.92500E-03,-15.27461538E+00,-1.22675878E+00
+7.95000E-03,-15.13033931E+00,-1.25910803E+00
+7.97500E-03,-14.98252995E+00,-1.29334169E+00
+8.00000E-03,-14.83903906E+00,-1.35411431E+00
+8.02500E-03,-14.66551519E+00,-1.32808573E+00
+8.05000E-03,-14.51005036E+00,-1.36494973E+00
+8.07500E-03,-14.36106324E+00,-1.39557159E+00
+8.10000E-03,-14.19755036E+00,-1.41739948E+00
+8.12500E-03,-14.03619672E+00,-1.42167869E+00
+8.15000E-03,-13.88426518E+00,-1.45924936E+00
+8.17500E-03,-13.72310783E+00,-1.44001255E+00
+8.20000E-03,-13.56077272E+00,-1.50298365E+00
+8.22500E-03,-13.39156732E+00,-1.48453202E+00
+8.25000E-03,-13.21608051E+00,-1.50062812E+00
+8.27500E-03,-13.03215305E+00,-1.49823334E+00
+8.30000E-03,-12.86746241E+00,-1.52167084E+00
+8.32500E-03,-12.68942378E+00,-1.54055432E+00
+8.35000E-03,-12.50824444E+00,-1.53391958E+00
+8.37500E-03,-12.33040211E+00,-1.53246701E+00
+8.40000E-03,-12.15373753E+00,-1.57616204E+00
+8.42500E-03,-11.97569890E+00,-1.54141801E+00
+8.45000E-03,-11.79373439E+00,-1.57184358E+00
+8.47500E-03,-11.61805128E+00,-1.57596575E+00
+8.50000E-03,-11.42666466E+00,-1.57192209E+00
+8.52500E-03,-11.23900763E+00,-1.58110865E+00
+8.55000E-03,-11.04546177E+00,-1.56760363E+00
+8.57500E-03,-10.85858991E+00,-1.61600972E+00
+8.60000E-03,-10.66975511E+00,-1.58715451E+00
+8.62500E-03,-10.49269795E+00,-1.57820350E+00
+8.65000E-03,-10.31799631E+00,-1.61282976E+00
+8.67500E-03,-10.13838733E+00,-1.59371072E+00
+8.70000E-03,-9.96388199E+00,-1.61573491E+00
+8.72500E-03,-9.77171019E+00,-1.60250469E+00
+8.75000E-03,-9.58778274E+00,-1.59783290E+00
+8.77500E-03,-9.41327740E+00,-1.63442209E+00
+8.80000E-03,-9.21560937E+00,-1.58527008E+00
+8.82500E-03,-9.03148562E+00,-1.64996858E+00
+8.85000E-03,-8.84775447E+00,-1.61039571E+00
+8.87500E-03,-8.66382702E+00,-1.61915042E+00
+8.90000E-03,-8.48225509E+00,-1.61636305E+00
+8.92500E-03,-8.29852393E+00,-1.62986807E+00
+8.95000E-03,-8.10497808E+00,-1.61542084E+00
+8.97500E-03,-7.91810622E+00,-1.63336211E+00
+9.00000E-03,-7.73005659E+00,-1.61636305E+00
+9.02500E-03,-7.54750320E+00,-1.65715293E+00
+9.05000E-03,-7.35277958E+00,-1.60364320E+00
+9.07500E-03,-7.17532983E+00,-1.64800564E+00
+9.10000E-03,-6.97707292E+00,-1.62201631E+00
+9.12500E-03,-6.79785652E+00,-1.63116361E+00
+9.15000E-03,-6.61275131E+00,-1.61981782E+00
+9.17500E-03,-6.43647932E+00,-1.66739948E+00
+9.20000E-03,-6.23979276E+00,-1.62452888E+00
+9.22500E-03,-6.06999848E+00,-1.62810143E+00
+9.25000E-03,-5.87900444E+00,-1.63324433E+00
+9.27500E-03,-5.69272146E+00,-1.63665984E+00
+9.30000E-03,-5.49623120E+00,-1.63976129E+00
+9.32500E-03,-5.30837787E+00,-1.62653108E+00
+9.35000E-03,-5.12170230E+00,-1.64392272E+00
+9.37500E-03,-4.93777485E+00,-1.63901537E+00
+9.40000E-03,-4.74167717E+00,-1.63677762E+00
+9.42500E-03,-4.53812032E+00,-1.63697391E+00
+9.45000E-03,-4.36204463E+00,-1.63724873E+00
+9.47500E-03,-4.16751731E+00,-1.63756280E+00
+9.50000E-03,-3.97927139E+00,-1.63505023E+00
+9.52500E-03,-3.79985870E+00,-1.63147768E+00
+9.55000E-03,-3.61416460E+00,-1.66967649E+00
+9.57500E-03,-3.41924469E+00,-1.58318937E+00
+9.60000E-03,-3.23728018E+00,-1.68891330E+00
+9.62500E-03,-3.04726761E+00,-1.62594219E+00
+9.65000E-03,-2.84194412E+00,-1.63018214E+00
+9.67500E-03,-2.66037219E+00,-1.63980055E+00
+9.70000E-03,-2.47487439E+00,-1.63740576E+00
+9.72500E-03,-2.29271359E+00,-1.62861179E+00
+9.75000E-03,-2.11879713E+00,-1.65004709E+00
+9.77500E-03,-1.93702891E+00,-1.60603799E+00
+9.80000E-03,-1.74387564E+00,-1.67163943E+00
+9.82500E-03,-1.55994819E+00,-1.59426035E+00
+9.85000E-03,-1.37366521E+00,-1.66213880E+00
+9.87500E-03,-1.18424153E+00,-1.62582442E+00
+9.90000E-03,-1.00581031E+00,-1.64290199E+00
+9.92500E-03,-821.49027E-03,-1.64133164E+00
+9.95000E-03,-641.88129E-03,-1.63128139E+00
+9.97500E-03,-465.02042E-03,-1.65935143E+00
+10.00000E-03,-278.73744E-03,-1.62390074E+00
+10.02500E-03,-95.39887E-03,-1.63748428E+00
+10.05000E-03,+69.09548E-03,-1.65475815E+00
+10.07500E-03,+250.07852E-03,-1.64035017E+00
+10.10000E-03,+431.06156E-03,-1.63991832E+00
+10.12500E-03,+610.67054E-03,-1.64349087E+00
+10.15000E-03,+792.24247E-03,-1.63065325E+00
+10.17500E-03,+975.38474E-03,-1.65071449E+00
+10.20000E-03,+1.15342338E+00,-1.61918968E+00
+10.22500E-03,+1.33578048E+00,-1.64050721E+00
+10.25000E-03,+1.50832288E+00,-1.63850501E+00
+10.27500E-03,+1.68910962E+00,-1.63709169E+00
+10.30000E-03,+1.87657037E+00,-1.62452888E+00
+10.32500E-03,+2.04577577E+00,-1.65149967E+00
+10.35000E-03,+2.23107728E+00,-1.61337938E+00
+10.37500E-03,+2.42010837E+00,-1.65962624E+00
+10.40000E-03,+2.63269474E+00,-1.56768214E+00
+10.42500E-03,+2.80464826E+00,-1.65793811E+00
+10.45000E-03,+2.99230530E+00,-1.60277951E+00
+10.47500E-03,+3.18624374E+00,-1.63324433E+00
+10.50000E-03,+3.37154525E+00,-1.61447863E+00
+10.52500E-03,+3.54919130E+00,-1.62857253E+00
+10.55000E-03,+3.73037063E+00,-1.61000312E+00
+10.57500E-03,+3.92489796E+00,-1.61730526E+00
+10.60000E-03,+4.11510682E+00,-1.60725501E+00
+10.62500E-03,+4.30688603E+00,-1.62515702E+00
+10.65000E-03,+4.49827265E+00,-1.60992461E+00
+10.67500E-03,+4.68769633E+00,-1.61671638E+00
+10.70000E-03,+4.87201637E+00,-1.61667712E+00
+10.72500E-03,+5.06026229E+00,-1.59300407E+00
+10.75000E-03,+5.24104904E+00,-1.63779835E+00
+10.77500E-03,+5.43302454E+00,-1.61004238E+00
+10.80000E-03,+5.61636311E+00,-1.57898868E+00
+10.82500E-03,+5.79832762E+00,-1.63921167E+00
+10.85000E-03,+5.98696613E+00,-1.59987435E+00
+10.87500E-03,+6.17069728E+00,-1.60474245E+00
+10.90000E-03,+6.35678397E+00,-1.61322234E+00
+10.92500E-03,+6.55288165E+00,-1.58907819E+00
+10.95000E-03,+6.74112757E+00,-1.63285174E+00
+10.97500E-03,+6.92054026E+00,-1.56921324E+00
+11.00000E-03,+7.10034553E+00,-1.64808415E+00
+11.02500E-03,+7.27347682E+00,-1.58413158E+00
+11.05000E-03,+7.44464516E+00,-1.59100187E+00
+11.07500E-03,+7.62719855E+00,-1.61173051E+00
+11.10000E-03,+7.81799629E+00,-1.59123742E+00
+11.12500E-03,+7.99524975E+00,-1.60222988E+00
+11.15000E-03,+8.17760685E+00,-1.59547737E+00
+11.17500E-03,+8.37802299E+00,-1.57306060E+00
+11.20000E-03,+8.53564705E+00,-1.63929018E+00
+11.22500E-03,+8.72919291E+00,-1.54726757E+00
+11.25000E-03,+8.89407984E+00,-1.60741204E+00
+11.27500E-03,+9.06603336E+00,-1.58201160E+00
+11.30000E-03,+9.25015711E+00,-1.58872486E+00
+11.32500E-03,+9.42799945E+00,-1.57667241E+00
+11.35000E-03,+9.59720485E+00,-1.59571292E+00
+11.37500E-03,+9.76739172E+00,-1.56681845E+00
+11.40000E-03,+9.94582294E+00,-1.58401380E+00
+11.42500E-03,+10.11797276E+00,-1.57141173E+00
+11.45000E-03,+10.29679656E+00,-1.59995287E+00
+11.47500E-03,+10.48622025E+00,-1.56469848E+00
+11.50000E-03,+10.66504405E+00,-1.57129395E+00
+11.52500E-03,+10.85544921E+00,-1.58868560E+00
+11.55000E-03,+11.05056541E+00,-1.55433415E+00
+11.57500E-03,+11.22997810E+00,-1.56705400E+00
+11.60000E-03,+11.40467974E+00,-1.58307159E+00
+11.62500E-03,+11.59802930E+00,-1.55225344E+00
+11.65000E-03,+11.77214205E+00,-1.56414885E+00
+11.67500E-03,+11.94978810E+00,-1.56599402E+00
+11.70000E-03,+12.13410814E+00,-1.54993717E+00
+11.72500E-03,+12.31391341E+00,-1.55869188E+00
+11.75000E-03,+12.48429658E+00,-1.53988692E+00
+11.77500E-03,+12.66292409E+00,-1.57781091E+00
+11.80000E-03,+12.84469231E+00,-1.49387561E+00
+11.82500E-03,+13.01016813E+00,-1.57408133E+00
+11.85000E-03,+13.19645111E+00,-1.53336996E+00
+11.87500E-03,+13.37233051E+00,-1.52178861E+00
+11.90000E-03,+13.53800262E+00,-1.53753139E+00
+11.92500E-03,+13.70956355E+00,-1.52320193E+00
+11.95000E-03,+13.88622812E+00,-1.50730212E+00
+11.97500E-03,+14.05347059E+00,-1.56795696E+00
+12.00000E-03,+14.25015715E+00,-1.45367461E+00
+12.02500E-03,+14.42191437E+00,-1.49466079E+00
+12.05000E-03,+14.58346431E+00,-1.50643843E+00
+12.07500E-03,+14.76699917E+00,-1.48331500E+00
+12.10000E-03,+14.93168982E+00,-1.47173365E+00
+12.12500E-03,+15.09912857E+00,-1.46191895E+00
+12.15000E-03,+15.27716720E+00,-1.41394471E+00
+12.17500E-03,+15.42635062E+00,-1.41151066E+00
+12.20000E-03,+15.59123756E+00,-1.33495602E+00
+12.22500E-03,+15.72942852E+00,-1.24265859E+00
+12.25000E-03,+15.86565653E+00,-1.09814697E+00
+12.27500E-03,+15.97538486E+00,-1.02657819E+00
+12.30000E-03,+16.07726143E+00,-879.71105E-03
+12.32500E-03,+16.16794925E+00,-712.27229E-03
+12.35000E-03,+16.23194108E+00,-534.94032E-03
+12.37500E-03,+16.29514774E+00,-338.56784E-03
+12.40000E-03,+16.32930289E+00,-258.95100E-03
+12.42500E-03,+16.33695836E+00,-68.11401E-03
+12.45000E-03,+16.34736194E+00,+62.73555E-03
+12.47500E-03,+16.32596589E+00,+208.15012E-03
+12.50000E-03,+16.29632550E+00,+359.76758E-03
+12.52500E-03,+16.24293354E+00,+498.66520E-03
+12.55000E-03,+16.17580101E+00,+633.79396E-03
+12.57500E-03,+16.10297594E+00,+748.97926E-03
+12.60000E-03,+16.00895113E+00,+822.07914E-03
+12.62500E-03,+15.92160031E+00,+959.91676E-03
+12.65000E-03,+15.80559058E+00,+999.92147E-03
+12.67500E-03,+15.69193637E+00,+1.09508479E+00
+12.70000E-03,+15.57553404E+00,+1.14682788E+00
+12.72500E-03,+15.43223944E+00,+1.21325376E+00
+12.75000E-03,+15.28462638E+00,+1.21411745E+00
+12.77500E-03,+15.14761318E+00,+1.30091864E+00
+12.80000E-03,+14.99607424E+00,+1.35505652E+00
+12.82500E-03,+14.83275765E+00,+1.32977386E+00
+12.85000E-03,+14.68553718E+00,+1.38442210E+00
+12.87500E-03,+14.51907989E+00,+1.41237436E+00
+12.90000E-03,+14.35223001E+00,+1.42242461E+00
+12.92500E-03,+14.19283931E+00,+1.44849245E+00
+12.95000E-03,+14.01695991E+00,+1.45650124E+00
+12.97500E-03,+13.83813610E+00,+1.46682630E+00
+13.00000E-03,+13.68797121E+00,+1.48194094E+00
+13.02500E-03,+13.52072875E+00,+1.51739163E+00
+13.05000E-03,+13.33974571E+00,+1.50690953E+00
+13.07500E-03,+13.17564395E+00,+1.50899025E+00
+13.10000E-03,+13.00172749E+00,+1.53062184E+00
+13.12500E-03,+12.82231480E+00,+1.52163158E+00
+13.15000E-03,+12.64996869E+00,+1.55590451E+00
+13.17500E-03,+12.47389300E+00,+1.52434044E+00
+13.20000E-03,+12.28878778E+00,+1.50738064E+00
+13.22500E-03,+12.12821932E+00,+1.59641958E+00
+13.25000E-03,+11.94527333E+00,+1.54027951E+00
+13.27500E-03,+11.75840147E+00,+1.55476600E+00
+13.30000E-03,+11.58919607E+00,+1.56768214E+00
+13.32500E-03,+11.40428715E+00,+1.57054804E+00
+13.35000E-03,+11.22251893E+00,+1.55496229E+00
+13.37500E-03,+11.04605065E+00,+1.57251098E+00
+13.40000E-03,+10.85034556E+00,+1.60191581E+00
+13.42500E-03,+10.65542565E+00,+1.53847360E+00
+13.45000E-03,+10.47738702E+00,+1.58715451E+00
+13.47500E-03,+10.29679656E+00,+1.58475972E+00
+13.50000E-03,+10.11070988E+00,+1.57270727E+00
+13.52500E-03,+9.94837476E+00,+1.59123742E+00
+13.55000E-03,+9.76012885E+00,+1.56626883E+00
+13.57500E-03,+9.59327897E+00,+1.61098459E+00
+13.60000E-03,+9.42603651E+00,+1.58087310E+00
+13.62500E-03,+9.24583864E+00,+1.59096261E+00
+13.65000E-03,+9.06250007E+00,+1.58299307E+00
+13.67500E-03,+8.89231320E+00,+1.59096261E+00
+13.70000E-03,+8.71859303E+00,+1.59594848E+00
+13.72500E-03,+8.54192846E+00,+1.59163001E+00
+13.75000E-03,+8.36133801E+00,+1.60293654E+00
+13.77500E-03,+8.17839202E+00,+1.58739006E+00
+13.80000E-03,+7.99387569E+00,+1.58589822E+00
+13.82500E-03,+7.81269636E+00,+1.62535331E+00
+13.85000E-03,+7.63190961E+00,+1.58825375E+00
+13.87500E-03,+7.44111187E+00,+1.59810771E+00
+13.90000E-03,+7.27151388E+00,+1.59908918E+00
+13.92500E-03,+7.10171959E+00,+1.60203359E+00
+13.95000E-03,+6.92682166E+00,+1.61345790E+00
+13.97500E-03,+6.74309051E+00,+1.59131594E+00
+14.00000E-03,+6.54915206E+00,+1.62295853E+00
+14.02500E-03,+6.35442844E+00,+1.59598773E+00
+14.05000E-03,+6.16677141E+00,+1.60489948E+00
+14.07500E-03,+5.98794760E+00,+1.61361493E+00
+14.10000E-03,+5.79930909E+00,+1.60113064E+00
+14.12500E-03,+5.62009269E+00,+1.61875783E+00
+14.15000E-03,+5.42360243E+00,+1.58691895E+00
+14.17500E-03,+5.24320827E+00,+1.62099559E+00
+14.20000E-03,+5.06202893E+00,+1.61981782E+00
+14.22500E-03,+4.87044602E+00,+1.59645884E+00
+14.25000E-03,+4.68671486E+00,+1.60646983E+00
+14.27500E-03,+4.49670230E+00,+1.61078830E+00
+14.30000E-03,+4.30983044E+00,+1.61337938E+00
+14.32500E-03,+4.12060305E+00,+1.60572391E+00
+14.35000E-03,+3.93294601E+00,+1.63850501E+00
+14.37500E-03,+3.73665204E+00,+1.58739006E+00
+14.40000E-03,+3.56548370E+00,+1.61039571E+00
+14.42500E-03,+3.38194883E+00,+1.63921167E+00
+14.45000E-03,+3.19684362E+00,+1.62986807E+00
+14.47500E-03,+2.99858671E+00,+1.59885363E+00
+14.50000E-03,+2.82349248E+00,+1.62452888E+00
+14.52500E-03,+2.62994663E+00,+1.61282976E+00
+14.55000E-03,+2.44543030E+00,+1.63198805E+00
+14.57500E-03,+2.25816585E+00,+1.64082128E+00
+14.60000E-03,+2.05794600E+00,+1.58087310E+00
+14.62500E-03,+1.89423682E+00,+1.62205557E+00
+14.65000E-03,+1.71560931E+00,+1.62947549E+00
+14.67500E-03,+1.53227074E+00,+1.61275124E+00
+14.70000E-03,+1.35678393E+00,+1.62327260E+00
+14.72500E-03,+1.17854900E+00,+1.62480369E+00
+14.75000E-03,+1.00502513E+00,+1.59814697E+00
+14.77500E-03,+831.89385E-03,+1.64525752E+00
+14.80000E-03,+655.62186E-03,+1.65185300E+00
+14.82500E-03,+459.32789E-03,+1.58165827E+00
+14.85000E-03,+296.01131E-03,+1.63528579E+00
+14.87500E-03,+121.30967E-03,+1.64553233E+00
+14.90000E-03,-55.74749E-03,+1.62123114E+00
+14.92500E-03,-223.77513E-03,+1.64172423E+00
+14.95000E-03,-408.68405E-03,+1.63552134E+00
+14.97500E-03,-593.98556E-03,+1.62978956E+00
+15.00000E-03,-768.68719E-03,+1.62421481E+00
+15.02500E-03,-957.52199E-03,+1.67324904E+00
+15.05000E-03,-1.14989008E+00,+1.59492775E+00
+15.07500E-03,-1.31340296E+00,+1.65020413E+00
+15.10000E-03,-1.51303393E+00,+1.64101757E+00
+15.12500E-03,-1.70363538E+00,+1.61341864E+00
+15.15000E-03,-1.88049625E+00,+1.67462310E+00
+15.17500E-03,-2.06736811E+00,+1.58169753E+00
+15.20000E-03,-2.24952891E+00,+1.64619973E+00
+15.22500E-03,-2.40970479E+00,+1.66751726E+00
+15.25000E-03,-2.60521359E+00,+1.61518528E+00
+15.27500E-03,-2.79365580E+00,+1.62994659E+00
+15.30000E-03,-2.98131284E+00,+1.63583541E+00
+15.32500E-03,-3.18251416E+00,+1.62099559E+00
+15.35000E-03,-3.36487126E+00,+1.63505023E+00
+15.37500E-03,-3.55135053E+00,+1.63999684E+00
+15.40000E-03,-3.74136309E+00,+1.63112435E+00
+15.42500E-03,-3.92646831E+00,+1.57769314E+00
+15.45000E-03,-4.09626259E+00,+1.67572234E+00
+15.47500E-03,-4.28921957E+00,+1.61471418E+00
+15.50000E-03,-4.47864325E+00,+1.63065325E+00
+15.52500E-03,-4.67415205E+00,+1.60910017E+00
+15.55000E-03,-4.86494979E+00,+1.63622800E+00
+15.57500E-03,-5.05064388E+00,+1.61915042E+00
+15.60000E-03,-5.23319728E+00,+1.66755651E+00
+15.62500E-03,-5.42870607E+00,+1.59626255E+00
+15.65000E-03,-5.61518535E+00,+1.63033918E+00
+15.67500E-03,-5.80087944E+00,+1.62817994E+00
+15.70000E-03,-5.98775130E+00,+1.62876883E+00
+15.72500E-03,-6.17187505E+00,+1.63328359E+00
+15.75000E-03,-6.35560621E+00,+1.62366518E+00
+15.77500E-03,-6.53325225E+00,+1.60085582E+00
+15.80000E-03,-6.70932794E+00,+1.68168968E+00
+15.82500E-03,-6.90562191E+00,+1.61451788E+00
+15.85000E-03,-7.08856789E+00,+1.59932473E+00
+15.87500E-03,-7.26503617E+00,+1.63230212E+00
+15.90000E-03,-7.45838574E+00,+1.60929647E+00
+15.92500E-03,-7.63838731E+00,+1.63332285E+00
+15.95000E-03,-7.82388511E+00,+1.61377197E+00
+15.97500E-03,-8.02646049E+00,+1.61569565E+00
+16.00000E-03,-8.19959177E+00,+1.61542084E+00
+16.02500E-03,-8.38823028E+00,+1.63826945E+00
+16.05000E-03,-8.57529843E+00,+1.61055275E+00
+16.07500E-03,-8.75471112E+00,+1.60870758E+00
+16.10000E-03,-8.93216087E+00,+1.61856154E+00
+16.12500E-03,-9.12217344E+00,+1.60081657E+00
+16.15000E-03,-9.29530472E+00,+1.62829772E+00
+16.17500E-03,-9.49866528E+00,+1.64341236E+00
+16.20000E-03,-9.70555912E+00,+1.50423993E+00
+16.22500E-03,-9.85376107E+00,+1.64792712E+00
+16.25000E-03,-10.04082922E+00,+1.61432159E+00
+16.27500E-03,-10.22770109E+00,+1.59198334E+00
+16.30000E-03,-10.40043978E+00,+1.61086682E+00
+16.32500E-03,-10.57847841E+00,+1.58974559E+00
+16.35000E-03,-10.77418350E+00,+1.58809672E+00
+16.37500E-03,-10.93239644E+00,+1.62213409E+00
+16.40000E-03,-11.14400134E+00,+1.56862436E+00
+16.42500E-03,-11.34559525E+00,+1.59653736E+00
+16.45000E-03,-11.52441906E+00,+1.56611179E+00
+16.47500E-03,-11.70775763E+00,+1.60364320E+00
+16.50000E-03,-11.89934055E+00,+1.56768214E+00
+16.52500E-03,-12.06187195E+00,+1.58727228E+00
+16.55000E-03,-12.25188452E+00,+1.57168654E+00
+16.57500E-03,-12.43345644E+00,+1.53749213E+00
+16.60000E-03,-12.59500638E+00,+1.61165199E+00
+16.62500E-03,-12.79208553E+00,+1.54852385E+00
+16.65000E-03,-12.98131292E+00,+1.51358353E+00
+16.67500E-03,-13.14168509E+00,+1.56748585E+00
+16.70000E-03,-13.32757548E+00,+1.53690325E+00
+16.72500E-03,-13.50600670E+00,+1.51872643E+00
+16.75000E-03,-13.67069734E+00,+1.53792398E+00
+16.77500E-03,-13.84382863E+00,+1.48021355E+00
+16.80000E-03,-14.01774508E+00,+1.50612436E+00
+16.82500E-03,-14.16457298E+00,+1.49124527E+00
+16.85000E-03,-14.33691908E+00,+1.48288315E+00
+16.87500E-03,-14.50828372E+00,+1.45241833E+00
+16.90000E-03,-14.67022625E+00,+1.45320350E+00
+16.92500E-03,-14.83982424E+00,+1.42199276E+00
+16.95000E-03,-15.01609622E+00,+1.41512247E+00
+16.97500E-03,-15.18255351E+00,+1.35085583E+00
+17.00000E-03,-15.32898881E+00,+1.35662687E+00
+17.02500E-03,-15.48464993E+00,+1.31791770E+00
+17.05000E-03,-15.63128153E+00,+1.29640388E+00
+17.07500E-03,-15.77712795E+00,+1.22616990E+00
+17.10000E-03,-15.92179661E+00,+1.16598617E+00
+17.12500E-03,-16.05115433E+00,+1.11149496E+00
+17.15000E-03,-16.16441596E+00,+1.03093592E+00
+17.17500E-03,-16.28376269E+00,+918.45948E-03
+17.20000E-03,-16.38112450E+00,+871.07411E-03
+17.22500E-03,-16.47102714E+00,+724.48178E-03
+17.25000E-03,-16.54993732E+00,+630.02512E-03
+17.27500E-03,-16.61019956E+00,+477.46545E-03
+17.30000E-03,-16.65436571E+00,+352.70100E-03
+17.32500E-03,-16.69794297E+00,+235.51350E-03
+17.35000E-03,-16.71129096E+00,+94.29962E-03
+17.37500E-03,-16.72247972E+00,+46.67871E-03
+17.40000E-03,-16.72346119E+00,-84.32789E-03
+17.42500E-03,-16.70363549E+00,-220.28109E-03
+17.45000E-03,-16.67046181E+00,-244.34673E-03
+17.47500E-03,-16.64258807E+00,-397.14196E-03
+17.50000E-03,-16.58998129E+00,-465.45226E-03
+17.52500E-03,-16.52697092E+00,-545.61871E-03
+17.55000E-03,-16.47063455E+00,-658.76256E-03
+17.57500E-03,-16.38505038E+00,-645.61086E-03
+17.60000E-03,-16.31202902E+00,-852.22989E-03
+17.62500E-03,-16.22075233E+00,-853.32914E-03
+17.65000E-03,-16.11180917E+00,-916.06469E-03
+17.67500E-03,-16.00482896E+00,-974.79584E-03
+17.70000E-03,-15.89195992E+00,-1.03423366E+00
+17.72500E-03,-15.76279849E+00,-1.07914572E+00
+17.75000E-03,-15.63442223E+00,-1.12719848E+00
+17.77500E-03,-15.49937198E+00,-1.15935143E+00
+17.80000E-03,-15.36510690E+00,-1.25612436E+00
+17.82500E-03,-15.21808272E+00,-1.18388818E+00
+17.85000E-03,-15.08362135E+00,-1.32333541E+00
+17.87500E-03,-14.92540841E+00,-1.28843435E+00
+17.90000E-03,-14.76994358E+00,-1.33338566E+00
+17.92500E-03,-14.61526393E+00,-1.35474245E+00
+17.95000E-03,-14.45508805E+00,-1.38905463E+00
+17.97500E-03,-14.29216406E+00,-1.38249841E+00
+18.00000E-03,-14.14494358E+00,-1.43577260E+00
+18.02500E-03,-13.97711223E+00,-1.41810614E+00
+18.05000E-03,-13.82694734E+00,-1.47377511E+00
+18.07500E-03,-13.66677146E+00,-1.45261462E+00
+18.10000E-03,-13.50109935E+00,-1.48476757E+00
+18.12500E-03,-13.32993101E+00,-1.49772297E+00
+18.15000E-03,-13.15522937E+00,-1.49623114E+00
+18.17500E-03,-12.97758333E+00,-1.53282034E+00
+18.20000E-03,-12.79287070E+00,-1.49890074E+00
+18.22500E-03,-12.61915054E+00,-1.53823805E+00
+18.25000E-03,-12.44935625E+00,-1.54766016E+00
+18.27500E-03,-12.26228810E+00,-1.54502982E+00
+18.30000E-03,-12.09092346E+00,-1.55449119E+00
+18.32500E-03,-11.91759588E+00,-1.57730055E+00
+18.35000E-03,-11.72738703E+00,-1.54106468E+00
+18.37500E-03,-11.55720015E+00,-1.61043497E+00
+18.40000E-03,-11.36385059E+00,-1.56265702E+00
+18.42500E-03,-11.15676045E+00,-1.56882065E+00
+18.45000E-03,-10.97832923E+00,-1.58503453E+00
+18.47500E-03,-10.79675731E+00,-1.60450689E+00
+18.50000E-03,-10.60537069E+00,-1.58919596E+00
+18.52500E-03,-10.43636158E+00,-1.61000312E+00
+18.55000E-03,-10.24733048E+00,-1.57875312E+00
+18.57500E-03,-10.06988073E+00,-1.64074276E+00
+18.60000E-03,-9.89400133E+00,-1.54758164E+00
+18.62500E-03,-9.71439235E+00,-1.65746700E+00
+18.65000E-03,-9.51593914E+00,-1.57922423E+00
+18.67500E-03,-9.33515240E+00,-1.62535331E+00
+18.70000E-03,-9.14886942E+00,-1.62185928E+00
+18.72500E-03,-8.95630503E+00,-1.59916770E+00
+18.75000E-03,-8.78454781E+00,-1.65043968E+00
+18.77500E-03,-8.59669448E+00,-1.61302605E+00
+18.80000E-03,-8.41001891E+00,-1.60160174E+00
+18.82500E-03,-8.23512098E+00,-1.65601443E+00
+18.85000E-03,-8.04216401E+00,-1.61447863E+00
+18.87500E-03,-7.84528115E+00,-1.62484295E+00
+18.90000E-03,-7.66096112E+00,-1.63065325E+00
+18.92500E-03,-7.47251890E+00,-1.62888660E+00
+18.95000E-03,-7.28486187E+00,-1.63426506E+00
+18.97500E-03,-7.10427141E+00,-1.63760206E+00
+19.00000E-03,-6.91504402E+00,-1.64588566E+00
+19.02500E-03,-6.72640552E+00,-1.60376098E+00
+19.05000E-03,-6.54561877E+00,-1.63387247E+00
+19.07500E-03,-6.36875790E+00,-1.64871229E+00
+19.10000E-03,-6.18168975E+00,-1.62908290E+00
+19.12500E-03,-5.99619194E+00,-1.63332285E+00
+19.15000E-03,-5.81854590E+00,-1.64470790E+00
+19.17500E-03,-5.61577423E+00,-1.60631280E+00
+19.20000E-03,-5.44048371E+00,-1.71278264E+00
+19.22500E-03,-5.23810463E+00,-1.58581971E+00
+19.25000E-03,-5.05378459E+00,-1.64989006E+00
+19.27500E-03,-4.86907196E+00,-1.63238064E+00
+19.30000E-03,-4.67415205E+00,-1.63960425E+00
+19.32500E-03,-4.48080248E+00,-1.63006437E+00
+19.35000E-03,-4.28784551E+00,-1.65617146E+00
+19.37500E-03,-4.09763665E+00,-1.60262247E+00
+19.40000E-03,-3.92352390E+00,-1.67069722E+00
+19.42500E-03,-3.72605216E+00,-1.62339037E+00
+19.45000E-03,-3.54938759E+00,-1.64219533E+00
+19.47500E-03,-3.35564544E+00,-1.63520727E+00
+19.50000E-03,-3.16975505E+00,-1.63536430E+00
+19.52500E-03,-2.97012408E+00,-1.63646355E+00
+19.55000E-03,-2.78266334E+00,-1.64949747E+00
+19.57500E-03,-2.59049154E+00,-1.60780463E+00
+19.60000E-03,-2.41912690E+00,-1.67258164E+00
+19.62500E-03,-2.23048840E+00,-1.61224087E+00
+19.65000E-03,-2.05087941E+00,-1.64290199E+00
+19.67500E-03,-1.86793343E+00,-1.63874056E+00
+19.70000E-03,-1.68106157E+00,-1.63724873E+00
+19.72500E-03,-1.49595636E+00,-1.64616047E+00
+19.75000E-03,-1.30967338E+00,-1.61879709E+00
+19.77500E-03,-1.12554963E+00,-1.66021512E+00
+19.80000E-03,-936.71483E-03,-1.62735551E+00
+19.82500E-03,-762.79837E-03,-1.63399025E+00
+19.85000E-03,-576.71169E-03,-1.64800564E+00
+19.87500E-03,-396.31753E-03,-1.63296952E+00
+19.90000E-03,-219.06407E-03,-1.64305903E+00
+19.92500E-03,-39.06250E-03,-1.63948648E+00
+19.95000E-03,+138.58354E-03,-1.63709169E+00
+19.97500E-03,+315.05182E-03,-1.67101129E+00
+20.00000E-03,+493.87563E-03,-1.60254395E+00
+20.02500E-03,+674.07350E-03,-1.66586839E+00
+20.05000E-03,+851.91584E-03,-1.62680589E+00
+20.07500E-03,+1.03348776E+00,-1.63854427E+00
+20.10000E-03,+1.20917086E+00,-1.63866204E+00
+20.12500E-03,+1.39623902E+00,-1.63493246E+00
+20.15000E-03,+1.57545541E+00,-1.62971104E+00
+20.17500E-03,+1.74976446E+00,-1.64144942E+00
+20.20000E-03,+1.94016961E+00,-1.62892586E+00
+20.22500E-03,+2.11055278E+00,-1.63135991E+00
+20.25000E-03,+2.30449122E+00,-1.61801192E+00
+20.27500E-03,+2.49332602E+00,-1.64137090E+00
+20.30000E-03,+2.68530153E+00,-1.62578516E+00
+20.32500E-03,+2.87001416E+00,-1.63257693E+00
+20.35000E-03,+3.06728960E+00,-1.60065953E+00
+20.37500E-03,+3.24650599E+00,-1.63112435E+00
+20.40000E-03,+3.42729274E+00,-1.64494345E+00
+20.42500E-03,+3.61671642E+00,-1.62731625E+00
+20.45000E-03,+3.80025129E+00,-1.60105212E+00
+20.47500E-03,+3.98241209E+00,-1.63379395E+00
+20.50000E-03,+4.18891335E+00,-1.60835425E+00
+20.52500E-03,+4.37500003E+00,-1.60501726E+00
+20.55000E-03,+4.55598308E+00,-1.64266644E+00
+20.57500E-03,+4.75679181E+00,-1.59708698E+00
+20.60000E-03,+4.93797114E+00,-1.59217963E+00
+20.62500E-03,+5.11777642E+00,-1.64231311E+00
+20.65000E-03,+5.31171487E+00,-1.59257222E+00
+20.67500E-03,+5.49956820E+00,-1.61196606E+00
+20.70000E-03,+5.67760683E+00,-1.61667712E+00
+20.72500E-03,+5.86899345E+00,-1.60003139E+00
+20.75000E-03,+6.04192844E+00,-1.63732724E+00
+20.77500E-03,+6.23272618E+00,-1.58134420E+00
+20.80000E-03,+6.42666462E+00,-1.61730526E+00
+20.82500E-03,+6.61824754E+00,-1.60733353E+00
+20.85000E-03,+6.80237128E+00,-1.60309358E+00
+20.87500E-03,+6.99042091E+00,-1.60179804E+00
+20.90000E-03,+7.16080408E+00,-1.60364320E+00
+20.92500E-03,+7.33452424E+00,-1.60819722E+00
+20.95000E-03,+7.51531099E+00,-1.59704772E+00
+20.97500E-03,+7.68883486E+00,-1.60242618E+00
+21.00000E-03,+7.88395107E+00,-1.62641330E+00
+21.02500E-03,+8.06689705E+00,-1.55362750E+00
+21.05000E-03,+8.24709491E+00,-1.62421481E+00
+21.07500E-03,+8.43023719E+00,-1.58966707E+00
+21.10000E-03,+8.61259429E+00,-1.59092335E+00
+21.12500E-03,+8.78533298E+00,-1.58432787E+00
+21.15000E-03,+8.95610874E+00,-1.57380652E+00
+21.17500E-03,+9.13355849E+00,-1.60717649E+00
+21.20000E-03,+9.30354907E+00,-1.59689069E+00
+21.22500E-03,+9.49768381E+00,-1.56905620E+00
+21.25000E-03,+9.66472998E+00,-1.57302134E+00
+21.27500E-03,+9.83216873E+00,-1.58746858E+00
+21.30000E-03,+10.01256289E+00,-1.58087310E+00
+21.32500E-03,+10.18608676E+00,-1.56626883E+00
+21.35000E-03,+10.37060310E+00,-1.59610551E+00
+21.37500E-03,+10.55394167E+00,-1.53458698E+00
+21.40000E-03,+10.73413953E+00,-1.60065953E+00
+21.42500E-03,+10.92807797E+00,-1.57706500E+00
+21.45000E-03,+11.11220172E+00,-1.56461996E+00
+21.47500E-03,+11.29593288E+00,-1.56866361E+00
+21.50000E-03,+11.47927145E+00,-1.56454144E+00
+21.52500E-03,+11.65201014E+00,-1.56854584E+00
+21.55000E-03,+11.82671178E+00,-1.56909546E+00
+21.57500E-03,+12.02084651E+00,-1.54263503E+00
+21.60000E-03,+12.19456668E+00,-1.57521983E+00
+21.62500E-03,+12.36318320E+00,-1.55170382E+00
+21.65000E-03,+12.54475512E+00,-1.56092963E+00
+21.67500E-03,+12.72279376E+00,-1.54467649E+00
+21.70000E-03,+12.89965462E+00,-1.54538315E+00
+21.72500E-03,+13.08201172E+00,-1.54440168E+00
+21.75000E-03,+13.25848000E+00,-1.50635991E+00
+21.77500E-03,+13.42238547E+00,-1.56944879E+00
+21.80000E-03,+13.60631292E+00,-1.50863692E+00
+21.82500E-03,+13.77277021E+00,-1.50655620E+00
+21.85000E-03,+13.94079785E+00,-1.55056531E+00
+21.87500E-03,+14.12982894E+00,-1.48865419E+00
+21.90000E-03,+14.29805288E+00,-1.50879395E+00
+21.92500E-03,+14.47196933E+00,-1.50887247E+00
+21.95000E-03,+14.65373755E+00,-1.48264760E+00
+21.97500E-03,+14.81666155E+00,-1.49234452E+00
+22.00000E-03,+14.99136318E+00,-1.43954144E+00
+22.02500E-03,+15.16037229E+00,-1.47526694E+00
+22.05000E-03,+15.32702587E+00,-1.40891958E+00
+22.07500E-03,+15.49348316E+00,-1.37869031E+00
+22.10000E-03,+15.64070364E+00,-1.29978014E+00
+22.12500E-03,+15.77339836E+00,-1.20237907E+00
+22.15000E-03,+15.90020427E+00,-1.08063755E+00
+22.17500E-03,+16.01680289E+00,-957.75753E-03
+22.20000E-03,+16.11259435E+00,-839.66708E-03
+22.22500E-03,+16.19268229E+00,-652.40263E-03
+22.25000E-03,+16.25706671E+00,-457.36494E-03
+22.27500E-03,+16.30201803E+00,-319.99843E-03
+22.30000E-03,+16.33087324E+00,-168.18467E-03
+22.32500E-03,+16.33892130E+00,-43.42023E-03
+22.35000E-03,+16.34029535E+00,+132.61620E-03
+22.37500E-03,+16.31085126E+00,+227.66174E-03
+22.40000E-03,+16.28219234E+00,+412.21733E-03
+22.42500E-03,+16.21918197E+00,+555.23712E-03
+22.45000E-03,+16.15067538E+00,+661.74622E-03
+22.47500E-03,+16.07058744E+00,+774.57600E-03
+22.50000E-03,+15.98853656E+00,+883.47989E-03
+22.52500E-03,+15.87468605E+00,+955.99088E-03
+22.55000E-03,+15.76790213E+00,+1.05684672E+00
+22.57500E-03,+15.65503310E+00,+1.10380024E+00
+22.60000E-03,+15.52214208E+00,+1.17697863E+00
+22.62500E-03,+15.38591407E+00,+1.20618717E+00
+22.65000E-03,+15.24379723E+00,+1.28015074E+00
+22.67500E-03,+15.09265087E+00,+1.29318466E+00
+22.70000E-03,+14.94346745E+00,+1.33809672E+00
+22.72500E-03,+14.78839522E+00,+1.37240890E+00
+22.75000E-03,+14.62507863E+00,+1.35701946E+00
+22.77500E-03,+14.47118416E+00,+1.47432473E+00
+22.80000E-03,+14.28627524E+00,+1.38771983E+00
+22.82500E-03,+14.11844389E+00,+1.42956971E+00
+22.85000E-03,+13.96474571E+00,+1.47801506E+00
+22.87500E-03,+13.79357737E+00,+1.48370758E+00
+22.90000E-03,+13.61730538E+00,+1.48084169E+00
+22.92500E-03,+13.45791468E+00,+1.50953987E+00
+22.95000E-03,+13.28282046E+00,+1.48578830E+00
+22.97500E-03,+13.12578528E+00,+1.52536116E+00
+23.00000E-03,+12.94676518E+00,+1.54349873E+00
+23.02500E-03,+12.76499696E+00,+1.54915199E+00
+23.05000E-03,+12.58636945E+00,+1.51232725E+00
+23.07500E-03,+12.41873439E+00,+1.55990890E+00
+23.10000E-03,+12.24010688E+00,+1.54569722E+00
+23.12500E-03,+12.06108678E+00,+1.55566895E+00
+23.15000E-03,+11.88834808E+00,+1.57003767E+00
+23.17500E-03,+11.69813922E+00,+1.54620758E+00
+23.20000E-03,+11.51931542E+00,+1.55794596E+00
+23.22500E-03,+11.34716560E+00,+1.59908918E+00
+23.25000E-03,+11.15695675E+00,+1.54695350E+00
+23.27500E-03,+10.97283300E+00,+1.57062655E+00
+23.30000E-03,+10.79067219E+00,+1.57977385E+00
+23.32500E-03,+10.59320046E+00,+1.56379552E+00
+23.35000E-03,+10.41771365E+00,+1.59343591E+00
+23.37500E-03,+10.23555284E+00,+1.58228642E+00
+23.40000E-03,+10.05260686E+00,+1.57930275E+00
+23.42500E-03,+9.87888670E+00,+1.54173208E+00
+23.45000E-03,+9.70477395E+00,+1.63402951E+00
+23.47500E-03,+9.53007231E+00,+1.56242147E+00
+23.50000E-03,+9.35537068E+00,+1.60065953E+00
+23.52500E-03,+9.17242469E+00,+1.57231468E+00
+23.55000E-03,+9.00125635E+00,+1.59767586E+00
+23.57500E-03,+8.83479906E+00,+1.60179804E+00
+23.60000E-03,+8.65499379E+00,+1.59971732E+00
+23.62500E-03,+8.46812193E+00,+1.56630809E+00
+23.65000E-03,+8.30127205E+00,+1.61463566E+00
+23.67500E-03,+8.11067060E+00,+1.58542712E+00
+23.70000E-03,+7.92478021E+00,+1.59013817E+00
+23.72500E-03,+7.74438605E+00,+1.60858981E+00
+23.75000E-03,+7.56516966E+00,+1.60356468E+00
+23.77500E-03,+7.38497179E+00,+1.57188283E+00
+23.80000E-03,+7.22283297E+00,+1.67006908E+00
+23.82500E-03,+7.03340929E+00,+1.56842806E+00
+23.85000E-03,+6.85694101E+00,+1.60466393E+00
+23.87500E-03,+6.67772461E+00,+1.60811870E+00
+23.90000E-03,+6.47848623E+00,+1.59657662E+00
+23.92500E-03,+6.29043661E+00,+1.62464665E+00
+23.95000E-03,+6.09963887E+00,+1.58974559E+00
+23.97500E-03,+5.91492624E+00,+1.60085582E+00
+24.00000E-03,+5.74199125E+00,+1.63112435E+00
+24.02500E-03,+5.55570827E+00,+1.60274025E+00
+24.05000E-03,+5.36118095E+00,+1.61879709E+00
+24.07500E-03,+5.17313132E+00,+1.59041299E+00
+24.10000E-03,+5.00000004E+00,+1.62248742E+00
+24.12500E-03,+4.80665048E+00,+1.60434986E+00
+24.15000E-03,+4.61801197E+00,+1.60937498E+00
+24.17500E-03,+4.43801040E+00,+1.64439383E+00
+24.20000E-03,+4.23288320E+00,+1.52528265E+00
+24.22500E-03,+4.05877045E+00,+1.66995130E+00
+24.25000E-03,+3.86502830E+00,+1.60835425E+00
+24.27500E-03,+3.67128615E+00,+1.60462467E+00
+24.30000E-03,+3.49795857E+00,+1.61699119E+00
+24.32500E-03,+3.31422741E+00,+1.61797266E+00
+24.35000E-03,+3.12539261E+00,+1.59916770E+00
+24.37500E-03,+2.94813916E+00,+1.64674935E+00
+24.40000E-03,+2.75204148E+00,+1.58401380E+00
+24.42500E-03,+2.56359927E+00,+1.62339037E+00
+24.45000E-03,+2.37829776E+00,+1.61039571E+00
+24.47500E-03,+2.19476289E+00,+1.63544282E+00
+24.50000E-03,+2.00847992E+00,+1.61070978E+00
+24.52500E-03,+1.83417087E+00,+1.63320507E+00
+24.55000E-03,+1.64690642E+00,+1.58951003E+00
+24.57500E-03,+1.48260837E+00,+1.64247015E+00
+24.60000E-03,+1.30260679E+00,+1.64902636E+00
+24.62500E-03,+1.11809046E+00,+1.61467492E+00
+24.65000E-03,+933.18154E-03,+1.59932473E+00
+24.67500E-03,+770.84643E-03,+1.65149967E+00
+24.70000E-03,+588.09674E-03,+1.62421481E+00
+24.72500E-03,+408.68405E-03,+1.62182002E+00
+24.75000E-03,+235.16018E-03,+1.65562184E+00
+24.77500E-03,+52.21420E-03,+1.59488849E+00
+24.80000E-03,-115.42086E-03,+1.64368717E+00
+24.82500E-03,-297.18907E-03,+1.62931845E+00
+24.85000E-03,-469.53518E-03,+1.64031091E+00
+24.87500E-03,-649.92934E-03,+1.63830871E+00
+24.90000E-03,-837.78267E-03,+1.64038943E+00
+24.92500E-03,-1.02013977E+00,+1.61247643E+00
+24.95000E-03,-1.19660805E+00,+1.68027636E+00
+24.97500E-03,-1.38897614E+00,+1.60289728E+00
