x-axis,1
second,Volt
 -1.515625000000e-04, -1.21859e+01
 -1.510416675000e-04, -1.21734e+01
 -1.505208350000e-04, -1.21859e+01
 -1.500000025000e-04, -1.21985e+01
 -1.494791700000e-04, -1.21859e+01
 -1.489583375000e-04, -1.22613e+01
 -1.484375050000e-04, -1.22111e+01
 -1.479166725000e-04, -1.22111e+01
 -1.473958400000e-04, -1.21985e+01
 -1.468750075000e-04, -1.22362e+01
 -1.463541750000e-04, -1.22111e+01
 -1.458333425000e-04, -1.21357e+01
 -1.453125100000e-04, -1.22487e+01
 -1.447916775000e-04, -1.22111e+01
 -1.442708450000e-04, -1.21734e+01
 -1.437500125000e-04, -1.22487e+01
 -1.432291800000e-04, -1.22236e+01
 -1.427083475000e-04, -1.21859e+01
 -1.421875150000e-04, -1.22236e+01
 -1.416666825000e-04, -1.22362e+01
 -1.411458500000e-04, -1.22111e+01
 -1.406250175000e-04, -1.21985e+01
 -1.401041850000e-04, -1.22111e+01
 -1.395833525000e-04, -1.22111e+01
 -1.390625200000e-04, -1.21985e+01
 -1.385416875000e-04, -1.21985e+01
 -1.380208550000e-04, -1.22111e+01
 -1.375000225000e-04, -1.22362e+01
 -1.369791900000e-04, -1.22236e+01
 -1.364583575000e-04, -1.22111e+01
 -1.359375250000e-04, -1.22111e+01
 -1.354166925000e-04, -1.22236e+01
 -1.348958600000e-04, -1.22111e+01
 -1.343750275000e-04, -1.22111e+01
 -1.338541950000e-04, -1.22362e+01
 -1.333333625000e-04, -1.22111e+01
 -1.328125300000e-04, -1.21734e+01
 -1.322916975000e-04, -1.21859e+01
 -1.317708650000e-04, -1.21357e+01
 -1.312500325000e-04, -1.21231e+01
 -1.307292000000e-04, -1.22362e+01
 -1.302083675000e-04, -1.21859e+01
 -1.296875350000e-04, -1.21985e+01
 -1.291667025000e-04, -1.21985e+01
 -1.286458700000e-04, -1.21608e+01
 -1.281250375000e-04, -1.21985e+01
 -1.276042050000e-04, -1.21985e+01
 -1.270833725000e-04, -1.22487e+01
 -1.265625400000e-04, -1.22111e+01
 -1.260417075000e-04, -1.22236e+01
 -1.255208750000e-04, -1.22362e+01
 -1.250000425000e-04, -1.22362e+01
 -1.244792100000e-04, -1.21859e+01
 -1.239583775000e-04, -1.21985e+01
 -1.234375450000e-04, -1.22236e+01
 -1.229167125000e-04, -1.21985e+01
 -1.223958800000e-04, -1.22111e+01
 -1.218750475000e-04, -1.21985e+01
 -1.213542150000e-04, -1.21357e+01
 -1.208333825000e-04, -1.22111e+01
 -1.203125500000e-04, -1.22362e+01
 -1.197917175000e-04, -1.22236e+01
 -1.192708850000e-04, -1.21608e+01
 -1.187500525000e-04, -1.21859e+01
 -1.182292200000e-04, -1.21859e+01
 -1.177083875000e-04, -1.22362e+01
 -1.171875550000e-04, -1.21985e+01
 -1.166667225000e-04, -1.21859e+01
 -1.161458900000e-04, -1.22362e+01
 -1.156250575000e-04, -1.22487e+01
 -1.151042250000e-04, -1.22236e+01
 -1.145833925000e-04, -1.22236e+01
 -1.140625600000e-04, -1.21734e+01
 -1.135417275000e-04, -1.21734e+01
 -1.130208950000e-04, -1.22111e+01
 -1.125000625000e-04, -1.21985e+01
 -1.119792300000e-04, -1.22362e+01
 -1.114583975000e-04, -1.22362e+01
 -1.109375650000e-04, -1.22236e+01
 -1.104167325000e-04, -1.21734e+01
 -1.098959000000e-04, -1.22111e+01
 -1.093750675000e-04, -1.22236e+01
 -1.088542350000e-04, -1.22236e+01
 -1.083334025000e-04, -1.21985e+01
 -1.078125700000e-04, -1.22236e+01
 -1.072917375000e-04, -1.22236e+01
 -1.067709050000e-04, -1.22111e+01
 -1.062500725000e-04, -1.22236e+01
 -1.057292400000e-04, -1.22236e+01
 -1.052084075000e-04, -1.22111e+01
 -1.046875750000e-04, -1.22111e+01
 -1.041667425000e-04, -1.22111e+01
 -1.036459100000e-04, -1.22111e+01
 -1.031250775000e-04, -1.21985e+01
 -1.026042450000e-04, -1.22111e+01
 -1.020834125000e-04, -1.22111e+01
 -1.015625800000e-04, -1.22111e+01
 -1.010417475000e-04, -1.21985e+01
 -1.005209150000e-04, -1.22111e+01
 -1.000000825000e-04, -1.22236e+01
 -9.947925000000e-05, -1.21985e+01
 -9.895841750000e-05, -1.21985e+01
 -9.843758500000e-05, -1.21985e+01
 -9.791675250000e-05, -1.21985e+01
 -9.739592000000e-05, -1.22236e+01
 -9.687508750000e-05, -1.22236e+01
 -9.635425500000e-05, -1.21985e+01
 -9.583342250000e-05, -1.21608e+01
 -9.531259000000e-05, -1.22111e+01
 -9.479175750000e-05, -1.21859e+01
 -9.427092500000e-05, -1.22111e+01
 -9.375009250000e-05, -1.22111e+01
 -9.322926000000e-05, -1.22111e+01
 -9.270842750000e-05, -1.21985e+01
 -9.218759500000e-05, -1.22487e+01
 -9.166676250000e-05, -1.21985e+01
 -9.114593000000e-05, -1.22487e+01
 -9.062509750000e-05, -1.22236e+01
 -9.010426500000e-05, -1.22236e+01
 -8.958343250000e-05, -1.21985e+01
 -8.906260000000e-05, -1.21985e+01
 -8.854176750000e-05, -1.22111e+01
 -8.802093500000e-05, -1.22487e+01
 -8.750010250000e-05, -1.22111e+01
 -8.697927000000e-05, -1.21608e+01
 -8.645843750000e-05, -1.21859e+01
 -8.593760500000e-05, -1.22236e+01
 -8.541677250000e-05, -1.22236e+01
 -8.489594000000e-05, -1.22362e+01
 -8.437510750000e-05, -1.21985e+01
 -8.385427500000e-05, -1.22362e+01
 -8.333344250000e-05, -1.21357e+01
 -8.281261000000e-05, -1.20226e+01
 -8.229177750000e-05, -1.18970e+01
 -8.177094500000e-05, -1.18090e+01
 -8.125011250000e-05, -1.17085e+01
 -8.072928000000e-05, -1.16080e+01
 -8.020844750000e-05, -1.14950e+01
 -7.968761500000e-05, -1.13819e+01
 -7.916678250000e-05, -1.12186e+01
 -7.864595000000e-05, -1.11432e+01
 -7.812511750000e-05, -1.10427e+01
 -7.760428500000e-05, -1.09799e+01
 -7.708345250000e-05, -1.08794e+01
 -7.656262000000e-05, -1.07035e+01
 -7.604178750000e-05, -1.06281e+01
 -7.552095500000e-05, -1.05151e+01
 -7.500012250000e-05, -1.04271e+01
 -7.447929000000e-05, -1.02889e+01
 -7.395845750000e-05, -1.02010e+01
 -7.343762500000e-05, -1.00628e+01
 -7.291679250000e-05, -9.94975e+00
 -7.239596000000e-05, -9.84925e+00
 -7.187512750000e-05, -9.81156e+00
 -7.135429500000e-05, -9.68593e+00
 -7.083346250000e-05, -9.56030e+00
 -7.031263000000e-05, -9.47236e+00
 -6.979179750000e-05, -9.33417e+00
 -6.927096500000e-05, -9.27136e+00
 -6.875013250000e-05, -9.17085e+00
 -6.822930000000e-05, -9.05779e+00
 -6.770846750000e-05, -8.95729e+00
 -6.718763500000e-05, -8.90703e+00
 -6.666680250000e-05, -8.79397e+00
 -6.614597000000e-05, -8.70603e+00
 -6.562513750000e-05, -8.61809e+00
 -6.510430500000e-05, -8.51759e+00
 -6.458347250000e-05, -8.39196e+00
 -6.406264000000e-05, -8.31658e+00
 -6.354180750000e-05, -8.19096e+00
 -6.302097500000e-05, -8.11558e+00
 -6.250014250000e-05, -8.01508e+00
 -6.197931000000e-05, -7.90201e+00
 -6.145847750000e-05, -7.81407e+00
 -6.093764500000e-05, -7.77638e+00
 -6.041681250000e-05, -7.66332e+00
 -5.989598000000e-05, -7.55025e+00
 -5.937514750000e-05, -7.46231e+00
 -5.885431500000e-05, -7.41206e+00
 -5.833348250000e-05, -7.29900e+00
 -5.781265000000e-05, -7.22362e+00
 -5.729181750000e-05, -7.13568e+00
 -5.677098500000e-05, -7.03518e+00
 -5.625015250000e-05, -6.93467e+00
 -5.572932000000e-05, -6.88442e+00
 -5.520848750000e-05, -6.74623e+00
 -5.468765500000e-05, -6.65829e+00
 -5.416682250000e-05, -6.57035e+00
 -5.364599000000e-05, -6.45729e+00
 -5.312515750000e-05, -6.40704e+00
 -5.260432500000e-05, -6.33166e+00
 -5.208349250000e-05, -6.26884e+00
 -5.156266000000e-05, -6.23116e+00
 -5.104182750000e-05, -6.08040e+00
 -5.052099500000e-05, -6.03015e+00
 -5.000016250000e-05, -5.92965e+00
 -4.947933000000e-05, -5.81658e+00
 -4.895849750000e-05, -5.75377e+00
 -4.843766500000e-05, -5.67839e+00
 -4.791683250000e-05, -5.62814e+00
 -4.739600000000e-05, -5.52764e+00
 -4.687516750000e-05, -5.43970e+00
 -4.635433500000e-05, -5.38945e+00
 -4.583350250000e-05, -5.30151e+00
 -4.531267000000e-05, -5.18844e+00
 -4.479183750000e-05, -5.15075e+00
 -4.427100500000e-05, -5.03769e+00
 -4.375017250000e-05, -4.98744e+00
 -4.322934000000e-05, -4.87437e+00
 -4.270850750000e-05, -4.81156e+00
 -4.218767500000e-05, -4.71106e+00
 -4.166684250000e-05, -4.66080e+00
 -4.114601000000e-05, -4.54774e+00
 -4.062517750000e-05, -4.47236e+00
 -4.010434500000e-05, -4.42211e+00
 -3.958351250000e-05, -4.37186e+00
 -3.906268000000e-05, -4.23367e+00
 -3.854184750000e-05, -4.22111e+00
 -3.802101500000e-05, -4.08291e+00
 -3.750018250000e-05, -4.08291e+00
 -3.697935000000e-05, -3.99497e+00
 -3.645851750000e-05, -3.93216e+00
 -3.593768500000e-05, -3.80653e+00
 -3.541685250000e-05, -3.73116e+00
 -3.489602000000e-05, -3.66834e+00
 -3.437518750000e-05, -3.58040e+00
 -3.385435500000e-05, -3.54271e+00
 -3.333352250000e-05, -3.47990e+00
 -3.281269000000e-05, -3.37940e+00
 -3.229185750000e-05, -3.31658e+00
 -3.177102500000e-05, -3.22864e+00
 -3.125019250000e-05, -3.20352e+00
 -3.072936000000e-05, -3.07789e+00
 -3.020852750000e-05, -3.01508e+00
 -2.968769500000e-05, -2.95226e+00
 -2.916686250000e-05, -2.88945e+00
 -2.864603000000e-05, -2.80151e+00
 -2.812519750000e-05, -2.78894e+00
 -2.760436500000e-05, -2.65075e+00
 -2.708353250000e-05, -2.60050e+00
 -2.656270000000e-05, -2.55025e+00
 -2.604186750000e-05, -2.46231e+00
 -2.552103500000e-05, -2.43719e+00
 -2.500020250000e-05, -2.38693e+00
 -2.447937000000e-05, -2.29900e+00
 -2.395853750000e-05, -2.22362e+00
 -2.343770500000e-05, -2.17337e+00
 -2.291687250000e-05, -2.11055e+00
 -2.239604000000e-05, -2.04774e+00
 -2.187520750000e-05, -1.97236e+00
 -2.135437500000e-05, -1.88442e+00
 -2.083354250000e-05, -1.88442e+00
 -2.031271000000e-05, -1.80905e+00
 -1.979187750000e-05, -1.70854e+00
 -1.927104500000e-05, -1.64573e+00
 -1.875021250000e-05, -1.59548e+00
 -1.822938000000e-05, -1.52010e+00
 -1.770854750000e-05, -1.48241e+00
 -1.718771500000e-05, -1.41960e+00
 -1.666688250000e-05, -1.36935e+00
 -1.614605000000e-05, -1.29397e+00
 -1.562521750000e-05, -1.26884e+00
 -1.510438500000e-05, -1.18090e+00
 -1.458355250000e-05, -1.14322e+00
 -1.406272000000e-05, -1.05528e+00
 -1.354188750000e-05, -1.00503e+00
 -1.302105500000e-05, -9.17085e-01
 -1.250022250000e-05, -8.66834e-01
 -1.197939000000e-05, -8.04020e-01
 -1.145855750000e-05, -7.53769e-01
 -1.093772500000e-05, -6.90955e-01
 -1.041689250000e-05, -6.28141e-01
 -9.896060000000e-06, -6.03015e-01
 -9.375227500000e-06, -5.77889e-01
 -8.854395000000e-06, -4.77387e-01
 -8.333562500000e-06, -4.39698e-01
 -7.812730000000e-06, -3.89447e-01
 -7.291897500000e-06, -3.39196e-01
 -6.771065000000e-06, -2.63819e-01
 -6.250232500000e-06, -2.13568e-01
 -5.729400000000e-06, -1.13065e-01
 -5.208567500000e-06, -1.38191e-01
 -4.687735000000e-06, -5.02513e-02
 -4.166902500000e-06, -1.25628e-02
 -3.646070000000e-06,  3.76884e-02
 -3.125237500000e-06,  1.00503e-01
 -2.604405000000e-06,  1.63317e-01
 -2.083572500000e-06,  2.01005e-01
 -1.562740000000e-06,  2.88945e-01
 -1.041907500000e-06,  2.88945e-01
 -5.210750000000e-07,  3.14070e-01
 -2.424999999526e-10,  3.76884e-01
  5.205900000001e-07,  4.64824e-01
  1.041422500000e-06,  4.89950e-01
  1.562255000000e-06,  5.52764e-01
  2.083087500000e-06,  5.90452e-01
  2.603920000000e-06,  6.03015e-01
  3.124752500000e-06,  6.65829e-01
  3.645585000000e-06,  7.41206e-01
  4.166417500000e-06,  7.66332e-01
  4.687250000000e-06,  7.78894e-01
  5.208082500000e-06,  8.54271e-01
  5.728915000000e-06,  8.66834e-01
  6.249747500000e-06,  9.92462e-01
  6.770580000000e-06,  9.67337e-01
  7.291412500000e-06,  1.05528e+00
  7.812245000000e-06,  1.08040e+00
  8.333077500000e-06,  1.15578e+00
  8.853910000000e-06,  1.19347e+00
  9.374742500000e-06,  1.25628e+00
  9.895575000000e-06,  1.23116e+00
  1.041640750000e-05,  1.33166e+00
  1.093724000000e-05,  1.35678e+00
  1.145807250000e-05,  1.35678e+00
  1.197890500000e-05,  1.48241e+00
  1.249973750000e-05,  1.52010e+00
  1.302057000000e-05,  1.49497e+00
  1.354140250000e-05,  1.59548e+00
  1.406223500000e-05,  1.65829e+00
  1.458306750000e-05,  1.67085e+00
  1.510390000000e-05,  1.73367e+00
  1.562473250000e-05,  1.77136e+00
  1.614556500000e-05,  1.80905e+00
  1.666639750000e-05,  1.84673e+00
  1.718723000000e-05,  1.92211e+00
  1.770806250000e-05,  1.93467e+00
  1.822889500000e-05,  1.90955e+00
  1.874972750000e-05,  2.04774e+00
  1.927056000000e-05,  2.04774e+00
  1.979139250000e-05,  2.14824e+00
  2.031222500000e-05,  2.16080e+00
  2.083305750000e-05,  2.18593e+00
  2.135389000000e-05,  2.22362e+00
  2.187472250000e-05,  2.31156e+00
  2.239555500000e-05,  2.34925e+00
  2.291638750000e-05,  2.39950e+00
  2.343722000000e-05,  2.43719e+00
  2.395805250000e-05,  2.44975e+00
  2.447888500000e-05,  2.48744e+00
  2.499971750000e-05,  2.56281e+00
  2.552055000000e-05,  2.60050e+00
  2.604138250000e-05,  2.60050e+00
  2.656221500000e-05,  2.65075e+00
  2.708304750000e-05,  2.63819e+00
  2.760388000000e-05,  2.73869e+00
  2.812471250000e-05,  2.75126e+00
  2.864554500000e-05,  2.85176e+00
  2.916637750000e-05,  2.90201e+00
  2.968721000000e-05,  2.90201e+00
  3.020804250000e-05,  2.97739e+00
  3.072887500000e-05,  2.97739e+00
  3.124970750000e-05,  3.01508e+00
  3.177054000000e-05,  3.05276e+00
  3.229137250000e-05,  3.11558e+00
  3.281220500000e-05,  3.17839e+00
  3.333303750000e-05,  3.21608e+00
  3.385387000000e-05,  3.21608e+00
  3.437470250000e-05,  3.29146e+00
  3.489553500000e-05,  3.27889e+00
  3.541636750000e-05,  3.30402e+00
  3.593720000000e-05,  3.37940e+00
  3.645803250000e-05,  3.37940e+00
  3.697886500000e-05,  3.45477e+00
  3.749969750000e-05,  3.45477e+00
  3.802053000000e-05,  3.54271e+00
  3.854136250000e-05,  3.56784e+00
  3.906219500000e-05,  3.61809e+00
  3.958302750000e-05,  3.61809e+00
  4.010386000000e-05,  3.60553e+00
  4.062469250000e-05,  3.70603e+00
  4.114552500000e-05,  3.74372e+00
  4.166635750000e-05,  3.73116e+00
  4.218719000000e-05,  3.76884e+00
  4.270802250000e-05,  3.81910e+00
  4.322885500000e-05,  3.84422e+00
  4.374968750000e-05,  3.89447e+00
  4.427052000000e-05,  3.91960e+00
  4.479135250000e-05,  3.95729e+00
  4.531218500000e-05,  3.99497e+00
  4.583301750000e-05,  4.03266e+00
  4.635385000000e-05,  4.10804e+00
  4.687468250000e-05,  4.09548e+00
  4.739551500000e-05,  4.09548e+00
  4.791634750000e-05,  4.13317e+00
  4.843718000000e-05,  4.18342e+00
  4.895801250000e-05,  4.27136e+00
  4.947884500000e-05,  4.27136e+00
  4.999967750000e-05,  4.28392e+00
  5.052051000000e-05,  4.34673e+00
  5.104134250000e-05,  4.37186e+00
  5.156217500000e-05,  4.38442e+00
  5.208300750000e-05,  4.39699e+00
  5.260384000000e-05,  4.43467e+00
  5.312467250000e-05,  4.49749e+00
  5.364550500000e-05,  4.56030e+00
  5.416633750000e-05,  4.54774e+00
  5.468717000000e-05,  4.57286e+00
  5.520800250000e-05,  4.64824e+00
  5.572883500000e-05,  4.63568e+00
  5.624966750000e-05,  4.66080e+00
  5.677050000000e-05,  4.67337e+00
  5.729133250000e-05,  4.71106e+00
  5.781216500000e-05,  4.76131e+00
  5.833299750000e-05,  4.78643e+00
  5.885383000000e-05,  4.82412e+00
  5.937466250000e-05,  4.84925e+00
  5.989549500000e-05,  4.87437e+00
  6.041632750000e-05,  4.89950e+00
  6.093716000000e-05,  4.96231e+00
  6.145799250000e-05,  4.97487e+00
  6.197882500000e-05,  5.01256e+00
  6.249965750000e-05,  5.03769e+00
  6.302049000000e-05,  5.07538e+00
  6.354132250000e-05,  5.12563e+00
  6.406215500000e-05,  5.06281e+00
  6.458298750000e-05,  5.13819e+00
  6.510382000000e-05,  5.15075e+00
  6.562465250000e-05,  5.22613e+00
  6.614548500000e-05,  5.22613e+00
  6.666631750000e-05,  5.22613e+00
  6.718715000000e-05,  5.25126e+00
  6.770798250000e-05,  5.28894e+00
  6.822881500000e-05,  5.27638e+00
  6.874964750000e-05,  5.32663e+00
  6.927048000000e-05,  5.35176e+00
  6.979131250000e-05,  5.41457e+00
  7.031214500000e-05,  5.43970e+00
  7.083297750000e-05,  5.50251e+00
  7.135381000000e-05,  5.48995e+00
  7.187464250000e-05,  5.51508e+00
  7.239547500000e-05,  5.52764e+00
  7.291630750000e-05,  5.57789e+00
  7.343714000000e-05,  5.56533e+00
  7.395797250000e-05,  5.64070e+00
  7.447880500000e-05,  5.62814e+00
  7.499963750000e-05,  5.65327e+00
  7.552047000000e-05,  5.72864e+00
  7.604130250000e-05,  5.71608e+00
  7.656213500000e-05,  5.76633e+00
  7.708296750000e-05,  5.80402e+00
  7.760380000000e-05,  5.80402e+00
  7.812463250000e-05,  5.84171e+00
  7.864546500000e-05,  5.84171e+00
  7.916629750000e-05,  5.85427e+00
  7.968713000000e-05,  5.89196e+00
  8.020796250000e-05,  5.92965e+00
  8.072879500000e-05,  5.92965e+00
  8.124962750000e-05,  5.95477e+00
  8.177046000000e-05,  6.01759e+00
  8.229129250000e-05,  6.03015e+00
  8.281212500000e-05,  6.01759e+00
  8.333295750000e-05,  6.04271e+00
  8.385379000000e-05,  6.06784e+00
  8.437462250000e-05,  6.13065e+00
  8.489545500000e-05,  6.10553e+00
  8.541628750000e-05,  6.18090e+00
  8.593712000000e-05,  6.20603e+00
  8.645795250000e-05,  6.19347e+00
  8.697878500000e-05,  6.24372e+00
  8.749961750000e-05,  6.28141e+00
  8.802045000000e-05,  6.30653e+00
  8.854128250000e-05,  6.29397e+00
  8.906211500000e-05,  6.33166e+00
  8.958294750000e-05,  6.35678e+00
  9.010378000000e-05,  6.35678e+00
  9.062461250000e-05,  6.41960e+00
  9.114544500000e-05,  6.41960e+00
  9.166627750000e-05,  6.44472e+00
  9.218711000000e-05,  6.40704e+00
  9.270794250000e-05,  6.45729e+00
  9.322877500000e-05,  6.50754e+00
  9.374960750000e-05,  6.49498e+00
  9.427044000000e-05,  6.49498e+00
  9.479127250000e-05,  6.59548e+00
  9.531210500000e-05,  6.54523e+00
  9.583293750000e-05,  6.57035e+00
  9.635377000000e-05,  6.58291e+00
  9.687460250000e-05,  6.63317e+00
  9.739543500000e-05,  6.64573e+00
  9.791626750000e-05,  6.65829e+00
  9.843710000000e-05,  6.69598e+00
  9.895793250000e-05,  6.73367e+00
  9.947876500000e-05,  6.77136e+00
  9.999959750000e-05,  6.77136e+00
  1.005204300000e-04,  6.79648e+00
  1.010412625000e-04,  6.79648e+00
  1.015620950000e-04,  6.82161e+00
  1.020829275000e-04,  6.83417e+00
  1.026037600000e-04,  6.85930e+00
  1.031245925000e-04,  6.87186e+00
  1.036454250000e-04,  6.85930e+00
  1.041662575000e-04,  6.87186e+00
  1.046870900000e-04,  6.94724e+00
  1.052079225000e-04,  6.93467e+00
  1.057287550000e-04,  6.98492e+00
  1.062495875000e-04,  6.97236e+00
  1.067704200000e-04,  7.03518e+00
  1.072912525000e-04,  7.02261e+00
  1.078120850000e-04,  7.02261e+00
  1.083329175000e-04,  7.07286e+00
  1.088537500000e-04,  7.08543e+00
  1.093745825000e-04,  7.09799e+00
  1.098954150000e-04,  7.09799e+00
  1.104162475000e-04,  7.09799e+00
  1.109370800000e-04,  7.16080e+00
  1.114579125000e-04,  7.17337e+00
  1.119787450000e-04,  7.17337e+00
  1.124995775000e-04,  7.14824e+00
  1.130204100000e-04,  7.23618e+00
  1.135412425000e-04,  7.23618e+00
  1.140620750000e-04,  7.26131e+00
  1.145829075000e-04,  7.24874e+00
  1.151037400000e-04,  7.26131e+00
  1.156245725000e-04,  7.29900e+00
  1.161454050000e-04,  7.38693e+00
  1.166662375000e-04,  7.36181e+00
  1.171870700000e-04,  7.33668e+00
  1.177079025000e-04,  7.39950e+00
  1.182287350000e-04,  7.41206e+00
  1.187495675000e-04,  7.42462e+00
  1.192704000000e-04,  7.41206e+00
  1.197912325000e-04,  7.46231e+00
  1.203120650000e-04,  7.46231e+00
  1.208328975000e-04,  7.48744e+00
  1.213537300000e-04,  7.53769e+00
  1.218745625000e-04,  7.51256e+00
  1.223953950000e-04,  7.50000e+00
  1.229162275000e-04,  7.60050e+00
  1.234370600000e-04,  7.52513e+00
  1.239578925000e-04,  7.58794e+00
  1.244787250000e-04,  7.61307e+00
  1.249995575000e-04,  7.62563e+00
  1.255203900000e-04,  7.63819e+00
  1.260412225000e-04,  7.63819e+00
  1.265620550000e-04,  7.70100e+00
  1.270828875000e-04,  7.67588e+00
  1.276037200000e-04,  7.66332e+00
  1.281245525000e-04,  7.70100e+00
  1.286453850000e-04,  7.70100e+00
  1.291662175000e-04,  7.71357e+00
  1.296870500000e-04,  7.68844e+00
  1.302078825000e-04,  7.77638e+00
  1.307287150000e-04,  7.76382e+00
  1.312495475000e-04,  7.80151e+00
  1.317703800000e-04,  7.80151e+00
  1.322912125000e-04,  7.82663e+00
  1.328120450000e-04,  7.83920e+00
  1.333328775000e-04,  7.82663e+00
  1.338537100000e-04,  7.88945e+00
  1.343745425000e-04,  7.87688e+00
  1.348953750000e-04,  7.88945e+00
  1.354162075000e-04,  7.90201e+00
  1.359370400000e-04,  7.92714e+00
  1.364578725000e-04,  7.90201e+00
  1.369787050000e-04,  7.96482e+00
  1.374995375000e-04,  7.96482e+00
  1.380203700000e-04,  7.96482e+00
  1.385412025000e-04,  8.06533e+00
  1.390620350000e-04,  8.04020e+00
  1.395828675000e-04,  8.00251e+00
  1.401037000000e-04,  8.02764e+00
  1.406245325000e-04,  8.04020e+00
  1.411453650000e-04,  8.07789e+00
  1.416661975000e-04,  8.11558e+00
  1.421870300000e-04,  8.09045e+00
  1.427078625000e-04,  8.11558e+00
  1.432286950000e-04,  8.09045e+00
  1.437495275000e-04,  8.15327e+00
  1.442703600000e-04,  8.12814e+00
  1.447911925000e-04,  8.16583e+00
  1.453120250000e-04,  8.21608e+00
  1.458328575000e-04,  8.19096e+00
  1.463536900000e-04,  8.19096e+00
  1.468745225000e-04,  8.22864e+00
  1.473953550000e-04,  8.22864e+00
  1.479161875000e-04,  8.26633e+00
  1.484370200000e-04,  8.25377e+00
  1.489578525000e-04,  8.21608e+00
  1.494786850000e-04,  8.27889e+00
  1.499995175000e-04,  8.29146e+00
  1.505203500000e-04,  8.29146e+00
  1.510411825000e-04,  8.31658e+00
  1.515620150000e-04,  8.34171e+00
  1.520828475000e-04,  8.34171e+00
  1.526036800000e-04,  8.36683e+00
  1.531245125000e-04,  8.36683e+00
  1.536453450000e-04,  8.39196e+00
  1.541661775000e-04,  8.35427e+00
  1.546870100000e-04,  8.40452e+00
  1.552078425000e-04,  8.44221e+00
  1.557286750000e-04,  8.42965e+00
  1.562495075000e-04,  8.44221e+00
  1.567703400000e-04,  8.42965e+00
  1.572911725000e-04,  8.44221e+00
  1.578120050000e-04,  8.46734e+00
  1.583328375000e-04,  8.47990e+00
  1.588536700000e-04,  8.47990e+00
  1.593745025000e-04,  8.51759e+00
  1.598953350000e-04,  8.50502e+00
  1.604161675000e-04,  8.51759e+00
  1.609370000000e-04,  8.54271e+00
  1.614578325000e-04,  8.54271e+00
  1.619786650000e-04,  8.59297e+00
  1.624994975000e-04,  8.55528e+00
  1.630203300000e-04,  8.59297e+00
  1.635411625000e-04,  8.60553e+00
  1.640619950000e-04,  8.63065e+00
  1.645828275000e-04,  8.61809e+00
  1.651036600000e-04,  8.61809e+00
  1.656244925000e-04,  8.66834e+00
  1.661453250000e-04,  8.65578e+00
  1.666661575000e-04,  8.64322e+00
  1.671869900000e-04,  8.68090e+00
  1.677078225000e-04,  8.66834e+00
  1.682286550000e-04,  8.66834e+00
  1.687494875000e-04,  8.70603e+00
  1.692703200000e-04,  8.69347e+00
  1.697911525000e-04,  8.70603e+00
  1.703119850000e-04,  8.73116e+00
  1.708328175000e-04,  8.74372e+00
  1.713536500000e-04,  8.74372e+00
  1.718744825000e-04,  8.78141e+00
  1.723953150000e-04,  8.79397e+00
  1.729161475000e-04,  8.79397e+00
  1.734369800000e-04,  8.84422e+00
  1.739578125000e-04,  8.81910e+00
  1.744786450000e-04,  8.85678e+00
  1.749994775000e-04,  8.81910e+00
  1.755203100000e-04,  8.85678e+00
  1.760411425000e-04,  8.84422e+00
  1.765619750000e-04,  8.89447e+00
  1.770828075000e-04,  8.88191e+00
  1.776036400000e-04,  8.86935e+00
  1.781244725000e-04,  8.89447e+00
  1.786453050000e-04,  8.89447e+00
  1.791661375000e-04,  8.88191e+00
  1.796869700000e-04,  8.90703e+00
  1.802078025000e-04,  8.91960e+00
  1.807286350000e-04,  8.89447e+00
  1.812494675000e-04,  8.95729e+00
  1.817703000000e-04,  8.98241e+00
  1.822911325000e-04,  8.98241e+00
  1.828119650000e-04,  9.00754e+00
  1.833327975000e-04,  9.00754e+00
  1.838536300000e-04,  9.03266e+00
  1.843744625000e-04,  9.00754e+00
  1.848952950000e-04,  9.00754e+00
  1.854161275000e-04,  8.99498e+00
  1.859369600000e-04,  9.00754e+00
  1.864577925000e-04,  9.02010e+00
  1.869786250000e-04,  9.00754e+00
  1.874994575000e-04,  9.04523e+00
  1.880202900000e-04,  9.07035e+00
  1.885411225000e-04,  9.09548e+00
  1.890619550000e-04,  9.05779e+00
  1.895827875000e-04,  9.07035e+00
  1.901036200000e-04,  9.09548e+00
  1.906244525000e-04,  9.10804e+00
  1.911452850000e-04,  9.13317e+00
  1.916661175000e-04,  9.17085e+00
  1.921869500000e-04,  9.15829e+00
  1.927077825000e-04,  9.13317e+00
  1.932286150000e-04,  9.14573e+00
  1.937494475000e-04,  9.14573e+00
  1.942702800000e-04,  9.17085e+00
  1.947911125000e-04,  9.18342e+00
  1.953119450000e-04,  9.13317e+00
  1.958327775000e-04,  9.19598e+00
  1.963536100000e-04,  9.20854e+00
  1.968744425000e-04,  9.22111e+00
  1.973952750000e-04,  9.23367e+00
  1.979161075000e-04,  9.23367e+00
  1.984369400000e-04,  9.22111e+00
  1.989577725000e-04,  9.25879e+00
  1.994786050000e-04,  9.23367e+00
  1.999994375000e-04,  9.24623e+00
  2.005202700000e-04,  9.27136e+00
  2.010411025000e-04,  9.25879e+00
  2.015619350000e-04,  9.30904e+00
  2.020827675000e-04,  9.32161e+00
  2.026036000000e-04,  9.30904e+00
  2.031244325000e-04,  9.29648e+00
  2.036452650000e-04,  9.32161e+00
  2.041660975000e-04,  9.27136e+00
  2.046869300000e-04,  9.30904e+00
  2.052077625000e-04,  9.34673e+00
  2.057285950000e-04,  9.35930e+00
  2.062494275000e-04,  9.35930e+00
  2.067702600000e-04,  9.38442e+00
  2.072910925000e-04,  9.35930e+00
  2.078119250000e-04,  9.32161e+00
  2.083327575000e-04,  9.39699e+00
  2.088535900000e-04,  9.37186e+00
  2.093744225000e-04,  9.40955e+00
  2.098952550000e-04,  9.42211e+00
  2.104160875000e-04,  9.44724e+00
  2.109369200000e-04,  9.42211e+00
  2.114577525000e-04,  9.43467e+00
  2.119785850000e-04,  9.43467e+00
  2.124994175000e-04,  9.43467e+00
  2.130202500000e-04,  9.43467e+00
  2.135410825000e-04,  9.45980e+00
  2.140619150000e-04,  9.45980e+00
  2.145827475000e-04,  9.44724e+00
  2.151035800000e-04,  9.45980e+00
  2.156244125000e-04,  9.47236e+00
  2.161452450000e-04,  9.48492e+00
  2.166660775000e-04,  9.47236e+00
  2.171869100000e-04,  9.51005e+00
  2.177077425000e-04,  9.51005e+00
  2.182285750000e-04,  9.45980e+00
  2.187494075000e-04,  9.51005e+00
  2.192702400000e-04,  9.54774e+00
  2.197910725000e-04,  9.47236e+00
  2.203119050000e-04,  9.53518e+00
  2.208327375000e-04,  9.54774e+00
  2.213535700000e-04,  9.52261e+00
  2.218744025000e-04,  9.53518e+00
  2.223952350000e-04,  9.57286e+00
  2.229160675000e-04,  9.54774e+00
  2.234369000000e-04,  9.56030e+00
  2.239577325000e-04,  9.62312e+00
  2.244785650000e-04,  9.58543e+00
  2.249993975000e-04,  9.58543e+00
  2.255202300000e-04,  9.62312e+00
  2.260410625000e-04,  9.61055e+00
  2.265618950000e-04,  9.59799e+00
  2.270827275000e-04,  9.61055e+00
  2.276035600000e-04,  9.58543e+00
  2.281243925000e-04,  9.63568e+00
  2.286452250000e-04,  9.63568e+00
  2.291660575000e-04,  9.64824e+00
  2.296868900000e-04,  9.67337e+00
  2.302077225000e-04,  9.66080e+00
  2.307285550000e-04,  9.61055e+00
  2.312493875000e-04,  9.64824e+00
  2.317702200000e-04,  9.63568e+00
  2.322910525000e-04,  9.69849e+00
  2.328118850000e-04,  9.67337e+00
  2.333327175000e-04,  9.68593e+00
  2.338535500000e-04,  9.69849e+00
  2.343743825000e-04,  9.69849e+00
  2.348952150000e-04,  9.67337e+00
  2.354160475000e-04,  9.68593e+00
  2.359368800000e-04,  9.76131e+00
  2.364577125000e-04,  9.69849e+00
  2.369785450000e-04,  9.74874e+00
  2.374993775000e-04,  9.68593e+00
  2.380202100000e-04,  9.71106e+00
  2.385410425000e-04,  9.68593e+00
  2.390618750000e-04,  9.73618e+00
  2.395827075000e-04,  9.77387e+00
  2.401035400000e-04,  9.73618e+00
  2.406243725000e-04,  9.78643e+00
  2.411452050000e-04,  9.76131e+00
  2.416660375000e-04,  9.79900e+00
  2.421868700000e-04,  9.79900e+00
  2.427077025000e-04,  9.78643e+00
  2.432285350000e-04,  9.81156e+00
  2.437493675000e-04,  9.79900e+00
  2.442702000000e-04,  9.78643e+00
  2.447910325000e-04,  9.82412e+00
  2.453118650000e-04,  9.81156e+00
  2.458326975000e-04,  9.78643e+00
  2.463535300000e-04,  9.81156e+00
  2.468743625000e-04,  9.84925e+00
  2.473951950000e-04,  9.82412e+00
  2.479160275000e-04,  9.83668e+00
  2.484368600000e-04,  9.83668e+00
  2.489576925000e-04,  9.83668e+00
  2.494785250000e-04,  9.86181e+00
  2.499993575000e-04,  9.87437e+00
  2.505201900000e-04,  9.87437e+00
  2.510410225000e-04,  9.86181e+00
  2.515618550000e-04,  9.86181e+00
  2.520826875000e-04,  9.89950e+00
  2.526035200000e-04,  9.91206e+00
  2.531243525000e-04,  9.91206e+00
  2.536451850000e-04,  9.89950e+00
  2.541660175000e-04,  9.89950e+00
  2.546868500000e-04,  9.89950e+00
  2.552076825000e-04,  9.88693e+00
  2.557285150000e-04,  9.92462e+00
  2.562493475000e-04,  9.92462e+00
  2.567701800000e-04,  9.93719e+00
  2.572910125000e-04,  9.89950e+00
  2.578118450000e-04,  9.92462e+00
  2.583326775000e-04,  9.92462e+00
  2.588535100000e-04,  9.94975e+00
  2.593743425000e-04,  9.94975e+00
  2.598951750000e-04,  9.94975e+00
  2.604160075000e-04,  9.98744e+00
  2.609368400000e-04,  9.97487e+00
  2.614576725000e-04,  9.94975e+00
  2.619785050000e-04,  9.96231e+00
  2.624993375000e-04,  9.98744e+00
  2.630201700000e-04,  9.91206e+00
  2.635410025000e-04,  9.97487e+00
  2.640618350000e-04,  9.93719e+00
  2.645826675000e-04,  1.00126e+01
  2.651035000000e-04,  9.97487e+00
  2.656243325000e-04,  1.00251e+01
  2.661451650000e-04,  1.00126e+01
  2.666659975000e-04,  9.98744e+00
  2.671868300000e-04,  1.00000e+01
  2.677076625000e-04,  1.00251e+01
  2.682284950000e-04,  1.00754e+01
  2.687493275000e-04,  1.00628e+01
  2.692701600000e-04,  1.00251e+01
  2.697909925000e-04,  1.00126e+01
  2.703118250000e-04,  1.00251e+01
  2.708326575000e-04,  1.00628e+01
  2.713534900000e-04,  1.00251e+01
  2.718743225000e-04,  1.00754e+01
  2.723951550000e-04,  1.00377e+01
  2.729159875000e-04,  1.00628e+01
  2.734368200000e-04,  1.00754e+01
  2.739576525000e-04,  1.00377e+01
  2.744784850000e-04,  1.00879e+01
  2.749993175000e-04,  1.00628e+01
  2.755201500000e-04,  1.00628e+01
  2.760409825000e-04,  1.00879e+01
  2.765618150000e-04,  1.00503e+01
  2.770826475000e-04,  1.00503e+01
  2.776034800000e-04,  1.01131e+01
  2.781243125000e-04,  1.00754e+01
  2.786451450000e-04,  1.01131e+01
  2.791659775000e-04,  1.01382e+01
  2.796868100000e-04,  1.01131e+01
  2.802076425000e-04,  1.00879e+01
  2.807284750000e-04,  1.01131e+01
  2.812493075000e-04,  1.00628e+01
  2.817701400000e-04,  1.01256e+01
  2.822909725000e-04,  1.01256e+01
  2.828118050000e-04,  1.01256e+01
  2.833326375000e-04,  1.01633e+01
  2.838534700000e-04,  1.01382e+01
  2.843743025000e-04,  1.01005e+01
  2.848951350000e-04,  1.01256e+01
  2.854159675000e-04,  1.01759e+01
  2.859368000000e-04,  1.01256e+01
  2.864576325000e-04,  1.01759e+01
  2.869784650000e-04,  1.01131e+01
  2.874992975000e-04,  1.01382e+01
  2.880201300000e-04,  1.01759e+01
  2.885409625000e-04,  1.01508e+01
  2.890617950000e-04,  1.01759e+01
  2.895826275000e-04,  1.02010e+01
  2.901034600000e-04,  1.01633e+01
  2.906242925000e-04,  1.01508e+01
  2.911451250000e-04,  1.01508e+01
  2.916659575000e-04,  1.02010e+01
  2.921867900000e-04,  1.02010e+01
  2.927076225000e-04,  1.02136e+01
  2.932284550000e-04,  1.02010e+01
  2.937492875000e-04,  1.01884e+01
  2.942701200000e-04,  1.02010e+01
  2.947909525000e-04,  1.02010e+01
  2.953117850000e-04,  1.02010e+01
  2.958326175000e-04,  1.02261e+01
  2.963534500000e-04,  1.02387e+01
  2.968742825000e-04,  1.02513e+01
  2.973951150000e-04,  1.02261e+01
  2.979159475000e-04,  1.02513e+01
  2.984367800000e-04,  1.02513e+01
  2.989576125000e-04,  1.02136e+01
  2.994784450000e-04,  1.02513e+01
  2.999992775000e-04,  1.02513e+01
  3.005201100000e-04,  1.02513e+01
  3.010409425000e-04,  1.02261e+01
  3.015617750000e-04,  1.02136e+01
  3.020826075000e-04,  1.02513e+01
  3.026034400000e-04,  1.02387e+01
  3.031242725000e-04,  1.02387e+01
  3.036451050000e-04,  1.02513e+01
  3.041659375000e-04,  1.02387e+01
  3.046867700000e-04,  1.02889e+01
  3.052076025000e-04,  1.02638e+01
  3.057284350000e-04,  1.03266e+01
  3.062492675000e-04,  1.02387e+01
  3.067701000000e-04,  1.02764e+01
  3.072909325000e-04,  1.02513e+01
  3.078117650000e-04,  1.02889e+01
  3.083325975000e-04,  1.02513e+01
  3.088534300000e-04,  1.02513e+01
  3.093742625000e-04,  1.02764e+01
  3.098950950000e-04,  1.02889e+01
  3.104159275000e-04,  1.03015e+01
  3.109367600000e-04,  1.02889e+01
  3.114575925000e-04,  1.03141e+01
  3.119784250000e-04,  1.02764e+01
  3.124992575000e-04,  1.03141e+01
  3.130200900000e-04,  1.02764e+01
  3.135409225000e-04,  1.02889e+01
  3.140617550000e-04,  1.03015e+01
  3.145825875000e-04,  1.03518e+01
  3.151034200000e-04,  1.03015e+01
  3.156242525000e-04,  1.02387e+01
  3.161450850000e-04,  1.02889e+01
  3.166659175000e-04,  1.03392e+01
  3.171867500000e-04,  1.03141e+01
  3.177075825000e-04,  1.03392e+01
  3.182284150000e-04,  1.03266e+01
  3.187492475000e-04,  1.03141e+01
  3.192700800000e-04,  1.03769e+01
  3.197909125000e-04,  1.03266e+01
  3.203117450000e-04,  1.03141e+01
  3.208325775000e-04,  1.03141e+01
  3.213534100000e-04,  1.03141e+01
  3.218742425000e-04,  1.03518e+01
  3.223950750000e-04,  1.03392e+01
  3.229159075000e-04,  1.03266e+01
  3.234367400000e-04,  1.03518e+01
  3.239575725000e-04,  1.02764e+01
  3.244784050000e-04,  1.03266e+01
  3.249992375000e-04,  1.03518e+01
  3.255200700000e-04,  1.03015e+01
  3.260409025000e-04,  1.03643e+01
  3.265617350000e-04,  1.03769e+01
  3.270825675000e-04,  1.03643e+01
  3.276034000000e-04,  1.03643e+01
  3.281242325000e-04,  1.03266e+01
  3.286450650000e-04,  1.03518e+01
  3.291658975000e-04,  1.03894e+01
  3.296867300000e-04,  1.03643e+01
  3.302075625000e-04,  1.03518e+01
  3.307283950000e-04,  1.03643e+01
  3.312492275000e-04,  1.04020e+01
  3.317700600000e-04,  1.03894e+01
  3.322908925000e-04,  1.04020e+01
  3.328117250000e-04,  1.03894e+01
  3.333325575000e-04,  1.04271e+01
  3.338533900000e-04,  1.03769e+01
  3.343742225000e-04,  1.04020e+01
  3.348950550000e-04,  1.03769e+01
  3.354158875000e-04,  1.04397e+01
  3.359367200000e-04,  1.03769e+01
  3.364575525000e-04,  1.04523e+01
  3.369783850000e-04,  1.03769e+01
  3.374992175000e-04,  1.03643e+01
  3.380200500000e-04,  1.04397e+01
  3.385408825000e-04,  1.04146e+01
  3.390617150000e-04,  1.04523e+01
  3.395825475000e-04,  1.04146e+01
  3.401033800000e-04,  1.04020e+01
  3.406242125000e-04,  1.04648e+01
  3.411450450000e-04,  1.04146e+01
  3.416658775000e-04,  1.04146e+01
  3.421867100000e-04,  1.04271e+01
  3.427075425000e-04,  1.04397e+01
  3.432283750000e-04,  1.04271e+01
  3.437492075000e-04,  1.04271e+01
  3.442700400000e-04,  1.04020e+01
  3.447908725000e-04,  1.04271e+01
  3.453117050000e-04,  1.04397e+01
  3.458325375000e-04,  1.04523e+01
  3.463533700000e-04,  1.04397e+01
  3.468742025000e-04,  1.04523e+01
  3.473950350000e-04,  1.04648e+01
  3.479158675000e-04,  1.04648e+01
  3.484367000000e-04,  1.04397e+01
  3.489575325000e-04,  1.04397e+01
  3.494783650000e-04,  1.04523e+01
  3.499991975000e-04,  1.04523e+01
  3.505200300000e-04,  1.04523e+01
  3.510408625000e-04,  1.04900e+01
  3.515616950000e-04,  1.04523e+01
  3.520825275000e-04,  1.04648e+01
  3.526033600000e-04,  1.04648e+01
  3.531241925000e-04,  1.04774e+01
  3.536450250000e-04,  1.05025e+01
  3.541658575000e-04,  1.04648e+01
  3.546866900000e-04,  1.04523e+01
  3.552075225000e-04,  1.04774e+01
  3.557283550000e-04,  1.04774e+01
  3.562491875000e-04,  1.04774e+01
  3.567700200000e-04,  1.04900e+01
  3.572908525000e-04,  1.04523e+01
  3.578116850000e-04,  1.04648e+01
  3.583325175000e-04,  1.04648e+01
  3.588533500000e-04,  1.04523e+01
  3.593741825000e-04,  1.04648e+01
  3.598950150000e-04,  1.04900e+01
  3.604158475000e-04,  1.04900e+01
  3.609366800000e-04,  1.05025e+01
  3.614575125000e-04,  1.04774e+01
  3.619783450000e-04,  1.05025e+01
  3.624991775000e-04,  1.04774e+01
  3.630200100000e-04,  1.04900e+01
  3.635408425000e-04,  1.04900e+01
  3.640616750000e-04,  1.04900e+01
  3.645825075000e-04,  1.04774e+01
  3.651033400000e-04,  1.04774e+01
  3.656241725000e-04,  1.04900e+01
  3.661450050000e-04,  1.04774e+01
  3.666658375000e-04,  1.04774e+01
  3.671866700000e-04,  1.05276e+01
  3.677075025000e-04,  1.04900e+01
  3.682283350000e-04,  1.05402e+01
  3.687491675000e-04,  1.05276e+01
  3.692700000000e-04,  1.05025e+01
  3.697908325000e-04,  1.05151e+01
  3.703116650000e-04,  1.04900e+01
  3.708324975000e-04,  1.05276e+01
  3.713533300000e-04,  1.05402e+01
  3.718741625000e-04,  1.05528e+01
  3.723949950000e-04,  1.05402e+01
  3.729158275000e-04,  1.05528e+01
  3.734366600000e-04,  1.05528e+01
  3.739574925000e-04,  1.05402e+01
  3.744783250000e-04,  1.05151e+01
  3.749991575000e-04,  1.05276e+01
  3.755199900000e-04,  1.05276e+01
  3.760408225000e-04,  1.05151e+01
  3.765616550000e-04,  1.05276e+01
  3.770824875000e-04,  1.05653e+01
  3.776033200000e-04,  1.06030e+01
  3.781241525000e-04,  1.05276e+01
  3.786449850000e-04,  1.05528e+01
  3.791658175000e-04,  1.05653e+01
  3.796866500000e-04,  1.05276e+01
  3.802074825000e-04,  1.05528e+01
  3.807283150000e-04,  1.05402e+01
  3.812491475000e-04,  1.06030e+01
  3.817699800000e-04,  1.05025e+01
  3.822908125000e-04,  1.05402e+01
  3.828116450000e-04,  1.05402e+01
  3.833324775000e-04,  1.05151e+01
  3.838533100000e-04,  1.05779e+01
  3.843741425000e-04,  1.05779e+01
  3.848949750000e-04,  1.05402e+01
  3.854158075000e-04,  1.05025e+01
  3.859366400000e-04,  1.05402e+01
  3.864574725000e-04,  1.05151e+01
  3.869783050000e-04,  1.05653e+01
  3.874991375000e-04,  1.06030e+01
  3.880199700000e-04,  1.05151e+01
  3.885408025000e-04,  1.05402e+01
  3.890616350000e-04,  1.05528e+01
  3.895824675000e-04,  1.05779e+01
  3.901033000000e-04,  1.05779e+01
  3.906241325000e-04,  1.05653e+01
  3.911449650000e-04,  1.05779e+01
  3.916657975000e-04,  1.05402e+01
  3.921866300000e-04,  1.05653e+01
  3.927074625000e-04,  1.06156e+01
  3.932282950000e-04,  1.05779e+01
  3.937491275000e-04,  1.05905e+01
  3.942699600000e-04,  1.06030e+01
  3.947907925000e-04,  1.05905e+01
  3.953116250000e-04,  1.05905e+01
  3.958324575000e-04,  1.05528e+01
  3.963532900000e-04,  1.05779e+01
  3.968741225000e-04,  1.05905e+01
  3.973949550000e-04,  1.05653e+01
  3.979157875000e-04,  1.06281e+01
  3.984366200000e-04,  1.06281e+01
  3.989574525000e-04,  1.06156e+01
  3.994782850000e-04,  1.06407e+01
  3.999991175000e-04,  1.06030e+01
  4.005199500000e-04,  1.06407e+01
  4.010407825000e-04,  1.05905e+01
  4.015616150000e-04,  1.06030e+01
  4.020824475000e-04,  1.06533e+01
  4.026032800000e-04,  1.05779e+01
  4.031241125000e-04,  1.06030e+01
  4.036449450000e-04,  1.06281e+01
  4.041657775000e-04,  1.05653e+01
  4.046866100000e-04,  1.06156e+01
  4.052074425000e-04,  1.06156e+01
  4.057282750000e-04,  1.06281e+01
  4.062491075000e-04,  1.06030e+01
  4.067699400000e-04,  1.06156e+01
  4.072907725000e-04,  1.06156e+01
  4.078116050000e-04,  1.06030e+01
  4.083324375000e-04,  1.06281e+01
  4.088532700000e-04,  1.06407e+01
  4.093741025000e-04,  1.06407e+01
  4.098949350000e-04,  1.06156e+01
  4.104157675000e-04,  1.06407e+01
  4.109366000000e-04,  1.06156e+01
  4.114574325000e-04,  1.06156e+01
  4.119782650000e-04,  1.06281e+01
  4.124990975000e-04,  1.06156e+01
  4.130199300000e-04,  1.06281e+01
  4.135407625000e-04,  1.06030e+01
  4.140615950000e-04,  1.06281e+01
  4.145824275000e-04,  1.06658e+01
  4.151032600000e-04,  1.06533e+01
  4.156240925000e-04,  1.06281e+01
  4.161449250000e-04,  1.06533e+01
  4.166657575000e-04,  1.06533e+01
  4.171865900000e-04,  1.06533e+01
  4.177074225000e-04,  1.06281e+01
  4.182282550000e-04,  1.06407e+01
  4.187490875000e-04,  1.06156e+01
  4.192699200000e-04,  1.06281e+01
  4.197907525000e-04,  1.06658e+01
  4.203115850000e-04,  1.06281e+01
  4.208324175000e-04,  1.06658e+01
  4.213532500000e-04,  1.06407e+01
  4.218740825000e-04,  1.06658e+01
  4.223949150000e-04,  1.06784e+01
  4.229157475000e-04,  1.06658e+01
  4.234365800000e-04,  1.06407e+01
  4.239574125000e-04,  1.06533e+01
  4.244782450000e-04,  1.06658e+01
  4.249990775000e-04,  1.06156e+01
  4.255199100000e-04,  1.06407e+01
  4.260407425000e-04,  1.06784e+01
  4.265615750000e-04,  1.06533e+01
  4.270824075000e-04,  1.06658e+01
  4.276032400000e-04,  1.06533e+01
  4.281240725000e-04,  1.06784e+01
  4.286449050000e-04,  1.06533e+01
  4.291657375000e-04,  1.06533e+01
  4.296865700000e-04,  1.06784e+01
  4.302074025000e-04,  1.06658e+01
  4.307282350000e-04,  1.06533e+01
  4.312490675000e-04,  1.06910e+01
  4.317699000000e-04,  1.06533e+01
  4.322907325000e-04,  1.06910e+01
  4.328115650000e-04,  1.06658e+01
  4.333323975000e-04,  1.06658e+01
  4.338532300000e-04,  1.06784e+01
  4.343740625000e-04,  1.06533e+01
  4.348948950000e-04,  1.06784e+01
  4.354157275000e-04,  1.07161e+01
  4.359365600000e-04,  1.06533e+01
  4.364573925000e-04,  1.07161e+01
  4.369782250000e-04,  1.06784e+01
  4.374990575000e-04,  1.06658e+01
  4.380198900000e-04,  1.06281e+01
  4.385407225000e-04,  1.06658e+01
  4.390615550000e-04,  1.06658e+01
  4.395823875000e-04,  1.06784e+01
  4.401032200000e-04,  1.06784e+01
  4.406240525000e-04,  1.06784e+01
  4.411448850000e-04,  1.07035e+01
  4.416657175000e-04,  1.07035e+01
  4.421865500000e-04,  1.07035e+01
  4.427073825000e-04,  1.06533e+01
  4.432282150000e-04,  1.06784e+01
  4.437490475000e-04,  1.07035e+01
  4.442698800000e-04,  1.06533e+01
  4.447907125000e-04,  1.07035e+01
  4.453115450000e-04,  1.07161e+01
  4.458323775000e-04,  1.06910e+01
  4.463532100000e-04,  1.06784e+01
  4.468740425000e-04,  1.07035e+01
  4.473948750000e-04,  1.06910e+01
  4.479157075000e-04,  1.07035e+01
  4.484365400000e-04,  1.06658e+01
  4.489573725000e-04,  1.06910e+01
  4.494782050000e-04,  1.07035e+01
  4.499990375000e-04,  1.06784e+01
  4.505198700000e-04,  1.06533e+01
  4.510407025000e-04,  1.07286e+01
  4.515615350000e-04,  1.06784e+01
  4.520823675000e-04,  1.07161e+01
  4.526032000000e-04,  1.06784e+01
  4.531240325000e-04,  1.07035e+01
  4.536448650000e-04,  1.06784e+01
  4.541656975000e-04,  1.06910e+01
  4.546865300000e-04,  1.06658e+01
  4.552073625000e-04,  1.06784e+01
  4.557281950000e-04,  1.07286e+01
  4.562490275000e-04,  1.07035e+01
  4.567698600000e-04,  1.07161e+01
  4.572906925000e-04,  1.06910e+01
  4.578115250000e-04,  1.07286e+01
  4.583323575000e-04,  1.07161e+01
  4.588531900000e-04,  1.07035e+01
  4.593740225000e-04,  1.07286e+01
  4.598948550000e-04,  1.07161e+01
  4.604156875000e-04,  1.07286e+01
  4.609365200000e-04,  1.07663e+01
  4.614573525000e-04,  1.07161e+01
  4.619781850000e-04,  1.07035e+01
  4.624990175000e-04,  1.07538e+01
  4.630198500000e-04,  1.07538e+01
  4.635406825000e-04,  1.06658e+01
  4.640615150000e-04,  1.07663e+01
  4.645823475000e-04,  1.07286e+01
  4.651031800000e-04,  1.07412e+01
  4.656240125000e-04,  1.07286e+01
  4.661448450000e-04,  1.06910e+01
  4.666656775000e-04,  1.07286e+01
  4.671865100000e-04,  1.07286e+01
  4.677073425000e-04,  1.07538e+01
  4.682281750000e-04,  1.07035e+01
  4.687490075000e-04,  1.07538e+01
  4.692698400000e-04,  1.07035e+01
  4.697906725000e-04,  1.07286e+01
  4.703115050000e-04,  1.07161e+01
  4.708323375000e-04,  1.07286e+01
  4.713531700000e-04,  1.06910e+01
  4.718740025000e-04,  1.07663e+01
  4.723948350000e-04,  1.07412e+01
  4.729156675000e-04,  1.07538e+01
  4.734365000000e-04,  1.07663e+01
  4.739573325000e-04,  1.07286e+01
  4.744781650000e-04,  1.07412e+01
  4.749989975000e-04,  1.07412e+01
  4.755198300000e-04,  1.07663e+01
  4.760406625000e-04,  1.07412e+01
  4.765614950000e-04,  1.07663e+01
  4.770823275000e-04,  1.07412e+01
  4.776031600000e-04,  1.06784e+01
  4.781239925000e-04,  1.07286e+01
  4.786448250000e-04,  1.07538e+01
  4.791656575000e-04,  1.06910e+01
  4.796864900000e-04,  1.07412e+01
  4.802073225000e-04,  1.07663e+01
  4.807281550000e-04,  1.07035e+01
  4.812489875000e-04,  1.07412e+01
  4.817698200000e-04,  1.07538e+01
  4.822906525000e-04,  1.07538e+01
  4.828114850000e-04,  1.07412e+01
  4.833323175000e-04,  1.07538e+01
  4.838531500000e-04,  1.07538e+01
  4.843739825000e-04,  1.07663e+01
  4.848948150000e-04,  1.07789e+01
  4.854156475000e-04,  1.07663e+01
  4.859364800000e-04,  1.07412e+01
  4.864573125000e-04,  1.07663e+01
  4.869781450000e-04,  1.07663e+01
  4.874989775000e-04,  1.07538e+01
  4.880198100000e-04,  1.07915e+01
  4.885406425000e-04,  1.07663e+01
  4.890614750000e-04,  1.07663e+01
  4.895823075000e-04,  1.07789e+01
  4.901031400000e-04,  1.07412e+01
  4.906239725000e-04,  1.07161e+01
  4.911448050000e-04,  1.07412e+01
  4.916656375000e-04,  1.07538e+01
  4.921864700000e-04,  1.07538e+01
  4.927073025000e-04,  1.07538e+01
  4.932281350000e-04,  1.08040e+01
  4.937489675000e-04,  1.07538e+01
  4.942698000000e-04,  1.07412e+01
  4.947906325000e-04,  1.07663e+01
  4.953114650000e-04,  1.07789e+01
  4.958322975000e-04,  1.07663e+01
  4.963531300000e-04,  1.07286e+01
  4.968739625000e-04,  1.07915e+01
  4.973947950000e-04,  1.07286e+01
  4.979156275000e-04,  1.08040e+01
  4.984364600000e-04,  1.07412e+01
  4.989572925000e-04,  1.07412e+01
  4.994781250000e-04,  1.07915e+01
  4.999989575000e-04,  1.07915e+01
  5.005197900000e-04,  1.07789e+01
  5.010406225000e-04,  1.07789e+01
  5.015614550000e-04,  1.07915e+01
  5.020822875000e-04,  1.07663e+01
  5.026031200000e-04,  1.07538e+01
  5.031239525000e-04,  1.08040e+01
  5.036447850000e-04,  1.08040e+01
  5.041656175000e-04,  1.07286e+01
  5.046864500000e-04,  1.07286e+01
  5.052072825000e-04,  1.07663e+01
  5.057281150000e-04,  1.07035e+01
  5.062489475000e-04,  1.07789e+01
  5.067697800000e-04,  1.07538e+01
  5.072906125000e-04,  1.07789e+01
  5.078114450000e-04,  1.07915e+01
  5.083322775000e-04,  1.07789e+01
  5.088531100000e-04,  1.07915e+01
  5.093739425000e-04,  1.07915e+01
  5.098947750000e-04,  1.07412e+01
  5.104156075000e-04,  1.07789e+01
  5.109364400000e-04,  1.07663e+01
  5.114572725000e-04,  1.07286e+01
  5.119781050000e-04,  1.07663e+01
  5.124989375000e-04,  1.07663e+01
  5.130197700000e-04,  1.07789e+01
  5.135406025000e-04,  1.07538e+01
  5.140614350000e-04,  1.07538e+01
  5.145822675000e-04,  1.08040e+01
  5.151031000000e-04,  1.07915e+01
  5.156239325000e-04,  1.07663e+01
  5.161447650000e-04,  1.07663e+01
  5.166655975000e-04,  1.07538e+01
  5.171864300000e-04,  1.07663e+01
  5.177072625000e-04,  1.07789e+01
  5.182280950000e-04,  1.08040e+01
  5.187489275000e-04,  1.07663e+01
  5.192697600000e-04,  1.07538e+01
  5.197905925000e-04,  1.07538e+01
  5.203114250000e-04,  1.07663e+01
  5.208322575000e-04,  1.07538e+01
  5.213530900000e-04,  1.08040e+01
  5.218739225000e-04,  1.07915e+01
  5.223947550000e-04,  1.08040e+01
  5.229155875000e-04,  1.08040e+01
  5.234364200000e-04,  1.07789e+01
  5.239572525000e-04,  1.07915e+01
  5.244780850000e-04,  1.07915e+01
  5.249989175000e-04,  1.07789e+01
  5.255197500000e-04,  1.07915e+01
  5.260405825000e-04,  1.07915e+01
  5.265614150000e-04,  1.07663e+01
  5.270822475000e-04,  1.07663e+01
  5.276030800000e-04,  1.08040e+01
  5.281239125000e-04,  1.07789e+01
  5.286447450000e-04,  1.08040e+01
  5.291655775000e-04,  1.07915e+01
  5.296864100000e-04,  1.08543e+01
  5.302072425000e-04,  1.08166e+01
  5.307280750000e-04,  1.08166e+01
  5.312489075000e-04,  1.07663e+01
  5.317697400000e-04,  1.07538e+01
  5.322905725000e-04,  1.07412e+01
  5.328114050000e-04,  1.07789e+01
  5.333322375000e-04,  1.07915e+01
  5.338530700000e-04,  1.07663e+01
  5.343739025000e-04,  1.08166e+01
  5.348947350000e-04,  1.07538e+01
  5.354155675000e-04,  1.08166e+01
  5.359364000000e-04,  1.07663e+01
  5.364572325000e-04,  1.07915e+01
  5.369780650000e-04,  1.08040e+01
  5.374988975000e-04,  1.07663e+01
  5.380197300000e-04,  1.07915e+01
  5.385405625000e-04,  1.08166e+01
  5.390613950000e-04,  1.08040e+01
  5.395822275000e-04,  1.07663e+01
  5.401030600000e-04,  1.08291e+01
  5.406238925000e-04,  1.08040e+01
  5.411447250000e-04,  1.07663e+01
  5.416655575000e-04,  1.07538e+01
  5.421863900000e-04,  1.08040e+01
  5.427072225000e-04,  1.07538e+01
  5.432280550000e-04,  1.07915e+01
  5.437488875000e-04,  1.08166e+01
  5.442697200000e-04,  1.08040e+01
  5.447905525000e-04,  1.07915e+01
  5.453113850000e-04,  1.08166e+01
  5.458322175000e-04,  1.08040e+01
  5.463530500000e-04,  1.08166e+01
  5.468738825000e-04,  1.08040e+01
  5.473947150000e-04,  1.08040e+01
  5.479155475000e-04,  1.08166e+01
  5.484363800000e-04,  1.08291e+01
  5.489572125000e-04,  1.07915e+01
  5.494780450000e-04,  1.07663e+01
  5.499988775000e-04,  1.07789e+01
  5.505197100000e-04,  1.07915e+01
  5.510405425000e-04,  1.08040e+01
  5.515613750000e-04,  1.08291e+01
  5.520822075000e-04,  1.08166e+01
  5.526030400000e-04,  1.08166e+01
  5.531238725000e-04,  1.07915e+01
  5.536447050000e-04,  1.08040e+01
  5.541655375000e-04,  1.07915e+01
  5.546863700000e-04,  1.07789e+01
  5.552072025000e-04,  1.08291e+01
  5.557280350000e-04,  1.07915e+01
  5.562488675000e-04,  1.08417e+01
  5.567697000000e-04,  1.08166e+01
  5.572905325000e-04,  1.07915e+01
  5.578113650000e-04,  1.08291e+01
  5.583321975000e-04,  1.08291e+01
  5.588530300000e-04,  1.08040e+01
  5.593738625000e-04,  1.08417e+01
  5.598946950000e-04,  1.08417e+01
  5.604155275000e-04,  1.07915e+01
  5.609363600000e-04,  1.07915e+01
  5.614571925000e-04,  1.08291e+01
  5.619780250000e-04,  1.08291e+01
  5.624988575000e-04,  1.07915e+01
  5.630196900000e-04,  1.07789e+01
  5.635405225000e-04,  1.08417e+01
  5.640613550000e-04,  1.08417e+01
  5.645821875000e-04,  1.08291e+01
  5.651030200000e-04,  1.08543e+01
  5.656238525000e-04,  1.07789e+01
  5.661446850000e-04,  1.08417e+01
  5.666655175000e-04,  1.08417e+01
  5.671863500000e-04,  1.08417e+01
  5.677071825000e-04,  1.07915e+01
  5.682280150000e-04,  1.08166e+01
  5.687488475000e-04,  1.08543e+01
  5.692696800000e-04,  1.07915e+01
  5.697905125000e-04,  1.08166e+01
  5.703113450000e-04,  1.08040e+01
  5.708321775000e-04,  1.08040e+01
  5.713530100000e-04,  1.08166e+01
  5.718738425000e-04,  1.08417e+01
  5.723946750000e-04,  1.08291e+01
  5.729155075000e-04,  1.07915e+01
  5.734363400000e-04,  1.07915e+01
  5.739571725000e-04,  1.08291e+01
  5.744780050000e-04,  1.08417e+01
  5.749988375000e-04,  1.08040e+01
  5.755196700000e-04,  1.08166e+01
  5.760405025000e-04,  1.08543e+01
  5.765613350000e-04,  1.08291e+01
  5.770821675000e-04,  1.08291e+01
  5.776030000000e-04,  1.08166e+01
  5.781238325000e-04,  1.08291e+01
  5.786446650000e-04,  1.08166e+01
  5.791654975000e-04,  1.08291e+01
  5.796863300000e-04,  1.08040e+01
  5.802071625000e-04,  1.08291e+01
  5.807279950000e-04,  1.08040e+01
  5.812488275000e-04,  1.08291e+01
  5.817696600000e-04,  1.08417e+01
  5.822904925000e-04,  1.08291e+01
  5.828113250000e-04,  1.08040e+01
  5.833321575000e-04,  1.08166e+01
  5.838529900000e-04,  1.08166e+01
  5.843738225000e-04,  1.08166e+01
  5.848946550000e-04,  1.08040e+01
  5.854154875000e-04,  1.08291e+01
  5.859363200000e-04,  1.08166e+01
  5.864571525000e-04,  1.08166e+01
  5.869779850000e-04,  1.08291e+01
  5.874988175000e-04,  1.08040e+01
  5.880196500000e-04,  1.08040e+01
  5.885404825000e-04,  1.08166e+01
  5.890613150000e-04,  1.08543e+01
  5.895821475000e-04,  1.08040e+01
  5.901029800000e-04,  1.08040e+01
  5.906238125000e-04,  1.08417e+01
  5.911446450000e-04,  1.08543e+01
  5.916654775000e-04,  1.08040e+01
  5.921863100000e-04,  1.08291e+01
  5.927071425000e-04,  1.08668e+01
  5.932279750000e-04,  1.08166e+01
  5.937488075000e-04,  1.08668e+01
  5.942696400000e-04,  1.08291e+01
  5.947904725000e-04,  1.07789e+01
  5.953113050000e-04,  1.08166e+01
  5.958321375000e-04,  1.08543e+01
  5.963529700000e-04,  1.07915e+01
  5.968738025000e-04,  1.08291e+01
  5.973946350000e-04,  1.08291e+01
  5.979154675000e-04,  1.08291e+01
  5.984363000000e-04,  1.08040e+01
  5.989571325000e-04,  1.08417e+01
  5.994779650000e-04,  1.08543e+01
  5.999987975000e-04,  1.08291e+01
  6.005196300000e-04,  1.08291e+01
  6.010404625000e-04,  1.08291e+01
  6.015612950000e-04,  1.08417e+01
  6.020821275000e-04,  1.08166e+01
  6.026029600000e-04,  1.08166e+01
  6.031237925000e-04,  1.08291e+01
  6.036446250000e-04,  1.08291e+01
  6.041654575000e-04,  1.08291e+01
  6.046862900000e-04,  1.08668e+01
  6.052071225000e-04,  1.08291e+01
  6.057279550000e-04,  1.08417e+01
  6.062487875000e-04,  1.08543e+01
  6.067696200000e-04,  1.08291e+01
  6.072904525000e-04,  1.08543e+01
  6.078112850000e-04,  1.07915e+01
  6.083321175000e-04,  1.08291e+01
  6.088529500000e-04,  1.08417e+01
  6.093737825000e-04,  1.08794e+01
  6.098946150000e-04,  1.08417e+01
  6.104154475000e-04,  1.08166e+01
  6.109362800000e-04,  1.08417e+01
  6.114571125000e-04,  1.08417e+01
  6.119779450000e-04,  1.08543e+01
  6.124987775000e-04,  1.08417e+01
  6.130196100000e-04,  1.08040e+01
  6.135404425000e-04,  1.08291e+01
  6.140612750000e-04,  1.08543e+01
  6.145821075000e-04,  1.08417e+01
  6.151029400000e-04,  1.08543e+01
  6.156237725000e-04,  1.08543e+01
  6.161446050000e-04,  1.08291e+01
  6.166654375000e-04,  1.08417e+01
  6.171862700000e-04,  1.08166e+01
  6.177071025000e-04,  1.08166e+01
  6.182279350000e-04,  1.08417e+01
  6.187487675000e-04,  1.08291e+01
  6.192696000000e-04,  1.08166e+01
  6.197904325000e-04,  1.08291e+01
  6.203112650000e-04,  1.08543e+01
  6.208320975000e-04,  1.08040e+01
  6.213529300000e-04,  1.08417e+01
  6.218737625000e-04,  1.08166e+01
  6.223945950000e-04,  1.08291e+01
  6.229154275000e-04,  1.08543e+01
  6.234362600000e-04,  1.08291e+01
  6.239570925000e-04,  1.08417e+01
  6.244779250000e-04,  1.08668e+01
  6.249987575000e-04,  1.08040e+01
  6.255195900000e-04,  1.08166e+01
  6.260404225000e-04,  1.08291e+01
  6.265612550000e-04,  1.08543e+01
  6.270820875000e-04,  1.08543e+01
  6.276029200000e-04,  1.08543e+01
  6.281237525000e-04,  1.08291e+01
  6.286445850000e-04,  1.08291e+01
  6.291654175000e-04,  1.08543e+01
  6.296862500000e-04,  1.08166e+01
  6.302070825000e-04,  1.08166e+01
  6.307279150000e-04,  1.08543e+01
  6.312487475000e-04,  1.08417e+01
  6.317695800000e-04,  1.08417e+01
  6.322904125000e-04,  1.08668e+01
  6.328112450000e-04,  1.08543e+01
  6.333320775000e-04,  1.08291e+01
  6.338529100000e-04,  1.08291e+01
  6.343737425000e-04,  1.08417e+01
  6.348945750000e-04,  1.08291e+01
  6.354154075000e-04,  1.08417e+01
  6.359362400000e-04,  1.08291e+01
  6.364570725000e-04,  1.08543e+01
  6.369779050000e-04,  1.08291e+01
  6.374987375000e-04,  1.08417e+01
  6.380195700000e-04,  1.08417e+01
  6.385404025000e-04,  1.08543e+01
  6.390612350000e-04,  1.08794e+01
  6.395820675000e-04,  1.08668e+01
  6.401029000000e-04,  1.08417e+01
  6.406237325000e-04,  1.08543e+01
  6.411445650000e-04,  1.08543e+01
  6.416653975000e-04,  1.08543e+01
  6.421862300000e-04,  1.08166e+01
  6.427070625000e-04,  1.08166e+01
  6.432278950000e-04,  1.08794e+01
  6.437487275000e-04,  1.08166e+01
  6.442695600000e-04,  1.08166e+01
  6.447903925000e-04,  1.08291e+01
  6.453112250000e-04,  1.08040e+01
  6.458320575000e-04,  1.08417e+01
  6.463528900000e-04,  1.08166e+01
  6.468737225000e-04,  1.08040e+01
  6.473945550000e-04,  1.08291e+01
  6.479153875000e-04,  1.08543e+01
  6.484362200000e-04,  1.08417e+01
  6.489570525000e-04,  1.08668e+01
  6.494778850000e-04,  1.08291e+01
  6.499987175000e-04,  1.08291e+01
  6.505195500000e-04,  1.08543e+01
  6.510403825000e-04,  1.08417e+01
  6.515612150000e-04,  1.08417e+01
  6.520820475000e-04,  1.08417e+01
  6.526028800000e-04,  1.08166e+01
  6.531237125000e-04,  1.08417e+01
  6.536445450000e-04,  1.08543e+01
  6.541653775000e-04,  1.08668e+01
  6.546862100000e-04,  1.07789e+01
  6.552070425000e-04,  1.08291e+01
  6.557278750000e-04,  1.08543e+01
  6.562487075000e-04,  1.08417e+01
  6.567695400000e-04,  1.08417e+01
  6.572903725000e-04,  1.08543e+01
  6.578112050000e-04,  1.08291e+01
  6.583320375000e-04,  1.08543e+01
  6.588528700000e-04,  1.08543e+01
  6.593737025000e-04,  1.08543e+01
  6.598945350000e-04,  1.08291e+01
  6.604153675000e-04,  1.08668e+01
  6.609362000000e-04,  1.08417e+01
  6.614570325000e-04,  1.08668e+01
  6.619778650000e-04,  1.08794e+01
  6.624986975000e-04,  1.08417e+01
  6.630195300000e-04,  1.08417e+01
  6.635403625000e-04,  1.08543e+01
  6.640611950000e-04,  1.08291e+01
  6.645820275000e-04,  1.08291e+01
  6.651028600000e-04,  1.08668e+01
  6.656236925000e-04,  1.08291e+01
  6.661445250000e-04,  1.08668e+01
  6.666653575000e-04,  1.08668e+01
  6.671861900000e-04,  1.08668e+01
  6.677070225000e-04,  1.08668e+01
  6.682278550000e-04,  1.08417e+01
  6.687486875000e-04,  1.08668e+01
  6.692695200000e-04,  1.08668e+01
  6.697903525000e-04,  1.08291e+01
  6.703111850000e-04,  1.08543e+01
  6.708320175000e-04,  1.08417e+01
  6.713528500000e-04,  1.08668e+01
  6.718736825000e-04,  1.08417e+01
  6.723945150000e-04,  1.08417e+01
  6.729153475000e-04,  1.08417e+01
  6.734361800000e-04,  1.08543e+01
  6.739570125000e-04,  1.08668e+01
  6.744778450000e-04,  1.08166e+01
  6.749986775000e-04,  1.08417e+01
  6.755195100000e-04,  1.08291e+01
  6.760403425000e-04,  1.08291e+01
  6.765611750000e-04,  1.08668e+01
  6.770820075000e-04,  1.08417e+01
  6.776028400000e-04,  1.08543e+01
  6.781236725000e-04,  1.08417e+01
  6.786445050000e-04,  1.08543e+01
  6.791653375000e-04,  1.08291e+01
  6.796861700000e-04,  1.08417e+01
  6.802070025000e-04,  1.08543e+01
  6.807278350000e-04,  1.08417e+01
  6.812486675000e-04,  1.08417e+01
  6.817695000000e-04,  1.08417e+01
  6.822903325000e-04,  1.08291e+01
  6.828111650000e-04,  1.08291e+01
  6.833319975000e-04,  1.08291e+01
  6.838528300000e-04,  1.08417e+01
  6.843736625000e-04,  1.08291e+01
  6.848944950000e-04,  1.09171e+01
  6.854153275000e-04,  1.08543e+01
  6.859361600000e-04,  1.08543e+01
  6.864569925000e-04,  1.08291e+01
  6.869778250000e-04,  1.08543e+01
  6.874986575000e-04,  1.08417e+01
  6.880194900000e-04,  1.08543e+01
  6.885403225000e-04,  1.09171e+01
  6.890611550000e-04,  1.08794e+01
  6.895819875000e-04,  1.08794e+01
  6.901028200000e-04,  1.08543e+01
  6.906236525000e-04,  1.08543e+01
  6.911444850000e-04,  1.08543e+01
  6.916653175000e-04,  1.08291e+01
  6.921861500000e-04,  1.08794e+01
  6.927069825000e-04,  1.08543e+01
  6.932278150000e-04,  1.08417e+01
  6.937486475000e-04,  1.08543e+01
  6.942694800000e-04,  1.08794e+01
  6.947903125000e-04,  1.08543e+01
  6.953111450000e-04,  1.08668e+01
  6.958319775000e-04,  1.08668e+01
  6.963528100000e-04,  1.08668e+01
  6.968736425000e-04,  1.08668e+01
  6.973944750000e-04,  1.08543e+01
  6.979153075000e-04,  1.08417e+01
  6.984361400000e-04,  1.08668e+01
  6.989569725000e-04,  1.08417e+01
  6.994778050000e-04,  1.08543e+01
  6.999986375000e-04,  1.08668e+01
  7.005194700000e-04,  1.08794e+01
  7.010403025000e-04,  1.08543e+01
  7.015611350000e-04,  1.08291e+01
  7.020819675000e-04,  1.08920e+01
  7.026028000000e-04,  1.08291e+01
  7.031236325000e-04,  1.08543e+01
  7.036444650000e-04,  1.08417e+01
  7.041652975000e-04,  1.08543e+01
  7.046861300000e-04,  1.08543e+01
  7.052069625000e-04,  1.08291e+01
  7.057277950000e-04,  1.08166e+01
  7.062486275000e-04,  1.08543e+01
  7.067694600000e-04,  1.08291e+01
  7.072902925000e-04,  1.08543e+01
  7.078111250000e-04,  1.08543e+01
  7.083319575000e-04,  1.08920e+01
  7.088527900000e-04,  1.08543e+01
  7.093736225000e-04,  1.08668e+01
  7.098944550000e-04,  1.08668e+01
  7.104152875000e-04,  1.08668e+01
  7.109361200000e-04,  1.08291e+01
  7.114569525000e-04,  1.08417e+01
  7.119777850000e-04,  1.08166e+01
  7.124986175000e-04,  1.08668e+01
  7.130194500000e-04,  1.08417e+01
  7.135402825000e-04,  1.08668e+01
  7.140611150000e-04,  1.08543e+01
  7.145819475000e-04,  1.08543e+01
  7.151027800000e-04,  1.08166e+01
  7.156236125000e-04,  1.08668e+01
  7.161444450000e-04,  1.08668e+01
  7.166652775000e-04,  1.08794e+01
  7.171861100000e-04,  1.08920e+01
  7.177069425000e-04,  1.08543e+01
  7.182277750000e-04,  1.08417e+01
  7.187486075000e-04,  1.08291e+01
  7.192694400000e-04,  1.08668e+01
  7.197902725000e-04,  1.08668e+01
  7.203111050000e-04,  1.08668e+01
  7.208319375000e-04,  1.08543e+01
  7.213527700000e-04,  1.08543e+01
  7.218736025000e-04,  1.08668e+01
  7.223944350000e-04,  1.08668e+01
  7.229152675000e-04,  1.08668e+01
  7.234361000000e-04,  1.08291e+01
  7.239569325000e-04,  1.08417e+01
  7.244777650000e-04,  1.08794e+01
  7.249985975000e-04,  1.08543e+01
  7.255194300000e-04,  1.08417e+01
  7.260402625000e-04,  1.08668e+01
  7.265610950000e-04,  1.08668e+01
  7.270819275000e-04,  1.08543e+01
  7.276027600000e-04,  1.08794e+01
  7.281235925000e-04,  1.08794e+01
  7.286444250000e-04,  1.08291e+01
  7.291652575000e-04,  1.08417e+01
  7.296860900000e-04,  1.08291e+01
  7.302069225000e-04,  1.08920e+01
  7.307277550000e-04,  1.08417e+01
  7.312485875000e-04,  1.08668e+01
  7.317694200000e-04,  1.08794e+01
  7.322902525000e-04,  1.08291e+01
  7.328110850000e-04,  1.08668e+01
  7.333319175000e-04,  1.08543e+01
  7.338527500000e-04,  1.08166e+01
  7.343735825000e-04,  1.08417e+01
  7.348944150000e-04,  1.08543e+01
  7.354152475000e-04,  1.08668e+01
  7.359360800000e-04,  1.08920e+01
  7.364569125000e-04,  1.08668e+01
  7.369777450000e-04,  1.08794e+01
  7.374985775000e-04,  1.08668e+01
  7.380194100000e-04,  1.08417e+01
  7.385402425000e-04,  1.09045e+01
  7.390610750000e-04,  1.08543e+01
  7.395819075000e-04,  1.08668e+01
  7.401027400000e-04,  1.08794e+01
  7.406235725000e-04,  1.08794e+01
  7.411444050000e-04,  1.08543e+01
  7.416652375000e-04,  1.08040e+01
  7.421860700000e-04,  1.08668e+01
  7.427069025000e-04,  1.08417e+01
  7.432277350000e-04,  1.08543e+01
  7.437485675000e-04,  1.08668e+01
  7.442694000000e-04,  1.08417e+01
  7.447902325000e-04,  1.08668e+01
  7.453110650000e-04,  1.08668e+01
  7.458318975000e-04,  1.08291e+01
  7.463527300000e-04,  1.08291e+01
  7.468735625000e-04,  1.08668e+01
  7.473943950000e-04,  1.08543e+01
  7.479152275000e-04,  1.08417e+01
  7.484360600000e-04,  1.08543e+01
  7.489568925000e-04,  1.08291e+01
  7.494777250000e-04,  1.08668e+01
  7.499985575000e-04,  1.08417e+01
  7.505193900000e-04,  1.08794e+01
  7.510402225000e-04,  1.08291e+01
  7.515610550000e-04,  1.09171e+01
  7.520818875000e-04,  1.08417e+01
  7.526027200000e-04,  1.08417e+01
  7.531235525000e-04,  1.08543e+01
  7.536443850000e-04,  1.08794e+01
  7.541652175000e-04,  1.08668e+01
  7.546860500000e-04,  1.08543e+01
  7.552068825000e-04,  1.08920e+01
  7.557277150000e-04,  1.08668e+01
  7.562485475000e-04,  1.08668e+01
  7.567693800000e-04,  1.08543e+01
  7.572902125000e-04,  1.08668e+01
  7.578110450000e-04,  1.08291e+01
  7.583318775000e-04,  1.08543e+01
  7.588527100000e-04,  1.08920e+01
  7.593735425000e-04,  1.08417e+01
  7.598943750000e-04,  1.08794e+01
  7.604152075000e-04,  1.08920e+01
  7.609360400000e-04,  1.08417e+01
  7.614568725000e-04,  1.08668e+01
  7.619777050000e-04,  1.08794e+01
  7.624985375000e-04,  1.08417e+01
  7.630193700000e-04,  1.08417e+01
  7.635402025000e-04,  1.08668e+01
  7.640610350000e-04,  1.08920e+01
  7.645818675000e-04,  1.08668e+01
  7.651027000000e-04,  1.08794e+01
  7.656235325000e-04,  1.08668e+01
  7.661443650000e-04,  1.08543e+01
  7.666651975000e-04,  1.08668e+01
  7.671860300000e-04,  1.08920e+01
  7.677068625000e-04,  1.08417e+01
  7.682276950000e-04,  1.08543e+01
  7.687485275000e-04,  1.08543e+01
  7.692693600000e-04,  1.08794e+01
  7.697901925000e-04,  1.08417e+01
  7.703110250000e-04,  1.08543e+01
  7.708318575000e-04,  1.08543e+01
  7.713526900000e-04,  1.08543e+01
  7.718735225000e-04,  1.09296e+01
  7.723943550000e-04,  1.08920e+01
  7.729151875000e-04,  1.08668e+01
  7.734360200000e-04,  1.08543e+01
  7.739568525000e-04,  1.08668e+01
  7.744776850000e-04,  1.08794e+01
  7.749985175000e-04,  1.08668e+01
  7.755193500000e-04,  1.08668e+01
  7.760401825000e-04,  1.08417e+01
  7.765610150000e-04,  1.08794e+01
  7.770818475000e-04,  1.08794e+01
  7.776026800000e-04,  1.08291e+01
  7.781235125000e-04,  1.08417e+01
  7.786443450000e-04,  1.08668e+01
  7.791651775000e-04,  1.08543e+01
  7.796860100000e-04,  1.08668e+01
  7.802068425000e-04,  1.08291e+01
  7.807276750000e-04,  1.07035e+01
  7.812485075000e-04,  1.06156e+01
  7.817693400000e-04,  1.05025e+01
  7.822901725000e-04,  1.03769e+01
  7.828110050000e-04,  1.02638e+01
  7.833318375000e-04,  1.01382e+01
  7.838526700000e-04,  1.00628e+01
  7.843735025000e-04,  9.96231e+00
  7.848943350000e-04,  9.81156e+00
  7.854151675000e-04,  9.69849e+00
  7.859360000000e-04,  9.62312e+00
  7.864568325000e-04,  9.51005e+00
  7.869776650000e-04,  9.43467e+00
  7.874984975000e-04,  9.32161e+00
  7.880193300000e-04,  9.19598e+00
  7.885401625000e-04,  9.10804e+00
  7.890609950000e-04,  8.99498e+00
  7.895818275000e-04,  8.84422e+00
  7.901026600000e-04,  8.78141e+00
  7.906234925000e-04,  8.65578e+00
  7.911443250000e-04,  8.54271e+00
  7.916651575000e-04,  8.45477e+00
  7.921859900000e-04,  8.32915e+00
  7.927068225000e-04,  8.21608e+00
  7.932276550000e-04,  8.15327e+00
  7.937484875000e-04,  8.04020e+00
  7.942693200000e-04,  7.93970e+00
  7.947901525000e-04,  7.85176e+00
  7.953109850000e-04,  7.72613e+00
  7.958318175000e-04,  7.63819e+00
  7.963526500000e-04,  7.56281e+00
  7.968734825000e-04,  7.46231e+00
  7.973943150000e-04,  7.37437e+00
  7.979151475000e-04,  7.22362e+00
  7.984359800000e-04,  7.16080e+00
  7.989568125000e-04,  7.08543e+00
  7.994776450000e-04,  6.99749e+00
  7.999984775000e-04,  6.87186e+00
  8.005193100000e-04,  6.78392e+00
  8.010401425000e-04,  6.68342e+00
  8.015609750000e-04,  6.59548e+00
  8.020818075000e-04,  6.52010e+00
  8.026026400000e-04,  6.41960e+00
  8.031234725000e-04,  6.33166e+00
  8.036443050000e-04,  6.28141e+00
  8.041651375000e-04,  6.16834e+00
  8.046859700000e-04,  6.09296e+00
  8.052068025000e-04,  5.92965e+00
  8.057276350000e-04,  5.91709e+00
  8.062484675000e-04,  5.80402e+00
  8.067693000000e-04,  5.69095e+00
  8.072901325000e-04,  5.60301e+00
  8.078109650000e-04,  5.55276e+00
  8.083317975000e-04,  5.42714e+00
  8.088526300000e-04,  5.37688e+00
  8.093734625000e-04,  5.31407e+00
  8.098942950000e-04,  5.17588e+00
  8.104151275000e-04,  5.08794e+00
  8.109359600000e-04,  5.01256e+00
  8.114567925000e-04,  4.92462e+00
  8.119776250000e-04,  4.86181e+00
  8.124984575000e-04,  4.79900e+00
  8.130192900000e-04,  4.64824e+00
  8.135401225000e-04,  4.61055e+00
  8.140609550000e-04,  4.47236e+00
  8.145817875000e-04,  4.42211e+00
  8.151026200000e-04,  4.34673e+00
  8.156234525000e-04,  4.27136e+00
  8.161442850000e-04,  4.14573e+00
  8.166651175000e-04,  4.07035e+00
  8.171859500000e-04,  3.99497e+00
  8.177067825000e-04,  3.94472e+00
  8.182276150000e-04,  3.83166e+00
  8.187484475000e-04,  3.79397e+00
  8.192692800000e-04,  3.69347e+00
  8.197901125000e-04,  3.61809e+00
  8.203109450000e-04,  3.53015e+00
  8.208317775000e-04,  3.46734e+00
  8.213526100000e-04,  3.40452e+00
  8.218734425000e-04,  3.29146e+00
  8.223942750000e-04,  3.24121e+00
  8.229151075000e-04,  3.10302e+00
  8.234359400000e-04,  3.06533e+00
  8.239567725000e-04,  3.01508e+00
  8.244776050000e-04,  2.96482e+00
  8.249984375000e-04,  2.86432e+00
  8.255192700000e-04,  2.76382e+00
  8.260401025000e-04,  2.66332e+00
  8.265609350000e-04,  2.61307e+00
  8.270817675000e-04,  2.57538e+00
  8.276026000000e-04,  2.50000e+00
  8.281234325000e-04,  2.41206e+00
  8.286442650000e-04,  2.34925e+00
  8.291650975000e-04,  2.26131e+00
  8.296859300000e-04,  2.17337e+00
  8.302067625000e-04,  2.17337e+00
  8.307275950000e-04,  2.03518e+00
  8.312484275000e-04,  1.98492e+00
  8.317692600000e-04,  1.93467e+00
  8.322900925000e-04,  1.87186e+00
  8.328109250000e-04,  1.75879e+00
  8.333317575000e-04,  1.70854e+00
  8.338525900000e-04,  1.62060e+00
  8.343734225000e-04,  1.58291e+00
  8.348942550000e-04,  1.46985e+00
  8.354150875000e-04,  1.45729e+00
  8.359359200000e-04,  1.38191e+00
  8.364567525000e-04,  1.31910e+00
  8.369775850000e-04,  1.24372e+00
  8.374984175000e-04,  1.20603e+00
  8.380192500000e-04,  1.09296e+00
  8.385400825000e-04,  1.04271e+00
  8.390609150000e-04,  9.79900e-01
  8.395817475000e-04,  9.29648e-01
  8.401025800000e-04,  8.66834e-01
  8.406234125000e-04,  8.29146e-01
  8.411442450000e-04,  7.41206e-01
  8.416650775000e-04,  6.65829e-01
  8.421859100000e-04,  6.15578e-01
  8.427067425000e-04,  6.03015e-01
  8.432275750000e-04,  5.27638e-01
  8.437484075000e-04,  4.39698e-01
  8.442692400000e-04,  4.14573e-01
  8.447900725000e-04,  3.26633e-01
  8.453109050000e-04,  2.76382e-01
  8.458317375000e-04,  2.26131e-01
  8.463525700000e-04,  1.25628e-01
  8.468734025000e-04,  8.79397e-02
  8.473942350000e-04,  5.02513e-02
  8.479150675000e-04, -2.51256e-02